#{"t_start": 1738173668.0426607, "env_id": "CustomHopperWithObstacles-source-v0"}
r,l,t
20.642788,34,0.550536
5.051637,11,0.560114
31.658064,25,0.581209
8.817539,14,0.593046
18.90914,25,0.613996
10.902268,11,0.623214
12.067453,18,0.638111
14.336689,15,0.650352
7.389561,9,0.657727
6.809472,10,0.665864
11.794898,13,0.676407
4.526901,20,0.692527
8.245168,20,0.708466
6.742461,12,0.718059
14.893202,23,0.73765
18.98558,21,0.755272
14.129933,14,0.767002
104.719206,57,0.814638
10.71775,30,0.839885
16.310852,35,0.870656
9.054463,16,0.88564
17.152213,19,0.903406
4.570057,9,0.911872
14.779386,19,0.929768
5.610422,35,0.961977
16.110724,16,0.976344
9.318794,14,0.988841
7.526645,13,1.000472
4.231839,7,1.006729
15.926286,30,1.033432
14.101681,15,1.046845
87.858657,47,1.088315
4.719057,13,1.099933
104.221267,59,1.150876
10.196074,12,1.160811
15.590065,17,1.175011
4.081573,7,1.18088
8.828884,14,1.192513
21.2796,33,1.220187
9.216127,15,1.232688
11.516002,16,1.246075
8.210428,15,1.25855
11.529002,14,1.270301
12.940095,17,1.284566
7.504124,10,1.292904
31.08321,29,1.317075
5.292594,10,1.325475
15.200569,18,1.340683
10.202995,19,1.356579
28.150607,36,1.387382
2.290315,26,1.411026
14.252686,15,1.424762
5.879003,12,1.434913
12.500506,21,1.452535
7.637046,14,1.464254
6.501947,13,1.475152
16.658776,18,1.490175
6.42294,9,1.497747
6.885661,14,1.509406
8.518727,12,1.519416
5.490285,12,1.529428
5.648077,10,1.537729
35.841356,32,1.564384
21.592357,23,1.583601
116.385255,63,1.635802
7.151334,10,1.644131
7.192238,11,1.653242
11.583603,16,1.666682
27.198311,43,1.70248
6.622068,9,1.709997
7.108378,12,1.719935
5.02536,21,1.738395
6.982672,10,1.746764
4.2799,23,1.765991
13.896474,16,1.779341
16.075843,18,1.794405
8.978196,14,1.806069
8.344035,11,1.815205
9.609811,33,1.842813
9.28708,12,1.85289
8.419895,13,1.863696
7.366837,25,1.884587
6.489156,14,1.896364
19.391387,22,1.914749
8.198568,13,1.925718
8.799154,25,1.946629
9.541365,18,1.961716
5.995419,8,1.968432
20.389221,20,1.985081
4.333029,9,1.992674
7.423401,10,2.001115
6.317549,10,2.009537
9.549174,15,2.022069
22.677517,24,2.042125
9.088578,12,2.052175
6.734537,11,2.061686
9.302643,20,2.07847
8.644172,11,2.087607
5.902693,17,2.101812
5.570126,10,2.1102
16.560055,16,2.123624
11.985325,19,2.139485
16.001083,16,2.152864
8.184231,14,2.164817
4.085482,10,2.17324
4.890621,8,2.179948
12.548943,28,2.203298
13.857922,19,2.219083
10.516583,17,2.23349
2.620386,12,2.243601
11.290108,13,2.254503
96.329836,92,2.325406
84.433746,84,2.373645
106.304437,100,2.43101
112.776129,104,2.490407
113.714618,106,2.549577
127.344005,114,2.611247
115.71791,107,2.669802
119.268868,109,2.728323
128.073306,114,2.786111
97.46652,94,2.833845
135.496621,119,2.894099
129.835522,117,2.953386
134.276415,119,3.013677
107.051897,102,3.065274
109.748988,103,3.117988
130.851274,118,3.177768
133.283512,118,3.237508
122.21548,111,3.2936
125.684314,114,3.351487
173.683656,143,3.427419
108.792233,104,3.482711
91.993484,92,3.529341
132.221509,120,3.590252
321.716825,200,3.691352
216.751004,164,3.774363
134.169076,124,3.837189
111.63245,107,3.891453
157.40932,138,3.96171
121.207807,116,4.020547
187.070209,153,4.09809
108.138964,104,4.150854
267.072896,177,4.240536
172.869847,144,4.313415
354.623278,232,4.430733
283.003003,185,4.524584
263.525068,177,4.614106
287.586036,188,4.709542
262.122398,182,4.802059
350.877859,227,4.916936
325.540205,212,5.026504
328.027699,208,5.134097
155.479661,139,5.205977
264.337504,186,5.302316
306.293702,204,5.407844
330.823982,212,5.517521
239.719136,166,5.605327
327.32492,215,5.721106
354.945657,226,5.841899
292.958746,197,5.949207
270.208088,178,6.046188
12.884713,16,7.002738
10.308262,12,7.013128
64.898196,41,7.047686
101.564978,58,7.102376
63.560111,43,7.138647
9.179806,18,7.153881
8.191388,12,7.16401
15.068931,23,7.183505
12.705455,14,7.195215
8.683445,17,7.209539
60.445199,49,7.250873
9.299434,16,7.26498
4.743908,8,7.272134
33.237057,33,7.301401
8.544679,11,7.311122
7.263505,13,7.3225
52.635803,54,7.367866
8.645192,20,7.384819
66.754929,45,7.422722
4.357769,13,7.433848
11.512836,14,7.445652
15.404603,38,7.477661
14.487275,27,7.50041
5.528369,14,7.512323
10.830292,12,7.522414
19.072785,32,7.549499
12.957785,19,7.565605
6.762724,22,7.584166
13.237037,16,7.59783
8.97744,25,7.619102
18.46566,18,7.63453
18.582338,17,7.649579
53.342952,40,7.68424
11.125115,13,7.69549
6.832922,15,7.708671
15.915288,19,7.725444
16.526593,23,7.745467
15.871296,30,7.771762
16.035962,19,7.788388
18.071316,29,7.813834
6.619022,13,7.825339
61.887139,42,7.861897
14.869618,20,7.879468
13.743833,15,7.892704
8.641495,12,7.903265
9.300651,20,7.921018
7.882449,12,7.931527
91.771304,48,7.973044
6.84101,10,7.981708
29.274259,29,8.007191
71.481634,57,8.056989
17.086234,17,8.072367
18.966019,30,8.098433
4.729373,11,8.108094
16.841729,25,8.129877
52.980312,45,8.1688
75.075412,49,8.215036
77.89215,48,8.266134
42.143617,42,8.305604
13.860423,17,8.321718
26.734976,24,8.34583
11.349642,23,8.366772
107.869942,63,8.423972
8.019345,15,8.436848
23.445286,28,8.461161
99.583375,52,8.516765
15.616695,18,8.534381
16.034893,22,8.556794
15.654717,21,8.578199
25.996919,21,8.599935
3.963514,9,8.611305
10.552313,18,8.633381
7.965805,28,8.661478
7.493896,16,8.678436
8.672609,16,8.694048
10.963157,15,8.707253
111.012804,60,8.758584
39.515801,33,8.787684
11.441493,14,8.799574
7.876328,15,8.812497
84.734667,48,8.866826
83.075801,47,8.893406
82.675652,47,8.919283
82.451016,47,8.945283
82.853731,47,8.971324
82.655981,47,8.997341
83.309438,47,9.022044
82.53243,47,9.047958
82.413504,47,9.07337
84.421805,48,9.098782
84.39685,48,9.124538
84.771758,48,9.150292
83.902163,48,9.175702
82.610327,47,9.200933
84.386378,48,9.226684
84.51816,48,9.252124
84.327068,48,9.277724
84.072956,48,9.303262
82.491879,47,9.328145
82.427074,47,9.35291
82.482372,47,9.377777
84.352669,48,9.403558
83.949059,48,9.429304
82.117176,47,9.455559
82.419437,47,9.488015
83.869577,48,9.520351
82.388247,47,9.553045
82.548105,47,9.586096
82.221396,47,9.617499
81.984091,47,9.648538
82.42891,47,9.678778
82.184885,47,9.706465
82.787182,47,9.743826
81.766457,47,9.776608
82.330683,47,9.809561
82.255891,47,9.842163
81.950897,47,9.873918
84.176613,48,9.907395
81.569899,47,9.939928
84.408276,48,9.973602
82.179314,47,10.007529
82.127315,47,10.041392
82.282087,47,10.074646
82.066701,47,10.105689
82.68548,47,10.135931
84.064159,48,10.163877
81.72708,47,10.191194
80.036371,46,10.217937
81.864211,47,10.245299
81.945418,47,10.273875
91.412278,50,11.096015
40.429426,31,11.12254
11.082802,19,11.138715
23.506706,24,11.159069
11.017908,13,11.170133
151.304243,101,11.256242
205.499775,99,11.339904
92.892868,49,11.381305
17.752666,26,11.403517
45.343823,37,11.434928
16.866796,20,11.451789
66.632059,54,11.497523
11.648148,14,11.509336
118.253529,60,11.560007
98.082333,64,11.61341
42.589633,32,11.640058
14.51057,27,11.662355
9.467185,12,11.672194
24.815611,34,11.699805
8.637665,12,11.709438
123.842246,86,11.788851
75.240457,53,11.836998
68.873715,41,11.873414
10.352573,12,11.88454
64.551521,45,11.923805
10.536133,17,11.94012
64.7393,60,11.994009
8.917365,12,12.004198
23.850869,31,12.032373
103.957754,67,12.092571
6.950131,14,12.104369
101.519284,55,12.152369
58.542972,48,12.18868
8.999602,13,12.198496
21.150057,18,12.212091
38.518181,32,12.236242
26.601922,42,12.267977
51.832774,43,12.300301
10.622832,20,12.315398
7.055682,11,12.323767
4.92351,7,12.329093
117.182779,62,12.377713
93.774782,85,12.44361
113.14598,62,12.490618
90.859931,50,12.532429
73.401735,45,12.570369
36.190869,39,12.602955
63.343895,43,12.639097
8.079352,10,12.647574
11.271063,13,12.658442
102.901316,65,12.712823
40.379844,30,12.737825
94.718199,50,12.81299
94.855283,50,12.841811
94.937537,50,12.871048
92.324963,49,12.899506
94.670887,50,12.928343
92.137165,49,12.956577
92.425227,49,12.985678
88.867948,48,13.013489
95.182632,50,13.042309
89.078078,48,13.070172
92.588389,49,13.098677
92.464418,49,13.126844
89.853143,48,13.154381
89.643683,48,13.181875
89.105749,48,13.209562
86.727631,47,13.236526
89.104437,48,13.264068
86.616103,47,13.291064
87.122592,47,13.318064
87.140307,47,13.345983
86.532742,47,13.373086
86.475112,47,13.400234
83.857377,46,13.426808
84.02082,46,13.453365
89.800793,48,13.481045
86.802653,47,13.508132
84.416423,46,13.534585
84.221528,46,13.561043
84.114887,46,13.588303
86.789552,47,13.615236
83.77125,46,13.642189
84.42261,46,13.668981
84.416767,46,13.695697
84.167438,46,13.722455
87.335304,47,13.749602
84.048105,46,13.776261
81.684763,45,13.802319
81.381813,45,13.828421
84.760348,46,13.854997
84.134204,46,13.881519
84.556989,46,13.908034
84.750277,46,13.93453
81.626404,45,13.96056
82.007695,45,13.986758
84.295586,46,14.013286
84.850058,46,14.03987
81.56575,45,14.065898
84.958622,46,14.092433
81.197395,45,14.118449
78.893212,44,14.143982
53.423276,30,14.939368
12.38057,15,14.952367
160.541873,74,15.014969
88.196679,57,15.063276
33.831026,27,15.085998
25.33678,25,15.10726
140.386414,75,15.169813
73.401973,75,15.231212
180.707082,96,15.30675
88.377779,47,15.342931
168.949272,83,15.406891
86.551895,65,15.455704
87.027846,58,15.499699
20.359575,22,15.516348
12.909766,18,15.53
64.537364,38,15.558715
44.048552,43,15.591278
59.107912,33,15.616193
144.624987,70,15.668535
85.632512,55,15.711097
137.85699,103,15.791063
42.588247,39,15.820575
28.681246,25,15.839529
17.857878,16,15.851704
13.634784,18,15.865314
12.883495,22,15.882085
8.640338,14,15.892723
82.831556,76,15.950107
30.497246,34,15.975905
7.902903,11,15.98552
30.104115,26,16.00514
91.428329,51,16.043623
67.008744,37,16.07147
25.051624,21,16.08744
4.259988,11,16.095936
185.815876,96,16.168234
44.197137,30,16.190761
125.507386,62,16.237445
160.000533,77,16.295352
285.411954,119,16.384446
164.065335,94,16.455139
257.035517,109,16.567796
260.493278,110,16.624975
267.815012,112,16.682169
275.361464,114,16.741503
272.847568,113,16.800124
274.398233,113,16.860674
280.95759,115,16.921214
275.839512,113,16.982117
267.145791,110,17.04067
265.240627,109,17.09845
259.059618,107,17.154261
253.064961,105,17.210034
250.075416,104,17.264722
243.562889,102,17.321112
240.248559,101,17.373922
237.341792,100,17.426683
237.591241,100,17.480265
233.921593,99,17.533091
231.861409,98,17.584009
231.54921,98,17.634998
228.383797,97,17.684433
228.609012,97,17.733858
228.903481,97,17.784343
225.957176,96,17.833064
226.105911,96,17.881879
226.218305,96,17.930664
176.013004,79,17.970903
226.13352,96,18.019732
176.54248,79,18.059989
223.733829,95,18.108309
170.870421,77,18.147599
170.817406,77,18.187701
170.266821,77,18.226976
170.354725,77,18.266258
170.97784,77,18.305551
167.542558,76,18.344232
173.709726,78,18.38487
170.761063,77,18.424041
167.487805,76,18.462772
173.502789,78,18.502502
167.056084,76,18.541182
167.791093,76,18.579806
167.109862,76,18.618586
167.523082,76,18.657285
171.181492,77,18.696507
168.243657,76,18.735175
167.266506,76,18.773818
167.533221,76,18.812874
167.717645,76,18.852386
167.610984,76,18.891981
232.642631,100,19.669112
15.642691,15,19.680561
216.656341,110,19.762687
75.042215,45,19.796188
9.401562,12,19.805229
159.829413,81,19.865467
207.760524,94,19.935062
64.419637,37,19.962761
170.935575,81,20.023115
105.765802,55,20.063957
86.03857,57,20.106308
44.28367,25,20.125042
101.126961,72,20.178978
23.070737,23,20.197233
176.541218,85,20.260446
9.545498,14,20.270947
245.781567,107,20.355702
255.809712,123,20.450215
8.909943,11,20.458552
105.698894,57,20.504656
62.5333,37,20.535487
143.718425,80,20.603423
77.745378,44,20.64026
134.442245,66,20.695608
172.078254,78,20.760632
217.075377,115,20.857547
62.233074,35,20.886867
154.491783,74,20.948702
165.439617,76,21.012084
211.582137,104,21.099131
222.225136,95,21.178562
313.572703,126,21.298719
314.380947,126,21.371573
314.045379,126,21.445729
311.741781,125,21.517949
309.60731,124,21.589441
309.674999,124,21.662118
309.2623,124,21.735865
310.166277,124,21.808242
307.696386,123,21.87834
304.451662,122,21.947894
304.584874,122,22.018988
302.376047,121,22.089379
301.219074,121,22.15984
301.994611,121,22.230392
298.936028,120,22.300272
296.404467,119,22.36943
297.340321,119,22.438643
293.528867,118,22.507481
294.504484,118,22.576194
291.213438,117,22.644073
291.233498,117,22.710883
288.248253,116,22.77726
287.7455,116,22.84357
287.912733,116,22.909802
285.284306,115,22.975506
281.737792,114,23.040554
281.568527,114,23.106039
281.298827,114,23.169069
278.854005,113,23.230949
275.7392,112,23.289217
277.038526,112,23.346209
275.996668,112,23.403225
272.259094,111,23.459647
270.230551,110,23.515427
269.861321,110,23.571166
265.960116,109,23.626435
267.385353,109,23.681806
266.567319,109,23.737493
264.144337,108,23.7938
263.370102,108,23.848671
259.948496,107,23.902944
259.391851,107,23.957206
259.015958,107,24.011587
256.408714,106,24.065394
257.15016,106,24.120094
258.195087,106,24.175045
253.883964,105,24.229774
254.146015,105,24.284266
250.994341,104,24.338144
250.064376,104,24.392756
200.570926,88,25.263864
187.775051,90,25.339755
212.844794,99,25.423267
198.581616,87,25.49668
107.367773,59,25.546327
106.02753,55,25.59405
141.736331,69,25.652525
124.654623,65,25.707335
59.183524,34,25.736112
69.163848,38,25.768103
223.734646,96,25.848611
103.295974,54,25.89423
126.395291,66,25.949865
238.489183,104,26.040306
116.6154,58,26.090989
59.539966,35,26.121906
110.634011,59,26.174273
80.12111,45,26.213641
225.845425,107,26.303587
233.626919,101,26.388203
160.185927,77,26.452424
79.414658,43,26.488354
204.828246,88,26.56179
195.602412,94,26.639904
141.843782,69,26.697612
279.231441,121,26.799488
187.023285,84,26.869288
82.255054,48,26.909276
210.719142,91,26.987393
208.691275,90,27.038936
210.682512,91,27.091002
208.305218,90,27.142588
210.479008,91,27.194667
208.336332,90,27.246154
210.620198,91,27.298266
210.170347,91,27.350427
210.987722,91,27.403192
210.109144,91,27.455365
208.861153,90,27.506938
211.195429,91,27.559283
211.307681,91,27.611392
211.09558,91,27.663646
213.343442,92,27.717083
211.18578,91,27.770292
208.186405,90,27.822775
212.917886,92,27.875538
210.927998,91,27.926538
210.740497,91,27.97622
209.478092,90,28.024237
208.456385,90,28.070515
208.830528,90,28.121079
210.720141,91,28.167465
210.68667,91,28.213798
213.102907,92,28.260585
211.348372,91,28.30689
208.675591,90,28.352635
208.765954,90,28.398532
208.731583,90,28.444204
208.458986,90,28.490048
210.882774,91,28.536385
210.520973,91,28.583823
208.906843,90,28.629723
209.287443,90,28.675722
209.220444,90,28.721423
208.283619,90,28.767284
210.854478,91,28.813766
211.257356,91,28.860156
210.923097,91,28.906587
210.204799,91,28.952934
211.24565,91,28.99932
210.726784,91,29.045482
211.279913,91,29.091674
210.646947,91,29.138208
209.046001,90,29.185227
209.268686,90,29.231161
208.517635,90,29.276894
208.675486,90,29.322735
208.820401,90,29.368561
193.819097,90,30.139472
243.559584,112,30.222537
193.80141,101,30.297879
102.800663,54,30.340811
260.841526,114,30.426381
72.218832,42,30.457707
198.473878,92,30.525725
218.357523,95,30.596212
286.601376,122,30.686787
38.284972,29,30.708434
214.468434,92,30.776958
241.755508,106,30.855254
73.771009,41,30.886262
196.511499,85,30.951619
18.249906,19,30.966341
267.240005,111,31.050125
152.829581,79,31.108725
205.258177,90,31.175506
96.436445,54,31.215825
129.929813,63,31.262696
220.297416,99,31.33604
245.060219,123,31.427306
203.866232,91,31.494705
244.696348,107,31.574209
251.17946,104,31.667549
253.449526,105,31.720933
251.177618,104,31.774395
250.358845,104,31.82724
250.62727,104,31.880922
250.503374,104,31.947
247.432122,103,32.016207
245.344933,102,32.091217
246.933089,103,32.168748
246.603471,103,32.242795
247.7825,103,32.310611
246.08411,103,32.370333
246.97129,103,32.429675
246.058779,103,32.489427
244.294439,102,32.54951
243.782306,102,32.609471
244.203038,102,32.669591
243.985642,102,32.729522
243.273376,102,32.792426
242.210541,101,32.851849
242.430553,102,32.911121
243.382411,102,32.970111
240.820728,101,33.028733
238.745777,100,33.086696
240.293896,101,33.145089
240.474243,101,33.203612
242.528085,102,33.262641
238.118722,100,33.320512
237.057579,100,33.378338
237.405281,100,33.438145
237.077479,100,33.498093
236.685823,100,33.557071
236.619939,100,33.617549
237.16799,100,33.677703
237.196882,100,33.737417
236.126949,100,33.79702
237.045402,100,33.855842
238.910153,101,33.91459
235.018294,99,33.970842
237.177399,100,34.025115
236.975498,100,34.078838
235.96452,100,34.133393
233.902897,99,34.190662
233.993626,99,34.250518
236.508707,100,34.308755
233.343534,99,34.36914
236.30571,100,34.430051
235.650474,100,34.489931
233.238106,99,34.546819
231.841213,98,34.59779
280.837014,112,35.435165
132.393569,65,35.488562
291.815573,130,35.58627
217.302165,92,35.655872
292.662255,119,35.756605
232.017357,100,35.847395
211.688591,94,35.927104
173.941403,89,36.001572
227.840893,100,36.085412
228.790394,98,36.169677
201.720727,89,36.246846
123.95681,62,36.310168
214.864892,102,36.412165
111.904802,57,36.463494
125.887939,63,36.516562
205.575854,92,36.593661
251.47374,111,36.686723
213.09155,93,36.77119
224.526837,97,36.854338
255.136101,102,36.941071
296.823142,117,37.04205
211.602053,91,37.166782
213.67594,92,37.220076
213.826789,92,37.273409
212.268732,91,37.326031
212.019956,91,37.378901
214.719075,92,37.432086
212.728721,91,37.484673
211.680127,91,37.537222
211.671728,91,37.58984
214.41599,92,37.643295
212.092728,91,37.696875
212.264949,91,37.749639
214.694085,92,37.802971
214.142295,92,37.856293
211.903659,91,37.909304
211.755487,91,37.962093
215.845014,93,38.014963
212.407547,91,38.067838
216.550517,93,38.126517
214.503498,92,38.182239
214.224706,92,38.237831
211.564528,91,38.29289
214.601165,92,38.347437
209.782951,90,38.403521
212.393852,91,38.45926
211.654201,91,38.507816
214.585214,92,38.55681
214.328991,92,38.605897
216.356188,93,38.656269
211.961065,91,38.705739
212.418649,91,38.753114
211.431645,91,38.800422
211.703848,91,38.849102
214.221793,92,38.896062
211.929045,91,38.942453
214.396177,92,38.989398
212.15725,91,39.03578
211.723676,91,39.082264
213.736359,92,39.129124
214.110569,92,39.176135
211.652245,91,39.222518
213.805882,92,39.269518
211.914431,91,39.315981
211.736424,91,39.36251
212.480051,91,39.408979
211.887844,91,39.457118
216.616912,93,39.505016
214.403992,92,39.551954
212.17196,91,39.598402
211.623311,91,39.644958
254.159122,104,40.41268
297.80347,124,40.505044
290.156825,110,40.587129
256.995267,111,40.670783
74.167078,43,40.70312
216.600925,92,40.771454
218.479329,99,40.846789
191.60553,93,40.916264
244.018881,107,40.995908
246.879785,104,41.073189
214.989268,92,41.141961
258.805972,109,41.223289
261.45112,114,41.309412
123.49828,63,41.356702
194.7927,87,41.421734
211.518566,97,41.494044
217.545079,91,41.562661
246.339023,108,41.645954
195.30121,84,41.7109
294.177674,128,41.808904
304.6202,117,41.948339
305.824395,118,42.008503
303.96191,117,42.068951
303.613314,117,42.12905
302.424522,117,42.191182
302.480378,117,42.252002
302.739096,117,42.314108
299.998712,116,42.375567
301.782039,117,42.437573
301.445223,116,42.497914
303.185999,117,42.557455
300.821426,116,42.616437
300.417515,116,42.675563
297.741178,115,42.733994
298.09667,115,42.792548
297.406085,115,42.850956
299.923878,116,42.909898
297.604618,115,42.968472
298.724027,116,43.027573
294.820956,114,43.086635
299.96957,116,43.145561
297.48665,115,43.203952
295.069011,114,43.263203
294.251505,114,43.321263
297.713948,115,43.379876
294.600267,114,43.437951
297.356856,115,43.496696
295.324047,114,43.554853
296.436311,115,43.61341
294.088859,114,43.672497
294.143853,114,43.730689
294.799048,114,43.788785
293.567002,114,43.846862
295.007386,115,43.905544
293.656638,114,43.963808
291.072983,113,44.024845
293.906165,114,44.090577
291.473278,113,44.15554
290.915782,113,44.220904
291.174266,113,44.287242
292.069866,113,44.351971
291.73549,113,44.417114
293.654302,114,44.485361
290.474665,113,44.552453
291.053612,113,44.619412
290.563449,113,44.686398
290.800883,113,44.752806
290.514192,113,44.819293
290.3042,113,44.885815
290.797288,113,44.951344
208.631944,93,45.808033
252.158301,105,45.895674
293.063419,118,45.991947
294.227371,117,46.084745
204.215417,88,46.156331
170.070695,78,46.216242
312.470699,128,46.312668
226.788336,94,46.383606
241.872213,102,46.460718
205.901541,89,46.53084
227.338581,94,46.60455
124.16387,65,46.657072
209.823045,92,46.726823
225.48759,94,46.798157
229.151507,97,46.871418
195.776071,84,46.936363
215.566177,105,47.015479
247.99104,105,47.094993
304.995989,133,47.195305
177.935602,79,47.256238
329.234411,127,47.399245
329.572063,127,47.46396
329.445305,127,47.528896
328.19996,126,47.593236
327.487777,126,47.657568
329.410312,127,47.722396
325.913279,125,47.786454
327.617014,126,47.851646
328.214188,126,47.916022
325.907999,125,47.979843
327.721113,126,48.044201
328.108986,126,48.10935
328.15791,126,48.174155
327.976142,126,48.240032
326.044772,125,48.305559
326.147158,125,48.370919
330.028247,127,48.437293
330.504444,127,48.503703
330.628449,127,48.569293
329.015035,126,48.634048
328.500628,126,48.698572
326.774586,125,48.762475
326.232395,125,48.826311
328.251085,126,48.890769
328.558432,126,48.955044
329.10081,126,49.019328
328.687306,126,49.084901
330.247092,127,49.150024
326.536332,125,49.214038
326.611101,125,49.278972
326.042877,125,49.343494
326.393443,125,49.407616
328.636201,126,49.472294
326.496934,125,49.536397
328.855861,126,49.60113
329.016313,126,49.669191
331.003586,127,49.744499
328.472393,126,49.817156
326.909949,125,49.903992
328.735102,126,49.989882
326.603646,125,50.076379
331.253608,127,50.165336
329.645522,126,50.244556
327.329359,125,50.320784
328.654146,126,50.402142
326.25222,125,50.484884
328.265229,126,50.560213
326.693941,125,50.640314
327.063875,125,50.720856
326.808673,125,50.797036
229.371974,95,51.691197
211.639451,89,51.770445
238.017651,108,51.861339
222.021834,93,51.949857
263.081427,108,52.054563
181.56298,84,52.130935
219.552831,93,52.21422
166.565072,76,52.289986
324.090301,122,52.393382
232.036091,100,52.47845
200.525164,87,52.551938
295.279845,127,52.663101
219.832316,90,52.754703
209.510023,92,52.847286
313.088942,127,52.97647
244.133498,112,53.081062
212.139161,96,53.16169
215.342361,95,53.241432
274.214146,121,53.344498
240.086277,97,53.42643
305.025978,117,53.536994
305.394444,117,53.603967
305.399892,117,53.670631
305.484742,117,53.735584
305.722214,117,53.798734
306.370432,117,53.860792
306.277414,117,53.928173
306.337264,117,53.997607
305.413095,117,54.066542
305.390473,117,54.135502
305.6018,117,54.203877
306.377681,117,54.273612
306.793025,117,54.334192
306.549691,117,54.393655
303.403718,116,54.453556
305.852683,117,54.512915
303.40108,116,54.571773
303.630828,116,54.630733
302.832088,116,54.6897
306.089277,117,54.749173
302.924276,116,54.809332
303.500501,116,54.870871
303.460874,116,54.940137
303.515251,116,55.013533
303.707586,116,55.09422
303.685589,116,55.17359
303.084971,116,55.255081
303.850683,116,55.324213
305.78834,117,55.391099
303.893277,116,55.457411
303.230469,116,55.523697
305.675538,117,55.593993
303.480754,116,55.66105
303.2259,116,55.727103
301.143171,115,55.792594
303.216472,116,55.858736
300.663584,115,55.924205
302.433546,116,55.990435
303.276366,116,56.056808
303.819627,116,56.122957
303.281917,116,56.193756
303.656442,116,56.273984
302.833673,116,56.349831
301.116358,115,56.426003
301.832956,115,56.50137
303.490999,116,56.576178
300.850232,115,56.639768
302.946116,116,56.70202
301.577835,115,56.764112
300.644202,115,56.826074
358.717626,130,57.705039
243.755314,100,57.790651
290.111174,117,57.890496
320.300315,128,58.019131
225.125,95,58.116332
259.674438,105,58.221079
249.628478,108,58.330402
302.117646,121,58.453378
283.09912,114,58.548136
45.19949,25,58.569249
263.673489,102,58.655647
267.581676,106,58.744183
292.45302,117,58.843659
321.009127,127,58.950857
290.178165,116,59.047372
250.998408,113,59.143872
285.871624,116,59.258302
281.163708,108,59.362974
218.018106,91,59.437572
309.686963,115,59.519242
306.880902,114,59.578214
307.571561,114,59.642824
310.308624,115,59.709437
310.260181,115,59.776348
309.994412,115,59.842162
309.498613,115,59.909063
309.812297,115,59.974924
309.977204,115,60.039797
309.996047,115,60.103586
309.540948,115,60.16586
312.437415,116,60.2272
307.029767,114,60.285902
309.985467,115,60.347576
312.037147,116,60.41514
309.755608,115,60.482012
312.076375,116,60.550187
309.895656,115,60.617952
307.34283,114,60.684848
309.603045,115,60.752415
309.474583,115,60.814647
309.964681,115,60.872681
309.458812,115,60.930574
309.715453,115,60.988621
309.736817,115,61.047471
307.36748,114,61.10482
309.543334,115,61.162623
307.644437,114,61.221109
309.855174,115,61.279238
309.38861,115,61.337409
308.927511,115,61.395347
306.242845,114,61.452769
307.777244,114,61.510123
310.405266,115,61.568068
306.712649,114,61.625615
307.263855,114,61.685447
307.287109,114,61.75405
309.612594,115,61.820791
308.033071,114,61.886798
306.976669,114,61.952239
309.073061,115,62.018935
304.720741,113,62.084229
304.439285,113,62.141339
310.285801,115,62.199221
309.396122,115,62.259649
307.152565,114,62.320094
307.69624,114,62.380633
304.896132,113,62.44061
309.498629,115,62.501707
307.524726,114,62.562381
300.538963,119,63.445404
337.932578,133,63.556833
336.89911,124,63.660292
253.471503,109,63.752266
298.694639,115,63.8489
321.581306,130,63.958005
319.726197,130,64.06827
201.748677,91,64.145345
290.589991,110,64.238342
217.13684,93,64.317888
345.792581,123,64.420727
282.129363,118,64.521842
333.050462,124,64.626728
231.710694,103,64.726742
249.833924,101,64.827743
253.980028,103,64.930242
187.357002,83,65.012789
225.985847,102,65.103563
338.814918,126,65.220343
338.181451,126,65.29473
340.945677,127,65.367423
339.136501,126,65.441202
339.089953,126,65.525952
338.982047,126,65.609725
339.855044,126,65.687107
340.551837,127,65.75467
339.431892,126,65.819389
338.301245,126,65.884576
338.615334,126,65.948792
341.333022,127,66.013512
338.176919,126,66.077883
339.128283,126,66.142253
339.609851,126,66.207893
338.748646,126,66.27212
341.518826,127,66.336968
341.017896,127,66.401802
337.241315,125,66.466488
339.317582,126,66.530784
339.313962,126,66.595102
339.558309,126,66.659292
339.546891,126,66.73457
339.251308,126,66.812706
338.832249,126,66.894518
337.138615,125,66.982557
338.961932,126,67.069447
339.794315,126,67.142252
337.168981,125,67.214193
339.667976,126,67.286203
342.266346,127,67.3589
338.968021,126,67.431074
339.96287,126,67.50331
339.687001,126,67.575179
337.812017,125,67.647164
339.054651,126,67.720115
340.372653,126,67.793269
340.096753,126,67.86635
341.007972,126,67.939552
340.753294,126,68.012836
339.586985,126,68.086564
337.00752,125,68.15898
338.821485,125,68.231363
339.959343,126,68.304595
340.164902,126,68.376055
340.30798,126,68.447556
340.337295,126,68.519219
338.441072,125,68.589705
339.919082,126,68.658646
343.086366,127,68.725781
331.808332,125,69.66587
324.612391,122,69.769711
244.613706,105,69.859998
284.20922,109,69.951572
275.955099,117,70.050783
301.960149,117,70.149282
308.351706,113,70.244764
311.963633,116,70.35377
335.241508,134,70.487138
304.816668,119,70.607372
278.153788,107,70.710665
312.36199,116,70.806511
325.805557,127,70.906326
290.697519,113,70.991273
347.726403,126,71.092252
292.311015,111,71.191296
317.517321,124,71.303989
349.481081,127,71.434186
352.133807,128,71.510602
352.285844,128,71.585938
352.87709,128,71.661359
352.216048,128,71.731975
353.234104,128,71.809071
352.634054,128,71.884434
352.504138,128,71.960842
351.20412,128,72.036789
352.280734,128,72.10556
353.183472,128,72.170656
350.935748,128,72.23557
352.014985,128,72.300294
352.695851,128,72.365079
353.740492,128,72.430032
352.887942,129,72.497188
351.106807,128,72.562099
350.344933,127,72.626511
353.52343,129,72.691757
352.841236,128,72.75638
352.214043,128,72.821249
351.930201,128,72.886165
352.232356,128,72.951014
352.826224,128,73.015945
353.148478,128,73.082103
354.714126,129,73.147391
351.33832,128,73.212287
351.291724,128,73.280553
351.85652,128,73.345483
352.186001,128,73.410319
352.147845,128,73.476254
353.351405,129,73.542886
351.474127,128,73.608566
351.970876,128,73.674322
353.101892,128,73.740151
354.354038,129,73.816396
352.659853,128,73.89257
352.287652,128,73.967126
354.010707,129,74.042838
354.378516,129,74.118492
352.102955,128,74.192382
353.2928,128,74.270681
352.874256,128,74.349501
352.728223,128,74.427281
353.765584,129,74.504393
352.941296,129,74.580947
353.47355,128,74.656997
351.640269,128,74.725951
353.494484,128,74.791053
352.494362,128,74.857389
271.562947,109,75.626403
308.213125,128,75.728833
329.801906,124,75.839855
359.117512,128,75.955067
332.994335,134,76.075384
272.347992,107,76.157398
321.486834,121,76.247435
295.283699,114,76.332507
311.317573,115,76.417788
319.14119,122,76.508545
319.010921,122,76.599456
322.158399,135,76.704506
230.240115,97,76.778757
292.085759,126,76.872907
272.87105,105,76.951508
295.339852,112,77.036863
60.892467,34,77.065712
374.758937,136,77.254624
374.060179,136,77.332778
378.097703,137,77.413449
373.402294,136,77.49192
374.767656,136,77.570007
374.921227,136,77.648108
373.277253,136,77.726279
370.613494,135,77.805296
374.157901,136,77.88398
373.692854,136,77.961318
377.639532,137,78.039209
373.532089,136,78.130724
373.547122,136,78.22138
375.972965,136,78.310906
373.245883,136,78.40173
372.694289,136,78.491171
374.206247,136,78.571996
373.974987,136,78.649505
374.831706,136,78.727151
376.330335,137,78.810981
376.149702,136,78.884788
375.238267,136,78.956363
374.485871,136,79.025981
377.870222,137,79.103527
378.80251,137,79.185067
377.091256,137,79.26229
378.96985,137,79.33935
375.274203,136,79.416084
374.954988,136,79.492798
374.181431,136,79.569392
372.862203,136,79.647213
377.120139,137,79.726891
377.314096,137,79.81558
374.000103,136,79.903675
373.42069,136,79.98139
377.514073,137,80.058871
377.618827,137,80.136207
378.221358,137,80.213315
378.519939,137,80.292592
372.918918,136,80.3694
372.593112,136,80.446215
374.080651,136,80.52312
378.741252,137,80.60042
377.645903,137,80.67621
373.586231,136,80.748661
374.586944,136,80.818413
377.902557,137,80.888074
381.015858,138,80.95694
378.333488,137,81.025356
377.64776,137,81.098212
319.437154,127,82.020383
300.476705,117,82.119585
368.759176,137,82.234517
342.638693,127,82.340082
360.443315,134,82.45185
301.95598,113,82.54641
308.422421,122,82.649129
333.691089,123,82.751742
296.257711,128,82.858232
389.776844,136,82.971572
305.16508,115,83.067265
345.286713,131,83.174583
303.761402,113,83.264802
315.990591,122,83.358056
328.153172,120,83.447097
344.188225,124,83.538867
387.771795,135,83.662313
388.852941,135,83.73436
389.068777,135,83.813422
389.072392,135,83.892864
387.794102,135,83.973277
387.952732,135,84.053009
390.869102,136,84.129504
389.022993,135,84.197436
388.381855,135,84.266399
391.386063,136,84.335085
387.749557,135,84.403347
389.219685,135,84.473498
388.512119,135,84.541869
388.0086,135,84.610345
391.555398,136,84.679103
387.228295,135,84.747418
388.017281,135,84.815715
388.901068,135,84.884086
387.41402,135,84.952401
387.276278,135,85.020633
387.548113,135,85.089829
387.236331,135,85.158006
390.838549,136,85.226603
388.494088,135,85.295052
392.200723,136,85.363806
387.9762,135,85.432085
390.811818,136,85.506974
387.837914,135,85.587039
390.561646,136,85.668531
391.102595,136,85.749182
390.606185,136,85.830148
390.789844,136,85.904224
391.33596,136,85.973015
390.65561,136,86.041859
392.354152,136,86.110811
388.659816,135,86.17905
388.280958,135,86.248397
388.201032,135,86.316759
391.519337,136,86.385552
390.459116,136,86.45451
387.677497,135,86.522766
387.990872,135,86.590935
390.66734,136,86.659659
391.069568,136,86.728959
388.248333,135,86.797081
391.23419,136,86.866805
390.705383,136,86.93548
392.017845,136,87.005275
390.810373,136,87.085764
391.470718,136,87.166089
288.526515,110,88.015748
367.452365,128,88.112417
370.029789,146,88.222948
310.682564,118,88.311374
346.110239,142,88.417299
362.023005,133,88.516489
331.245573,124,88.608991
313.714748,121,88.700934
346.400232,129,88.797688
324.126912,124,88.896982
318.995567,135,89.006433
268.810794,105,89.085483
361.842616,131,89.183659
300.272371,119,89.274099
307.83743,128,89.370388
380.489071,136,89.473431
404.16618,142,89.572699
409.689825,144,89.64599
409.500525,144,89.719515
454.769833,155,89.798248
413.821032,145,89.883529
425.203057,148,89.967969
420.956549,147,90.056165
425.22518,148,90.144553
437.190469,151,90.236064
437.476334,151,90.326504
417.684782,146,90.41389
407.247686,143,90.501141
416.339048,146,90.590029
433.065647,150,90.678445
471.536155,159,90.779518
428.907264,149,90.876136
486.258584,162,90.9816
416.068764,146,91.076246
489.394045,163,91.172231
407.775091,143,91.252759
415.884252,146,91.334817
473.091111,159,91.424061
405.81208,143,91.504555
405.006536,142,91.587862
408.940368,144,91.670337
441.637755,152,91.750928
409.089113,144,91.82398
436.16615,151,91.899613
433.160823,150,91.974756
412.062509,145,92.04731
407.320659,143,92.118626
416.56556,146,92.191473
469.015731,158,92.27226
407.958973,144,92.344316
408.28406,143,92.415813
407.292856,143,92.48728
406.108297,143,92.558813
408.781168,144,92.630814
408.167871,144,92.702826
485.3819,162,92.783679
408.128817,144,92.856691
420.640231,147,92.930324
408.015867,144,93.002339
454.467768,155,93.080159
410.034045,144,93.152363
407.272303,143,93.224046
433.069143,150,93.299092
424.942307,148,93.373256
412.110017,145,93.445882
450.746813,154,93.523884
267.683575,108,94.428243
323.969783,134,94.540377
352.838556,132,94.652378
329.043417,138,94.768659
389.591908,134,94.880568
347.025484,136,95.010382
361.246927,130,95.138962
293.225576,112,95.250924
363.835513,128,95.369694
375.538812,132,95.480031
287.803578,122,95.581965
349.020116,129,95.684978
378.945273,142,95.792519
405.137404,141,95.898877
369.648639,131,95.996216
401.473377,142,96.153918
404.106617,142,96.225363
402.626218,142,96.296894
406.259838,142,96.368566
410.234846,143,96.440673
402.647972,142,96.513025
410.342164,143,96.585117
404.770856,142,96.656801
402.187873,142,96.72982
403.67548,142,96.803046
405.115624,142,96.874824
402.534616,142,96.946413
402.860277,142,97.017849
411.450094,143,97.090879
404.895462,142,97.162513
406.153169,142,97.234019
404.625698,142,97.308312
402.176591,142,97.384521
405.947509,142,97.45925
405.553781,142,97.532697
401.99807,142,97.614045
420.321826,145,97.692669
402.464436,142,97.76474
404.411468,142,97.836698
404.316912,142,97.91517
405.486978,142,97.995988
404.747222,142,98.076884
403.031677,143,98.158373
408.014986,142,98.241135
403.842312,142,98.327367
404.578465,142,98.412188
404.049594,142,98.496853
416.366926,144,98.582803
400.635316,142,98.667472
403.901257,142,98.75213
408.265965,143,98.837563
403.853669,142,98.923721
402.383791,142,99.008527
402.553812,143,99.093907
404.110757,142,99.179513
403.184127,142,99.2717
404.831284,142,99.373171
403.223408,143,99.473521
411.08669,143,99.572206
411.118442,143,99.664093
402.539078,142,99.745171
401.10716,143,99.827225
403.78292,143,99.911561
403.955166,142,99.995608
403.978533,143,100.090675
308.042893,118,101.061365
376.868706,143,101.181379
362.882567,127,101.288986
356.702665,131,101.399824
375.661481,145,101.520542
383.601153,132,101.62956
325.237446,121,101.722478
374.864323,134,101.837944
341.234164,134,101.937753
344.757068,132,102.035975
337.075187,136,102.13755
367.982799,133,102.238111
345.48827,135,102.341503
376.260156,131,102.442971
311.219258,114,102.531766
408.536215,144,102.682273
407.891742,144,102.757153
409.379148,143,102.838695
407.450015,143,102.924433
410.182462,143,103.010265
406.181919,144,103.096651
409.848689,144,103.182209
413.144562,143,103.256228
405.941814,144,103.329121
405.270924,144,103.40294
410.187224,143,103.482
407.060813,144,103.566546
409.178877,143,103.644912
408.108079,144,103.71812
409.33999,144,103.791296
415.463587,144,103.864321
409.697869,144,103.93744
410.329406,143,104.011827
409.427789,144,104.085092
405.826031,144,104.159118
405.67294,144,104.24592
409.012497,143,104.334675
406.246145,144,104.410186
409.239322,143,104.484193
411.544872,143,104.556923
409.466492,145,104.631406
409.117334,143,104.704702
408.698584,144,104.777574
409.89525,144,104.850154
405.136738,145,104.93698
408.369022,143,105.023909
408.480839,144,105.108841
406.619244,144,105.193265
408.980407,145,105.27916
409.220961,143,105.356833
409.93554,144,105.430502
409.897872,144,105.503426
411.338077,144,105.576252
407.69178,144,105.64911
412.122304,144,105.721979
411.131456,144,105.795254
409.843223,145,105.869802
411.977152,144,105.943782
413.185799,144,106.017845
409.448192,144,106.100342
408.291341,143,106.175755
409.489946,145,106.250209
406.199107,143,106.326097
409.445254,143,106.40334
412.937936,144,106.483024
364.357099,134,107.317157
367.997995,134,107.435324
375.210225,139,107.53986
374.178103,135,107.643767
311.86876,121,107.733694
297.530435,113,107.81789
156.729269,79,107.876878
311.209663,124,107.970448
392.11711,134,108.071226
370.102593,127,108.165556
312.825255,117,108.252363
343.06351,129,108.348377
358.017794,131,108.446027
346.13797,129,108.544131
302.368295,124,108.636617
366.379393,147,108.74582
408.759705,143,108.853735
408.957505,143,108.925766
409.067266,143,108.997865
407.085802,145,109.077427
407.793104,145,109.163176
411.043312,144,109.246946
411.525722,144,109.320368
404.070774,145,109.393354
404.897134,145,109.466019
409.417826,143,109.538151
407.404634,143,109.610402
409.560183,143,109.682463
405.659026,145,109.758323
408.705621,144,109.831546
410.475232,144,109.907731
409.703729,144,109.98069
403.161301,145,110.054848
408.248113,143,110.127448
400.662012,144,110.200354
404.972228,145,110.273856
411.710222,144,110.347922
405.902093,143,110.42122
410.008136,144,110.494355
403.382326,145,110.567888
405.927862,146,110.641717
405.311405,145,110.716437
403.99921,145,110.791649
406.407597,145,110.86683
404.606902,146,110.945763
409.75075,144,111.031679
406.628253,146,111.11752
411.775651,144,111.203236
408.466574,144,111.288638
408.99077,144,111.367784
407.27137,143,111.440538
405.719652,145,111.513957
406.250679,146,111.589178
405.147731,145,111.662755
408.053606,144,111.735788
409.473572,145,111.809359
408.028641,144,111.882471
407.454087,143,111.955148
407.529843,144,112.02857
406.623006,146,112.11195
409.493168,145,112.195926
407.602459,146,112.279109
407.6837,144,112.362179
405.425226,146,112.447995
405.895746,145,112.533651
406.444803,145,112.617742
412.134635,146,113.530276
491.530534,175,113.678977
346.060407,135,113.792429
378.301625,132,113.903175
363.697814,132,114.015839
371.715054,137,114.130886
276.065682,109,114.222605
345.272028,124,114.331227
371.937101,144,114.455961
325.397964,125,114.562227
363.329899,130,114.664464
361.154853,138,114.767678
303.18173,122,114.858685
363.084942,133,114.958826
373.237855,143,115.065436
412.951403,147,115.169522
421.363694,149,115.244551
425.974085,150,115.319699
414.005077,146,115.393112
417.146938,147,115.467321
429.485549,151,115.54331
416.236066,147,115.6175
415.982394,145,115.690496
419.437188,146,115.764888
414.091013,146,115.838683
402.802792,145,115.911809
416.008045,147,115.986067
414.637757,145,116.059262
415.37489,145,116.133185
415.952561,146,116.206999
404.74204,146,116.280521
416.955779,146,116.355149
419.937823,148,116.431482
413.501667,146,116.506849
417.305237,146,116.582114
416.748759,146,116.657399
414.20576,146,116.732992
415.62682,146,116.807107
416.225678,147,116.88116
414.926639,147,116.956224
398.548141,143,117.028269
425.402545,150,117.103762
417.012744,147,117.177708
402.293463,145,117.250756
416.376278,148,117.324957
415.663489,147,117.398839
425.856823,150,117.474922
422.389183,148,117.550292
416.367077,147,117.624429
429.313318,151,117.700547
421.441709,148,117.775238
420.399975,148,117.849745
413.015599,146,117.92338
401.496438,145,117.996223
414.41721,146,118.069813
414.885892,145,118.144022
426.340355,150,118.219759
420.758171,148,118.295283
412.594546,147,118.371049
419.257059,148,118.447264
423.286083,149,118.52396
403.852507,146,118.599
419.252566,148,118.67632
414.277933,147,118.752164
416.634966,146,118.826097
357.491956,134,119.72954
338.712678,131,119.839393
349.997063,125,119.946977
385.570828,140,120.063323
495.279748,177,120.211298
480.245386,167,120.351002
332.881535,121,120.452537
377.237259,134,120.565919
312.153233,131,120.67597
301.755131,114,120.772626
528.639021,189,120.925802
330.440396,122,121.019601
342.942293,127,121.115259
381.241264,137,121.220022
611.063545,199,121.41227
598.034008,195,121.513396
394.769292,143,121.58755
399.897732,143,121.662506
591.788948,193,121.762935
606.982647,198,121.863043
379.362702,139,121.933377
379.934472,140,122.004145
379.872333,139,122.074803
587.918592,192,122.17942
381.003564,139,122.267277
378.419022,139,122.364282
575.627736,189,122.492369
575.751255,189,122.605885
589.529906,193,122.715416
585.930606,192,122.825482
380.000494,139,122.906132
605.020338,197,123.017852
575.692939,189,123.126595
575.241727,189,123.234509
586.201843,192,123.344934
600.662625,196,123.47594
474.163681,163,123.582515
577.295589,189,123.707619
381.550932,139,123.791532
403.864525,144,123.87554
568.798615,187,123.984691
379.515699,139,124.065888
408.087528,146,124.150429
606.591184,198,124.263347
553.064254,183,124.365842
382.458225,140,124.441413
588.223757,193,124.541707
376.283385,137,124.611535
375.975125,137,124.682261
567.59465,187,124.776784
609.439948,199,124.877336
379.124889,138,124.947394
603.021141,197,125.046797
382.577358,140,125.117608
378.044361,138,125.187532
410.915617,149,125.2628
567.957347,187,125.357857
379.638452,139,125.428182
405.400811,145,125.50154
539.409329,179,125.591944
378.564073,138,125.66191
375.890511,137,125.73231
592.824491,194,125.830745
571.889194,188,125.927658
450.223515,152,126.725503
337.3356,131,126.823328
499.56941,179,126.95734
571.137794,191,127.099994
350.151157,136,127.200947
373.068474,131,127.29819
385.195489,145,127.40577
346.363426,129,127.504532
348.35919,125,127.601122
363.602039,133,127.70393
361.212588,133,127.802709
455.735578,165,127.925241
454.854599,162,128.045725
391.606196,141,128.23135
387.505507,139,128.302972
397.439488,143,128.375184
397.926946,143,128.447174
424.016606,150,128.522659
388.557333,140,128.5933
425.540433,150,128.668726
420.284006,150,128.744175
385.212424,138,128.813787
388.986541,140,128.885356
420.79614,150,128.960824
393.005191,141,129.032025
393.608546,141,129.10315
395.244468,142,129.174815
421.759935,150,129.25174
397.236873,143,129.325287
386.261473,139,129.397157
392.193305,141,129.470534
441.953577,155,129.549173
386.340623,139,129.619104
384.859146,138,129.688796
420.021155,150,129.764163
405.217014,145,129.836833
420.45857,150,129.911823
402.438429,144,129.984235
422.168764,150,130.059544
386.935722,139,130.130508
395.224017,142,130.201911
384.479157,138,130.271332
395.644639,142,130.342801
412.541583,147,130.416784
383.921078,138,130.486589
386.254128,139,130.556875
420.011542,150,130.632566
490.69245,165,130.717427
386.184623,139,130.787893
389.255787,140,130.858668
415.255029,148,130.933188
395.3331,142,131.005413
385.245244,139,131.077264
383.130855,138,131.148633
391.730772,141,131.221568
395.759867,142,131.295324
398.353552,143,131.367467
420.28377,150,131.442935
421.377765,149,131.517988
398.11104,143,131.590271
389.999489,140,131.661321
389.212043,140,131.734549
438.031442,154,131.815986
383.276831,139,132.635168
334.90683,130,132.73688
355.140586,126,132.844337
378.263965,132,132.955003
365.099913,137,133.069685
297.123607,128,133.180728
361.070473,135,133.294811
331.875491,127,133.401996
364.374746,136,133.516892
549.838508,188,133.676167
499.347319,182,133.82924
371.991239,138,133.944471
460.456299,168,134.084472
369.452987,137,134.198798
602.438127,195,134.363611
627.345655,203,134.480228
581.962831,189,134.587881
400.242762,143,134.670345
616.326734,199,134.784426
606.491329,195,134.897082
404.432333,144,134.978158
625.271178,202,135.092684
590.973295,191,135.200683
404.380686,144,135.282158
623.902064,201,135.39738
612.731691,198,135.511246
584.704989,189,135.618506
589.042683,191,135.72687
382.82037,139,135.805867
386.96298,140,135.884342
592.401169,192,135.987211
622.125218,201,136.090404
589.200217,191,136.18632
608.065848,196,136.284518
591.852316,192,136.380773
620.752255,200,136.480984
626.100466,202,136.582972
609.101311,197,136.68279
619.311385,200,136.787504
599.025104,194,136.887588
399.172137,143,136.963229
590.23161,191,137.064158
621.876204,201,137.17277
613.54998,198,137.282257
572.579253,187,137.37923
581.266744,189,137.484513
572.363342,187,137.596135
605.205067,196,137.707527
551.307594,182,137.810649
609.952883,197,137.931484
379.380583,138,138.010684
604.048005,195,138.124624
605.373353,195,138.240675
572.952161,187,138.35238
536.843522,178,138.453722
599.139992,194,138.570188
585.172182,190,138.681286
601.579145,194,138.794352
601.815899,194,138.904789
403.577788,143,138.98583
610.155726,197,139.091746
596.4271,193,139.190149
598.659908,193,139.286778
406.096759,145,139.36033
461.493673,163,140.163406
312.883422,129,140.259253
371.408381,134,140.358238
372.817861,142,140.463156
365.163959,133,140.562652
265.99338,108,140.642387
396.201861,141,140.746783
487.723802,168,140.87055
348.478622,127,140.96563
329.598186,132,141.063398
480.140368,159,141.182099
359.03043,135,141.282908
352.031746,130,141.379305
351.044988,130,141.477614
398.102802,142,141.650126
457.99358,156,141.730492
437.397532,149,141.80678
437.33575,151,141.882351
397.769497,142,141.953588
393.756739,141,142.024219
386.843664,139,142.093742
450.391202,154,142.170493
397.927448,142,142.241471
393.644268,141,142.312904
439.410394,152,142.389779
393.408044,141,142.463644
395.869411,142,142.538419
425.295796,148,142.615927
395.09221,141,142.690219
395.774845,142,142.76481
401.300853,143,142.840056
383.998427,138,142.912579
389.356178,140,142.98363
422.955344,148,143.057655
445.986593,153,143.139272
420.638073,147,143.218596
423.439567,148,143.298348
432.207949,150,143.379089
435.685975,150,143.459953
409.641789,145,143.538397
404.057993,144,143.610532
435.899887,151,143.68608
432.317491,150,143.761116
386.43367,139,143.830786
452.106726,154,143.907595
440.615286,152,143.983493
409.411606,145,144.055882
386.682608,139,144.126505
419.418077,147,144.200022
405.666749,144,144.274077
424.235409,148,144.348033
437.317272,151,144.423264
384.631093,138,144.492381
451.507992,154,144.569338
383.128445,138,144.638624
441.36828,152,144.717385
418.096873,147,144.793917
386.846987,139,144.868545
397.54783,142,144.942371
398.820888,142,145.014627
441.73335,152,145.097615
414.785663,146,145.185076
389.443416,140,145.269018
385.837353,139,145.353042
468.760537,166,146.294845
309.858028,118,146.395247
376.817716,139,146.512523
380.165795,135,146.628102
324.705677,123,146.732136
393.975764,141,146.850781
500.768525,183,147.004282
350.498004,129,147.112355
364.419814,133,147.224986
393.436158,133,147.338437
351.20034,129,147.446518
410.630284,145,147.561704
589.691895,197,147.713584
413.746677,146,147.82522
381.006073,138,147.930329
577.91887,186,148.023961
435.493427,154,148.101833
413.125765,148,148.176502
560.355522,182,148.26809
417.483759,149,148.343055
391.513366,141,148.415823
413.524988,146,148.494323
416.444157,148,148.570319
546.667715,178,148.659695
532.895782,175,148.747489
383.35975,139,148.817666
503.773561,169,148.902561
411.5956,145,148.975741
417.573223,148,149.051532
417.027011,147,149.125827
596.353411,190,149.22382
391.030424,141,149.296105
552.782352,180,149.392842
379.922119,138,149.470636
383.775652,139,149.549548
562.720026,182,149.642527
383.759006,139,149.714276
569.097977,184,149.807477
526.537224,174,149.895472
587.977861,188,149.991979
414.588562,147,150.066623
445.226969,156,150.145469
514.881538,171,150.232013
565.954936,183,150.324787
385.165389,139,150.395433
582.97326,187,150.490055
386.087871,140,150.561933
518.587165,172,150.649013
424.17149,151,150.725431
416.289488,147,150.799969
383.956542,139,150.871399
449.559612,157,150.954628
587.398208,188,151.051655
571.41265,184,151.148124
463.395532,160,151.229463
586.539781,188,151.325877
534.538949,176,151.418156
391.22023,141,151.490147
377.458643,137,151.560039
411.072281,145,151.633833
490.599951,166,151.718075
380.914509,138,151.78843
416.092898,147,151.865238
418.895695,150,151.942571
383.220749,145,152.794828
372.876518,133,152.89782
522.218384,163,153.021879
352.794626,129,153.120412
552.021509,183,153.260214
441.483962,157,153.380701
556.920913,192,153.534617
506.33944,174,153.680845
385.480908,140,153.798364
477.092576,164,153.940259
418.712535,152,154.071995
384.454112,142,154.194634
338.51988,130,154.306618
574.210609,184,154.46426
555.940415,180,154.567798
622.310413,201,154.686428
627.54206,197,154.799449
616.241415,199,154.912423
608.862411,192,155.020818
618.071032,194,155.13195
586.970917,187,155.234025
581.230347,186,155.342087
627.944149,198,155.45694
428.983582,152,155.545514
620.224944,199,155.655056
589.238985,187,155.75427
616.726761,199,155.854317
413.408654,145,155.929012
626.590246,199,156.032432
416.215118,148,156.108928
624.676887,199,156.212396
417.690069,149,156.288523
582.09208,186,156.383909
621.521692,201,156.48622
619.757231,200,156.589533
617.092298,199,156.697592
415.577698,148,156.783448
618.648246,199,156.899052
544.417847,177,157.00064
419.943673,148,157.082385
630.085642,198,157.184783
620.941575,199,157.284802
626.086423,196,157.383248
582.54226,186,157.480024
415.805816,148,157.554681
618.224116,194,157.652047
602.305388,190,157.747318
608.148484,192,157.848649
425.746597,151,157.92789
632.463169,199,158.033322
617.862601,199,158.138438
624.253947,199,158.241237
630.050739,197,158.340141
424.332449,150,158.41548
621.447014,195,158.513205
621.007047,199,158.615039
618.340787,199,158.715087
478.20595,163,158.798736
415.613174,146,158.8729
600.975684,190,158.970023
619.481311,200,159.074209
618.355812,199,159.174223
578.870778,185,159.268635
376.689864,134,160.067764
557.883493,186,160.206305
429.174241,160,160.32781
619.579598,207,160.481872
524.777585,170,160.609801
528.54439,178,160.744505
499.458015,184,160.880281
390.501684,140,160.988564
592.028084,202,161.14182
479.542519,161,161.261807
440.732902,150,161.376198
372.664082,138,161.479757
509.663148,169,161.607891
470.443451,159,161.689683
623.251883,194,161.790781
409.208454,143,161.865612
641.223303,199,161.968351
641.24324,199,162.068311
456.49523,155,162.148816
432.330763,149,162.226778
529.211519,174,162.316198
411.408796,144,162.391318
403.17984,142,162.463656
385.707005,138,162.533066
463.265797,157,162.61466
441.423868,151,162.693028
634.107855,199,162.79258
476.675109,160,162.872742
552.013779,179,162.964668
491.194949,164,163.050813
643.370959,199,163.151222
636.512776,199,163.253029
585.123639,186,163.347822
392.188617,139,163.419063
407.549726,143,163.493193
395.394986,140,163.565335
639.168999,198,163.665157
407.473136,143,163.73919
629.310273,195,163.839133
447.135612,153,163.915736
397.325716,140,163.988431
633.355943,199,164.089494
452.267349,154,164.169117
428.309924,148,164.247138
640.695605,199,164.358599
485.864085,163,164.443352
479.668698,161,164.52466
472.569232,159,164.604302
398.794323,141,164.6766
483.565923,162,164.758349
619.246306,193,164.854973
532.332869,175,164.942935
478.736096,161,165.026712
640.884482,198,165.127805
488.845558,163,165.210071
489.559707,164,165.294164
641.01715,198,165.395943
434.568415,150,165.473049
401.259782,141,165.544062
436.848662,150,165.621366
588.747349,186,165.716233
635.308981,199,165.81672
578.947093,188,166.662655
585.195365,189,166.806788
395.177889,141,166.914003
362.215139,129,167.010453
363.9111,135,167.112495
384.862522,134,167.212642
378.271321,139,167.315268
342.675879,126,167.410357
551.801458,182,167.54556
498.303485,174,167.675121
321.054059,124,167.768232
469.392662,160,167.889225
557.822164,193,168.036283
657.855318,199,168.177708
394.921541,141,168.248872
421.689496,150,168.324795
632.930504,195,168.422287
662.574846,199,168.525602
394.37352,141,168.59823
403.059931,144,168.670151
647.028411,197,168.769464
456.198259,158,168.85202
392.691951,141,168.924497
360.12499,132,168.990615
406.400728,145,169.063926
374.439527,136,169.131976
586.167439,189,169.226262
395.58074,142,169.297485
359.565989,132,169.36381
666.623895,201,169.464438
436.015084,153,169.540695
381.847225,138,169.609741
532.393165,177,169.697822
441.509327,155,169.775083
366.912859,134,169.8421
392.817369,141,169.912714
381.089075,138,169.981974
490.071683,167,170.066473
671.897187,202,170.169479
656.852312,198,170.273674
383.305271,138,170.343023
407.275078,145,170.415944
563.105239,184,170.509534
397.277197,142,170.581873
381.817759,138,170.652645
391.4645,140,170.722647
356.147019,131,170.788281
378.440243,137,170.856855
571.606855,186,170.949688
377.889184,137,171.018227
374.204008,136,171.08619
657.79948,199,171.185099
400.088716,143,171.257408
360.050446,132,171.324649
362.43061,133,171.391572
393.858832,141,171.462949
382.891318,138,171.532033
402.160665,143,171.603495
391.056914,140,171.67352
362.402647,133,171.740786
362.968866,133,171.807391
568.09705,185,171.900719
378.33165,137,171.970004
552.770797,194,172.794254
559.10962,180,172.926839
599.01139,201,173.076884
329.779605,127,173.170713
373.23774,137,173.27178
560.073553,198,173.417302
394.238169,138,173.518998
538.410807,173,173.647315
486.366198,164,173.767792
552.961945,192,173.910639
599.406174,202,174.059605
470.940937,157,174.255589
586.755958,179,174.344779
463.966265,156,174.4225
594.242089,180,174.512216
554.768115,175,174.599299
447.420184,154,174.675801
530.971248,170,174.76024
397.507079,142,174.832131
489.896022,163,174.913105
379.94164,138,174.981856
461.429842,156,175.060394
514.151278,166,175.143169
513.876997,166,175.225759
632.914646,185,175.318007
506.246025,165,175.400232
592.973283,179,175.490474
389.119372,140,175.560353
610.370825,182,175.651001
640.320255,186,175.743672
527.370526,168,175.82743
482.361369,159,175.906554
561.428134,175,175.994006
391.118402,140,176.06555
534.623443,173,176.151792
480.309377,159,176.230997
565.55722,178,176.320757
500.153235,165,176.40303
591.404491,180,176.493882
476.558529,158,176.572688
471.291363,157,176.651693
561.314342,176,176.740668
617.82834,183,176.837065
615.770406,183,176.933001
403.880699,144,177.008341
471.134625,157,177.086411
472.514582,158,177.164971
396.919186,142,177.237274
472.241113,157,177.318792
521.52791,167,177.404641
555.190136,175,177.491896
468.491892,156,177.570843
599.020515,180,177.663231
627.839742,185,177.755912
397.801237,142,177.828705
398.06067,142,177.900169
611.547685,183,177.996477
505.937574,163,178.082392
410.212417,146,178.159288
436.092509,152,178.23925
481.666013,159,178.319029
354.558397,134,179.149556
504.168281,174,179.295533
359.264126,132,179.40613
527.710838,181,179.558744
396.259446,140,179.67622
299.312794,125,179.779983
570.971586,189,179.936773
583.444628,202,180.108071
349.616749,129,180.215493
618.511438,192,180.375274
540.543288,175,180.520023
377.929042,139,180.635538
411.716137,143,180.839533
389.602127,138,180.911283
498.813313,165,180.993747
487.00373,161,181.073931
587.614698,183,181.166468
484.935483,161,181.248069
408.941082,143,181.321061
674.195421,202,181.423541
660.990874,198,181.523153
648.447128,195,181.62055
645.419589,199,181.719816
635.883055,193,181.81742
669.501438,200,181.916998
606.305788,187,182.010454
600.540865,186,182.104389
670.655568,200,182.203864
492.864346,163,182.285176
663.82137,201,182.385163
404.301669,142,182.456355
653.218518,196,182.554417
652.334955,196,182.653442
668.058191,201,182.753513
670.715458,200,182.853203
658.344042,197,182.952125
668.455854,201,183.054408
408.529237,142,183.127196
659.57024,197,183.228336
648.796834,195,183.325915
390.002709,138,183.395274
670.442812,200,183.500185
433.951031,149,183.578451
394.975061,139,183.64827
612.833004,188,183.742383
586.173163,183,183.833829
672.961746,201,183.934162
421.909223,146,184.007469
644.960393,194,184.104682
419.864507,145,184.178409
671.768816,201,184.278762
581.80977,182,184.3699
662.981623,198,184.468746
399.281963,140,184.538814
612.706945,188,184.633744
655.003164,200,184.734449
666.14999,201,184.836874
670.948803,201,184.939445
628.258484,191,185.037087
663.271826,198,185.137869
661.269218,201,185.240381
403.467732,141,185.313355
552.887039,180,186.158873
561.869154,179,186.290847
561.649582,180,186.42342
389.338582,137,186.526076
350.522884,132,186.628974
567.621944,188,186.774372
597.863912,192,186.919439
551.948984,183,187.057187
624.074576,204,187.209292
639.519545,207,187.365663
409.065033,145,187.475388
635.547,198,187.681865
690.814058,204,187.788794
663.77022,206,187.897601
639.624027,201,188.004113
706.545459,207,188.113393
629.334121,198,188.218229
664.189843,205,188.328172
659.669713,200,188.434075
631.552069,198,188.535446
704.670318,206,188.645924
686.095954,204,188.753331
696.67845,207,188.864813
613.636532,195,188.969011
639.348871,199,189.075227
696.643022,209,189.18539
644.993653,199,189.290165
643.486247,199,189.394829
670.917424,201,189.500921
696.45293,207,189.60849
636.275015,198,189.713157
692.852028,208,189.822577
614.141323,195,189.925523
638.1309,199,190.030483
686.041741,204,190.138444
620.971507,196,190.241816
635.457638,198,190.346302
644.792094,200,190.452146
682.621317,203,190.561201
661.279379,200,190.665021
665.87247,200,190.767606
688.759599,208,190.871262
648.704101,198,190.969683
636.657811,199,191.069117
598.646104,192,191.165037
697.962848,207,191.267987
702.985303,206,191.371499
660.764797,199,191.470342
622.069714,196,191.568203
636.339562,199,191.667543
685.668989,207,191.770794
681.894905,203,191.871613
637.686298,199,191.971573
646.545899,201,192.073265
622.231308,197,192.171747
671.816587,199,192.274594
637.221107,200,192.379697
685.320826,204,192.486788
655.949174,205,192.595629
672.426785,200,192.700395
664.985549,206,192.809077
641.531708,213,193.678252
529.186329,174,193.808261
594.453027,197,193.9541
562.003374,191,194.099373
553.062032,174,194.231115
563.977075,184,194.36736
571.065616,191,194.50915
371.657486,136,194.609145
305.494452,118,194.699387
592.849023,193,194.846968
584.522051,203,194.999769
601.538839,194,195.163644
645.135661,191,195.258714
619.076368,199,195.358236
617.856311,199,195.457962
635.536889,196,195.556214
635.37759,196,195.653598
621.952769,198,195.753202
637.887206,195,195.850004
621.583106,198,195.948503
624.472017,198,196.04757
647.14354,193,196.145816
648.512554,192,196.242417
612.232857,197,196.341611
630.763103,199,196.441882
634.349876,194,196.540625
648.887725,193,196.638761
642.114833,199,196.742179
631.095209,199,196.843314
647.783273,192,196.944884
564.63245,183,197.04149
638.532827,195,197.141661
610.548385,197,197.241636
646.843289,194,197.346134
635.078029,196,197.462956
618.330661,199,197.584311
639.865052,195,197.702254
633.989279,199,197.816118
648.793549,192,197.927469
641.572967,196,198.049269
637.686868,195,198.176567
615.204616,198,198.307369
645.684529,194,198.4264
648.049767,194,198.539567
626.199644,198,198.657003
636.763015,195,198.768392
650.615551,193,198.878791
646.164646,195,198.993243
646.514287,192,199.122741
647.776806,192,199.247664
646.131565,192,199.374475
584.59128,189,199.489642
648.412527,192,199.601861
629.817745,196,199.717584
624.816837,197,199.833822
645.469276,194,199.947664
625.390802,198,200.062717
648.85556,193,200.172672
647.444075,192,200.283511
648.670552,193,200.392403
613.125187,198,200.500263
547.418352,184,201.344942
565.789607,184,201.488444
570.499092,184,201.629317
587.229831,194,201.778532
515.517757,169,201.914014
530.202159,167,202.053415
580.570443,185,202.208999
573.966723,188,202.379377
620.906352,192,202.545628
568.683627,189,202.709676
625.168271,201,202.876798
602.793781,182,202.992245
566.810029,175,203.081235
463.941397,153,203.158225
641.364625,190,203.253407
527.5402,167,203.337288
609.726726,183,203.430579
506.032274,163,203.513443
583.76654,178,203.605946
608.877883,183,203.698066
483.007944,158,203.780688
455.150672,151,203.858553
648.262751,193,203.956095
622.056483,186,204.050058
626.134183,187,204.144303
635.914294,191,204.241807
611.231573,184,204.334384
455.907339,151,204.41007
644.442724,192,204.506928
621.384715,190,204.601881
507.393253,163,204.683589
468.267158,154,204.761255
590.46863,180,204.85588
631.342555,188,204.951448
493.760438,161,205.033579
632.891806,191,205.133555
640.46762,190,205.23187
607.61186,183,205.326538
633.474724,191,205.424066
642.564979,193,205.524248
571.988852,176,205.613222
635.7614,189,205.708064
534.682945,169,205.795821
617.333836,192,205.893452
467.127745,154,205.973499
588.59811,179,206.065248
461.245242,153,206.142191
613.306755,192,206.238771
619.00596,186,206.334465
618.166643,190,206.4318
471.543765,155,206.512278
628.310421,190,206.611518
645.751949,192,206.710101
621.204433,186,206.804157
624.14459,187,206.898343
479.271802,157,206.977268
537.549345,169,207.062413
617.497863,185,207.158628
480.622276,158,207.238179
600.682397,181,207.331359
642.671725,191,207.430315
434.483122,154,208.245739
605.627765,205,208.398211
549.416687,180,208.535433
396.988314,141,208.640688
451.201004,154,208.755136
524.878554,179,208.887772
592.555769,178,209.022024
345.399623,131,209.121102
612.584567,214,209.291941
621.321423,186,209.431071
486.470729,158,209.54945
682.907778,207,209.807614
677.167065,204,209.923753
683.367802,198,210.034914
754.171149,211,210.154505
673.134274,202,210.270469
674.5761,198,210.381907
731.745471,208,210.499233
677.227041,197,210.609716
681.629121,197,210.720208
659.575139,197,210.83124
667.806999,197,210.942633
681.570605,204,211.057676
776.403092,213,211.178445
684.911421,205,211.29622
775.647132,214,211.419335
660.713141,198,211.529379
669.714107,197,211.631532
671.15799,198,211.734738
684.416656,197,211.845315
655.746466,198,211.948393
771.252795,212,212.056184
661.628131,197,212.157655
671.23373,206,212.261249
687.438806,202,212.3625
663.944527,198,212.461612
672.068094,202,212.570397
678.239879,198,212.670885
678.21925,198,212.771708
665.330124,202,212.873796
661.675975,198,212.973688
677.136885,201,213.079213
684.507717,205,213.185792
683.054972,204,213.290418
654.453299,198,213.389392
669.619656,197,213.487803
617.884373,195,213.585423
761.830382,214,213.692449
672.598602,202,213.793488
666.288775,199,213.893581
664.503799,201,213.995434
715.017935,206,214.098634
707.538488,204,214.200305
698.070285,203,214.303279
675.910205,205,214.411642
662.867947,204,214.514732
656.084672,197,214.613064
677.604375,197,214.711251
697.600575,203,214.814138
765.709687,213,214.922873
697.694816,196,215.022557
395.539766,141,215.908826
584.177589,183,216.062371
602.06557,203,216.23365
816.077544,226,216.427391
566.576086,189,216.583358
583.969227,191,216.742804
618.992869,204,216.912993
560.21496,189,217.069385
406.784753,152,217.196017
625.366625,193,217.356251
580.391215,188,217.624384
585.2415,187,217.730875
576.338287,189,217.839634
575.246437,188,217.940691
616.124694,204,218.044779
646.682171,210,218.15057
644.068755,209,218.254629
643.412436,208,218.35837
549.485486,182,218.44969
581.995551,188,218.544434
644.632102,209,218.650175
575.533242,189,218.745508
581.614619,184,218.837646
570.213706,188,218.937409
581.180666,188,219.036998
855.45901,229,219.151679
585.858209,186,219.244914
608.794615,202,219.350129
760.202668,216,219.462827
631.970606,205,219.566188
583.905795,188,219.66185
584.806359,193,219.759222
614.318456,199,219.85913
569.895291,187,219.953242
640.952306,206,220.058803
569.632564,187,220.156065
638.218688,201,220.258512
607.526379,195,220.359309
592.942036,192,220.457381
580.0809,187,220.55178
579.81177,188,220.647658
590.448058,187,220.748598
583.730651,190,220.849607
606.901131,195,220.953061
592.931302,188,221.053968
586.765567,186,221.15362
643.017779,208,221.262041
813.379645,222,221.376829
644.477828,208,221.482659
700.128503,208,221.587401
593.165782,188,221.682805
644.438822,208,221.791902
591.017039,187,221.888711
796.100785,224,222.002807
723.349199,211,222.111798
626.541964,199,222.213618
589.438942,186,222.31132
589.16535,188,222.407856
832.57298,225,222.522938
585.658269,188,222.621448
547.07419,175,223.574877
872.303017,237,223.774774
547.346423,176,223.926594
646.690406,203,224.09657
610.144562,196,224.263752
558.513483,187,224.423753
547.263431,168,224.568382
1019.766983,261,224.79211
633.778647,189,224.935812
759.155118,230,225.112191
558.720099,174,225.231921
594.595934,191,225.328609
578.903375,183,225.420938
567.170755,179,225.513807
551.58834,172,225.602808
573.946726,181,225.694783
561.596457,176,225.785472
561.743292,178,225.876913
611.24799,198,225.978879
576.793142,182,226.073602
561.594405,176,226.162256
560.805175,175,226.254706
577.422087,182,226.362875
563.321118,176,226.463882
584.609018,185,226.568645
579.669269,185,226.674324
562.845766,177,226.779944
561.436018,177,226.882264
575.406257,182,226.988006
557.840648,175,227.088876
581.950928,185,227.194631
580.932129,184,227.298752
556.729654,173,227.396286
577.941221,182,227.50018
691.078707,211,227.625336
578.867562,182,227.730671
562.64691,177,227.833441
558.319738,175,227.93358
582.163463,186,228.04183
584.643927,187,228.151058
574.390352,182,228.257485
566.315468,180,228.360768
578.133448,183,228.464084
556.040217,174,228.56094
572.370361,186,228.662041
576.997042,183,228.754511
589.826147,187,228.848748
574.777642,181,228.939069
558.299906,183,229.03109
584.434797,185,229.125144
574.436058,188,229.219437
559.448162,183,229.313072
572.412178,181,229.405292
565.996568,177,229.495516
561.409838,175,229.588393
569.467235,179,229.685566
703.362804,206,229.797569
565.068168,176,229.885713
790.521701,218,229.997936
576.226707,181,230.088435
628.080192,201,230.924712
567.739194,177,231.056328
623.815232,197,231.201376
626.017373,187,231.339005
616.350627,192,231.480391
277.813521,120,231.570787
536.341988,178,231.701942
648.965309,199,231.854076
609.588869,192,231.999778
557.624289,181,232.133766
478.612918,157,232.249847
607.249873,192,232.409352
559.569987,176,232.497273
552.948377,177,232.58554
652.983602,202,232.687064
562.063633,177,232.778754
553.833648,176,232.869325
645.121948,200,232.971496
569.683321,182,233.062556
622.317401,200,233.162789
589.380091,188,233.257327
548.789414,171,233.344227
582.781252,186,233.437561
612.383703,193,233.536532
559.727834,178,233.62903
574.704105,184,233.724087
572.349901,187,233.821201
582.490054,187,233.915833
554.609029,182,234.009372
558.294891,179,234.101162
568.633416,186,234.195741
640.09735,206,234.300751
558.574033,175,234.390248
641.330557,200,234.490419
593.471451,188,234.585316
594.884697,189,234.682776
586.801571,187,234.779053
555.838431,177,234.868919
554.078047,176,234.957031
570.097407,182,235.048275
555.691417,173,235.136762
581.950191,185,235.231267
580.098363,189,235.328995
591.866898,188,235.426632
556.205278,176,235.516049
694.973828,214,235.624783
643.461506,207,235.730444
556.508795,174,235.820374
573.569978,184,235.915385
551.027832,173,236.00727
559.290998,178,236.099013
582.176879,186,236.195368
614.478644,201,236.296407
562.320747,179,236.385728
582.521186,186,236.481372
555.973237,177,236.572268
564.858502,181,236.662883
551.443883,173,236.750521
545.995382,170,236.835979
553.137136,176,236.926988
559.316034,180,237.018079
340.797792,128,237.852008
493.155535,164,237.994928
471.588961,152,238.122053
686.657742,206,238.300831
882.481515,247,238.510612
552.359004,182,238.66425
495.28768,180,238.816889
577.493258,188,238.976862
932.591765,256,239.193073
611.027665,204,239.359158
675.91528,211,239.611316
634.733546,200,239.725254
625.652375,198,239.837407
661.741929,209,239.956273
615.280041,192,240.065822
657.497028,208,240.184277
652.056566,206,240.299954
662.112944,209,240.417144
596.182027,184,240.521961
587.901737,189,240.641588
617.216023,198,240.768714
586.361065,189,240.884799
656.248158,207,241.010518
591.155008,190,241.115857
620.439424,196,241.220077
588.231315,189,241.318324
651.093798,206,241.422978
634.515517,201,241.524976
606.541546,194,241.641859
676.280614,211,241.763077
614.248471,197,241.87688
669.714376,210,241.996873
569.251167,180,242.0871
596.433761,190,242.183342
601.83473,190,242.278435
653.053023,206,242.381464
622.440274,197,242.479734
655.966373,207,242.583209
637.994153,201,242.683511
660.977993,209,242.78872
654.188865,207,242.892018
642.133096,203,242.993362
652.926967,206,243.09642
617.568495,198,243.200377
614.390821,194,243.301535
654.581845,207,243.405063
655.077308,207,243.508497
591.366611,188,243.602343
606.568689,190,243.696936
658.014463,208,243.800515
645.897568,204,243.902974
693.422184,214,244.00991
616.535577,196,244.107542
626.950935,198,244.206231
617.909563,199,244.305793
599.605308,192,244.402939
621.633249,197,244.502467
612.60957,197,244.600678
646.26948,204,244.705335
620.967137,200,244.807621
503.009109,171,245.737944
435.413046,174,245.876883
633.71318,208,246.040987
561.469697,195,246.195354
616.351792,187,246.337671
548.652979,173,246.4869
565.401054,185,246.649301
338.976955,124,246.752859
565.755577,176,246.88531
590.883231,193,247.026983
818.346396,230,247.196335
962.361323,238,247.351741
656.205442,197,247.450282
875.464758,228,247.564526
650.421477,195,247.661856
607.105505,187,247.754951
655.031288,197,247.853081
549.950156,177,247.943618
679.650369,200,248.044448
611.870598,186,248.13733
618.441256,186,248.23517
663.636721,197,248.339108
626.009637,191,248.43955
607.803194,188,248.535299
671.114158,201,248.635643
611.442728,187,248.730037
859.263225,224,248.844627
630.162541,193,248.942999
1014.015354,245,249.068794
898.667231,229,249.183324
781.683496,215,249.29154
682.920848,202,249.392299
753.745165,212,249.498204
590.837121,182,249.588963
674.805972,201,249.689985
536.282361,173,249.776095
730.568295,209,249.880351
568.225102,180,249.970039
709.224625,205,250.072684
601.18619,184,250.16452
618.519113,187,250.258109
600.708486,183,250.350373
604.91768,186,250.443644
643.51396,195,250.541639
582.415475,181,250.633587
664.068255,198,250.73469
612.618521,187,250.830074
922.168898,232,250.947304
611.112408,186,251.04009
688.081879,201,251.140391
615.722312,189,251.23475
635.569008,193,251.330843
607.628244,185,251.422971
622.538478,189,251.517808
630.78663,191,251.612948
617.258459,190,251.708623
858.748783,225,251.826848
533.252465,172,251.916943
661.721751,199,252.021517
613.110097,188,252.117965
610.456849,185,252.209949
367.821806,138,253.021395
610.470307,194,253.173366
593.600597,188,253.338819
978.064161,248,253.552355
484.677923,165,253.674223
526.122297,180,253.809169
523.452728,185,253.948033
649.187228,198,254.102959
652.203901,191,254.262164
645.427168,201,254.448797
622.605554,203,254.756788
613.972651,196,254.896863
550.738742,183,255.016124
636.589294,210,255.149615
631.98105,206,255.259486
519.590059,173,255.346352
742.639911,212,255.458472
557.378047,185,255.553927
539.620592,177,255.64671
520.584204,174,255.734012
548.146453,181,255.835785
551.948951,183,255.939349
620.39113,205,256.057182
623.978579,197,256.165385
550.378095,184,256.257915
730.745088,211,256.368757
535.396972,178,256.465737
761.224017,215,256.574801
561.187731,186,256.668158
644.621773,213,256.795437
588.874991,190,256.906026
639.752443,199,257.012222
541.270296,179,257.113552
634.926632,209,257.228324
653.166806,201,257.330279
640.442083,214,257.44163
753.617718,216,257.549917
683.405661,210,257.656305
808.621217,222,257.770365
633.81226,208,257.879256
639.88542,213,257.987114
567.853717,188,258.082638
636.336399,210,258.190021
596.02961,192,258.289497
550.369167,181,258.380535
750.654081,214,258.488065
582.608977,192,258.591806
779.190016,217,258.707252
637.330872,211,258.813789
661.459931,202,258.92007
614.200786,196,259.035903
672.726687,209,259.162173
750.091622,214,259.27197
525.462813,175,259.371265
596.877906,198,259.485804
581.535747,193,259.596602
591.576131,196,259.7095
576.079949,191,259.819039
743.097095,212,259.939909
584.274531,193,260.050242
541.839579,174,261.058568
776.399684,225,261.264859
597.007862,199,261.432569
609.176413,198,261.599863
628.318204,195,261.762373
522.269736,185,261.916193
617.64153,216,262.09756
538.631362,180,262.25329
738.037513,222,262.456023
677.915685,210,262.636617
708.248074,207,262.795576
639.66725,196,262.893249
723.885609,210,262.998004
732.475146,212,263.103624
722.735985,209,263.216303
608.924423,191,263.319623
638.125289,195,263.416975
742.284887,212,263.524516
718.245254,209,263.632172
700.051743,205,263.734297
723.616081,210,263.84014
781.302356,215,263.948375
737.44384,211,264.053593
680.739508,204,264.155535
742.839586,215,264.265758
730.046719,211,264.375848
724.688492,211,264.496319
710.231585,207,264.603645
829.309154,219,264.719889
732.291529,212,264.843622
706.779721,206,264.948914
707.661635,207,265.054013
749.178432,216,265.161842
724.521778,210,265.266329
746.510459,211,265.372702
730.54256,210,265.480124
732.66339,212,265.594016
698.889057,205,265.711047
691.17303,204,265.829158
624.823553,193,265.950766
714.702521,208,266.064858
657.605628,198,266.16853
600.529161,190,266.279042
741.299855,215,266.388322
742.438807,215,266.496335
609.589775,191,266.592681
806.398878,216,266.703417
750.423291,217,266.818819
830.685669,216,266.936554
722.480285,209,267.058399
642.854674,197,267.174576
708.031695,207,267.294192
601.834566,190,267.401361
732.432526,212,267.508039
723.21131,210,267.61465
734.397587,213,267.720792
725.043249,211,267.826836
674.623726,201,267.92681
655.552219,199,268.032201
649.568765,198,268.130838
716.770385,207,269.000666
607.401673,196,269.145342
558.67461,191,269.301177
617.039645,216,269.492224
589.527547,191,269.660982
528.435774,168,269.784997
567.696495,193,269.927546
598.419673,186,270.072639
508.916363,178,270.209431
490.624369,177,270.353896
582.578466,189,270.586925
518.884503,173,270.673285
585.302099,191,270.768671
570.566796,190,270.863529
552.439576,183,270.959122
643.136391,211,271.07193
585.29616,192,271.168389
579.436973,189,271.268257
646.508922,213,271.377831
548.187014,181,271.468187
636.157684,207,271.573572
595.041872,192,271.670416
531.399549,176,271.758384
639.502101,209,271.865907
602.635764,195,271.968762
560.780866,185,272.074592
579.942795,191,272.18992
640.914271,209,272.325471
577.368848,188,272.439598
538.902459,179,272.562717
644.507298,211,272.699751
587.852272,195,272.825952
592.931149,192,272.94929
577.254149,189,273.066288
640.668374,209,273.180097
642.509393,210,273.286331
608.624533,196,273.387217
575.213617,191,273.486769
509.862568,170,273.584816
644.429145,211,273.697002
631.545568,204,273.814428
601.738837,194,273.926001
641.865353,210,274.044938
587.947775,191,274.15532
638.608223,209,274.261209
526.992918,175,274.348732
560.456048,184,274.449739
592.092996,192,274.547745
615.072761,198,274.64787
547.175151,181,274.738339
517.07487,172,274.823951
568.532223,186,274.916507
642.284559,209,275.020655
640.083138,209,275.124635
577.276945,192,275.220488
533.393386,176,275.308521
640.731696,209,275.412912
579.296405,192,275.509519
643.966268,212,275.625803
641.01065,210,275.730599
627.563653,212,276.620988
524.90056,190,276.785104
624.079923,210,276.978885
508.028901,185,277.143853
567.101291,188,277.308955
622.17036,208,277.512794
587.142836,176,277.669394
541.836928,180,277.838583
473.603262,169,277.980179
594.001789,189,278.146183
545.18214,178,278.39911
564.377114,182,278.504023
501.90005,166,278.608064
572.856182,183,278.713262
573.885279,186,278.819053
511.749874,168,278.919436
530.306095,174,279.032013
746.275135,211,279.170799
511.577818,169,279.277284
501.057113,165,279.375883
714.696973,206,279.48926
507.868243,167,279.583996
545.331075,178,279.685328
551.109197,179,279.786726
498.759446,164,279.880348
574.939103,185,279.984985
572.8968,185,280.089913
547.431203,178,280.190734
590.581769,187,280.298056
586.207918,187,280.418415
541.221046,176,280.525487
505.767187,168,280.619871
565.835978,182,280.722616
488.057631,162,280.813654
490.256125,162,280.903587
585.046123,189,281.002502
741.591872,211,281.110032
557.840475,183,281.201512
574.196224,184,281.293341
546.824928,180,281.383263
543.903921,178,281.477787
545.345701,178,281.575271
576.334524,187,281.679009
498.656709,164,281.775798
568.986952,183,281.880702
515.084636,170,281.969291
570.633111,184,282.068178
549.074883,180,282.163474
573.347181,185,282.261294
507.246488,167,282.34919
519.254163,171,282.43952
515.958493,170,282.529735
579.501845,189,282.629573
572.499651,187,282.7381
740.659557,210,282.859314
529.77375,174,282.957974
538.340089,176,283.059346
534.931098,175,283.159112
505.071882,167,283.255324
532.027488,174,283.354211
554.022327,183,284.326717
531.49778,181,284.480296
718.86632,221,284.663141
589.920539,197,284.825678
635.371139,188,284.978356
588.519542,203,285.131325
636.496591,206,285.282709
653.684608,208,285.435635
720.185277,229,285.605413
748.853227,224,285.771287
648.725306,208,285.895269
647.371952,206,286.000091
652.635429,211,286.106759
649.448514,208,286.210577
620.706954,197,286.308565
650.05928,208,286.411826
580.073337,186,286.504371
648.537929,206,286.606617
649.145188,208,286.710911
549.479259,179,286.801314
650.233788,209,286.905571
651.358887,210,287.011534
648.583102,208,287.115614
647.726114,208,287.221776
651.265853,210,287.327709
648.393248,208,287.457685
647.583909,208,287.577833
649.133625,209,287.697068
652.323326,210,287.807259
639.961625,203,287.909538
654.725937,211,288.016135
650.5555,207,288.122413
646.038198,205,288.231119
562.131396,183,288.325685
648.926324,208,288.429613
644.800869,207,288.532725
646.561485,207,288.639291
584.461078,187,288.732805
558.617656,181,288.824172
544.754435,177,288.912606
541.79043,176,289.000386
647.570779,208,289.104295
649.273365,208,289.209268
652.197863,210,289.314995
535.176741,176,289.40445
644.039407,207,289.508009
647.633923,208,289.611964
627.274205,199,289.71123
632.954376,201,289.812208
548.108423,179,289.903042
554.855586,181,289.993496
545.914949,178,290.091192
549.930629,179,290.194983
549.489234,179,290.29881
650.722048,209,290.420753
645.718434,207,290.525055
646.553707,208,290.62963
647.087695,208,290.733725
580.789877,186,290.826774
643.428285,205,290.928989
578.170574,185,291.780246
1003.618125,275,291.984298
594.706637,189,292.123917
707.411304,196,292.269853
640.466536,209,292.424341
656.784044,207,292.577035
534.169591,184,292.712757
582.186962,195,292.857792
622.123308,210,293.013194
652.03187,211,293.276576
656.717477,214,293.384295
656.960102,215,293.491821
658.74382,216,293.599688
658.273697,215,293.70843
639.280493,204,293.812556
662.203027,218,293.937627
644.295419,205,294.061399
654.25636,212,294.192256
643.297869,206,294.32177
658.370432,215,294.448701
603.820052,193,294.562527
646.020225,207,294.684418
640.630018,204,294.805391
622.016273,198,294.920143
654.179089,212,295.04535
658.132269,216,295.172851
654.596371,213,295.297285
655.761851,214,295.421309
646.306882,208,295.542882
645.55573,207,295.664375
617.070352,197,295.779952
645.659214,207,295.902005
621.096014,198,296.016912
652.07771,211,296.140826
641.601023,205,296.261116
657.406043,214,296.387285
650.29336,210,296.511284
642.969362,205,296.631943
652.451364,211,296.75371
651.066293,210,296.877329
637.963971,203,296.996741
636.021751,203,297.116862
642.427859,205,297.236845
629.248817,201,297.355313
641.413489,205,297.500747
642.662188,205,297.639985
651.389264,210,297.778034
639.984027,204,297.903978
650.758809,210,298.019071
636.478137,203,298.134011
658.564592,216,298.259611
652.526676,212,298.371882
624.410953,199,298.487672
637.886785,203,298.602455
640.623301,204,298.716221
644.001641,206,298.836376
644.027356,207,298.958523
658.965819,216,299.067559
643.748183,207,299.171078
649.992329,202,300.046918
653.486018,211,300.208665
558.745832,185,300.388029
876.95029,240,300.569881
584.839768,191,300.712976
693.53888,218,300.873811
861.166431,235,301.04812
665.523312,200,301.196809
646.749868,213,301.353797
569.924648,183,301.599025
657.51612,209,301.719581
654.843304,207,301.840308
589.761858,188,301.951037
656.140762,209,302.057592
663.034024,213,302.163964
616.684929,195,302.264857
555.768276,179,302.367304
648.800707,206,302.482492
529.230891,173,302.585065
554.407191,179,302.680604
552.780747,178,302.773635
659.389375,210,302.896273
559.10722,181,302.993834
528.951269,173,303.081712
655.147112,206,303.1847
610.125288,193,303.281021
624.749562,198,303.380098
655.133699,208,303.484502
598.584377,190,303.580572
574.56574,187,303.674264
637.847234,202,303.775021
543.486657,177,303.863607
654.420165,207,303.982108
660.473061,211,304.104645
651.991043,204,304.222681
651.64765,204,304.334143
659.39451,211,304.440354
657.331342,207,304.545632
552.298898,179,304.637258
550.42645,178,304.730451
656.196787,208,304.850484
635.024085,201,304.967265
648.414578,206,305.087203
654.843408,206,305.19534
563.409822,183,305.287215
649.521227,207,305.393243
649.501239,207,305.512139
627.471848,199,305.618631
583.317293,186,305.711704
655.905538,208,305.815801
658.463704,210,305.931256
533.998246,174,306.033087
653.772984,205,306.142865
655.759214,206,306.24698
566.018457,183,306.33891
567.503684,182,306.440861
665.197062,211,306.55675
661.636254,212,306.666247
645.867648,203,306.780738
555.635352,173,307.58869
504.095706,174,307.717154
861.411882,212,307.876114
1014.726703,270,308.112268
537.83754,185,308.275129
612.799515,196,308.448768
620.418206,210,308.631429
558.702528,174,308.76501
624.879479,198,308.932423
618.50404,194,309.077282
621.997522,190,309.230029
710.600929,208,309.333738
715.05076,208,309.43749
719.67655,211,309.542806
715.71608,209,309.648084
715.77232,210,309.75261
637.217445,192,309.855571
718.772128,212,309.976759
710.648457,208,310.085276
821.331451,227,310.19963
716.666174,210,310.304561
709.571793,207,310.409582
718.022234,211,310.52951
846.950497,231,310.654384
711.452655,209,310.759938
716.409874,210,310.865898
717.371854,209,310.970148
716.218729,210,311.07482
718.834777,212,311.180608
916.266039,243,311.301816
709.60315,206,311.40947
710.848712,209,311.517949
709.984329,209,311.626644
717.083618,211,311.752351
711.26968,209,311.876813
891.455689,238,312.011726
708.057564,207,312.134803
712.317012,209,312.258238
904.67095,241,312.397631
854.253964,232,312.523222
716.986646,209,312.629238
719.54547,211,312.735335
716.965771,209,312.840047
715.321469,213,312.946806
709.527374,208,313.050668
884.143038,237,313.184448
714.218972,207,313.306016
714.619356,209,313.426826
718.473851,212,313.542337
757.472923,219,313.651688
721.555246,214,313.759542
714.405522,208,313.863579
710.724367,209,313.968154
717.267346,210,314.074319
732.358503,216,314.183146
874.331704,235,314.300642
760.92856,220,314.411647
710.417963,208,314.515505
720.198461,212,314.62213
716.766188,210,314.735137
920.6564,246,315.637007
896.060077,251,315.822956
785.585766,215,315.982168
680.796496,193,316.124124
590.510754,193,316.266838
682.933854,210,316.421833
571.109463,191,316.562928
727.292143,225,316.729453
494.227878,171,316.855093
646.771193,204,317.084066
634.304994,200,317.183559
627.188142,198,317.281977
655.546518,207,317.386575
692.624776,209,317.492898
629.69826,199,317.593993
627.31276,198,317.694051
668.939995,212,317.799597
665.686768,211,317.904671
638.762641,202,318.00524
636.362223,201,318.10603
597.634479,190,318.200495
667.503177,208,318.305203
691.568967,207,318.408305
608.359546,191,318.503079
589.974018,187,318.599132
668.152091,212,318.709262
656.930069,207,318.816907
668.186004,212,318.923979
643.868239,203,319.029608
642.366556,203,319.139194
649.27321,205,319.24943
654.793218,207,319.368847
633.22171,200,319.490637
592.680269,188,319.59788
701.989354,211,319.718174
631.902139,200,319.835935
659.442589,208,319.95827
649.589233,205,320.077053
692.467717,207,320.195132
659.533785,205,320.314229
664.157556,210,320.433171
631.342785,199,320.545823
628.767494,199,320.655988
649.095917,205,320.763969
710.810898,211,320.871816
614.200128,194,320.968292
647.233985,204,321.070369
661.833554,209,321.174618
665.595621,211,321.279735
594.862502,188,321.373155
633.909839,201,321.473778
634.39934,201,321.573755
660.483929,208,321.678813
643.220655,203,321.781007
662.388255,209,321.885256
664.230335,210,321.990098
636.643696,201,322.090799
610.010685,191,322.185651
657.295473,207,322.288556
576.429703,172,323.180444
729.716535,221,323.366053
671.035351,216,323.547311
934.047418,236,323.744967
578.866342,193,323.908497
936.148355,256,324.123714
685.545625,212,324.307751
789.33283,223,324.50044
608.097444,183,324.646343
694.764773,221,324.871413
679.88264,219,324.980878
854.65156,242,325.103303
651.376206,213,325.209972
639.368531,206,325.312918
639.008264,205,325.417066
731.498274,226,325.530503
641.050742,207,325.634336
640.136874,206,325.740696
642.582922,208,325.845421
644.388572,208,325.955094
649.537386,212,326.071087
643.076817,208,326.178355
648.034292,212,326.287912
650.203518,213,326.395325
646.650086,210,326.500988
780.287498,232,326.617794
766.785298,230,326.736157
753.750867,229,326.857407
677.717468,219,326.972651
650.855364,213,327.080535
636.264287,205,327.183488
729.561558,225,327.297295
650.460534,212,327.404115
647.052854,210,327.511168
645.650422,210,327.617136
638.888385,206,327.720945
748.604577,228,327.837924
714.743403,224,327.952293
646.33011,210,328.058728
639.005871,205,328.162346
838.891392,239,328.282388
658.870411,215,328.390162
643.23311,209,328.494846
642.206518,208,328.598887
641.623298,207,328.703658
666.309712,217,328.812353
649.06116,212,328.918652
848.899618,241,329.039273
639.605195,206,329.142299
767.925161,230,329.259741
647.730249,211,329.38429
693.462518,221,329.512902
675.854717,218,329.64145
643.106081,208,329.750139
646.453856,211,329.85701
758.165927,229,329.973325
648.674691,212,330.080069
666.087495,217,330.189308
666.73395,217,330.299079
855.599232,247,331.354272
576.553583,198,331.553079
581.94752,208,331.754485
629.450783,213,331.933508
794.397429,230,332.159025
841.767938,242,332.406606
604.899587,181,332.582724
756.472276,225,332.768907
558.940048,181,332.919956
703.143539,207,333.151876
695.234276,205,333.266792
704.440995,208,333.383318
703.838506,207,333.500319
721.388806,215,333.621037
712.358628,212,333.735091
700.926638,206,333.840986
715.128586,213,333.949446
711.159716,210,334.059151
713.667489,211,334.181611
703.585878,207,334.302812
702.716314,207,334.423803
709.523571,204,334.528608
698.237736,206,334.631543
708.35063,207,334.735353
706.792298,207,334.83858
702.973876,207,334.9418
702.661278,206,335.044594
699.477498,206,335.14747
694.889449,204,335.249862
701.897419,206,335.353485
710.302639,209,335.457871
703.311922,207,335.561544
703.419981,206,335.666431
708.620342,208,335.772401
708.5438,207,335.876883
711.884678,209,335.981307
711.326397,210,336.086092
719.003354,213,336.192284
695.135922,205,336.29476
713.793635,211,336.400181
694.812141,206,336.503933
702.130251,206,336.606727
709.641179,209,336.71098
703.586048,207,336.815575
693.082935,206,336.9189
719.145999,214,337.02617
709.645664,209,337.132603
704.513891,207,337.235897
700.674677,207,337.340529
652.209707,195,337.439561
703.668891,208,337.553317
701.744767,206,337.675927
700.696181,206,337.798436
695.56491,205,337.935454
693.820929,202,338.038021
676.799905,199,338.137821
699.370697,206,338.241421
714.091311,213,338.349597
717.629454,215,338.46027
658.056371,216,339.403422
917.101536,255,339.615861
644.060555,190,339.759271
701.749347,208,339.919133
621.348434,186,340.060225
660.154107,203,340.210704
980.688175,254,340.405171
726.21147,221,340.572799
811.133012,247,340.756335
632.085019,202,340.922526
633.227386,203,341.027001
642.177082,207,341.130859
638.151493,206,341.236401
645.572931,210,341.342556
647.466049,212,341.450986
647.644558,212,341.557913
643.704852,210,341.663937
646.587907,211,341.772123
660.994269,215,341.881145
634.171347,204,341.985139
640.738853,208,342.093011
648.556825,212,342.20148
646.76487,211,342.309244
633.621539,203,342.41382
631.987322,202,342.517675
650.765884,213,342.627218
628.497467,201,342.730288
642.391932,209,342.837404
649.912728,212,342.945647
656.862197,214,343.053655
631.473244,202,343.157916
639.877645,206,343.262553
633.740039,203,343.365813
646.831718,211,343.475177
656.904343,214,343.585154
629.714349,202,343.687854
646.650171,210,343.794081
648.420097,212,343.901812
638.414084,205,344.008329
642.915572,209,344.113811
646.006808,211,344.220478
646.601713,212,344.330475
645.375867,211,344.437654
649.22699,213,344.547962
631.951393,203,344.65207
649.586829,213,344.762907
633.897056,203,344.865287
642.232293,208,344.970799
645.33482,211,345.07778
630.84925,202,345.179121
639.664282,206,345.282409
645.158639,211,345.388116
637.205317,205,345.491649
632.479612,202,345.594032
633.314465,203,345.695625
644.015867,209,345.800275
670.841537,217,345.908891
640.278843,208,346.01356
629.227204,202,346.116822
519.4463,169,346.963221
807.266907,225,347.140518
910.100976,237,347.327118
693.915043,211,347.488201
904.841068,244,347.6744
801.94659,228,347.842823
836.25925,230,348.018909
770.589821,229,348.19404
922.465252,263,348.393821
667.760701,211,348.522529
770.054297,224,348.637972
668.919848,211,348.745035
1025.812854,257,348.875773
650.283433,205,348.996751
651.35604,205,349.100702
656.494622,206,349.204527
666.455521,210,349.326864
663.283782,211,349.452443
754.028272,223,349.58731
916.575931,243,349.727938
732.919079,220,349.856806
657.758418,206,349.978106
905.157397,241,350.11579
661.691888,210,350.230405
995.75753,253,350.358565
650.841531,205,350.463511
688.696984,215,350.5731
802.043063,228,350.687092
966.153639,249,350.811596
1027.77425,257,350.93997
678.676736,214,351.046901
724.197976,219,351.157143
1035.170459,257,351.285269
659.947147,209,351.390838
800.815409,228,351.50784
755.435857,223,351.621507
651.735533,206,351.726758
741.24891,221,351.842139
824.996568,231,351.959943
655.511616,205,352.062073
659.347133,208,352.170994
1056.49023,261,352.306565
657.196385,206,352.409429
765.414115,224,352.526123
794.932025,228,352.646089
663.263629,211,352.757638
669.873671,212,352.864535
946.85881,246,352.987583
660.194451,208,353.096022
665.259787,209,353.203043
663.842627,211,353.310767
666.725087,210,353.418235
923.285732,243,353.541673
666.611016,210,353.646585
655.528611,205,353.749097
668.231903,212,353.854772
664.352532,212,353.961765
755.999568,223,354.074481
735.984064,221,354.185089
751.179369,219,355.14137
557.427259,185,355.279839
747.889912,214,355.445707
952.676548,267,355.663236
664.383039,211,355.849099
727.333728,210,356.033249
715.124641,222,356.202106
673.251084,224,356.370319
738.645933,226,356.569685
791.684068,222,356.764413
755.186806,218,356.892743
738.801841,216,357.014332
813.398957,225,357.144605
727.214404,211,357.256079
757.994244,218,357.382332
749.48091,217,357.497578
774.904153,221,357.608821
727.338152,212,357.715434
914.1992,237,357.834181
729.609102,213,357.94948
769.301099,220,358.065646
732.245502,212,358.180199
866.831013,232,358.315719
908.075732,236,358.438557
823.456717,226,358.551323
978.351555,245,358.673737
947.909508,242,358.795517
852.086669,229,358.911068
976.562939,248,359.035441
726.323318,211,359.14078
991.349121,248,359.26678
735.594597,214,359.39036
988.902562,250,359.536242
727.717027,211,359.658895
885.500994,233,359.775583
742.960275,216,359.883191
720.717736,211,359.989139
976.095746,250,360.121138
728.814502,212,360.246447
964.141715,246,360.390772
939.368104,241,360.52575
760.338442,219,360.636228
737.364341,215,360.744415
725.844213,210,360.849517
739.980201,216,360.956962
813.469121,225,361.069096
789.889799,222,361.179708
760.948964,219,361.292779
972.104444,246,361.436032
740.528284,217,361.562232
730.681512,214,361.686339
731.483611,215,361.811347
990.09918,249,361.979421
986.151412,248,362.126743
736.070902,214,362.235469
735.64531,215,362.343121
779.730382,221,362.456114
961.977962,244,362.579643
980.647746,247,362.718044
751.936327,208,363.641983
553.190825,190,363.785195
659.455509,215,363.963285
975.09516,261,364.155864
862.115745,239,364.333332
640.469713,189,364.487257
876.108167,242,364.670689
706.301252,224,364.837004
781.916808,231,365.010878
670.80599,210,365.165564
663.309181,207,365.26878
806.569614,235,365.386378
804.85375,233,365.505577
807.41236,233,365.622251
760.181359,225,365.734631
795.998505,230,365.849345
795.389864,230,365.963584
669.258153,209,366.068478
801.26312,231,366.183711
679.527861,212,366.289582
769.117072,226,366.403701
677.598213,211,366.509233
782.987957,228,366.623388
760.005903,225,366.737951
705.208551,218,366.860258
773.946848,227,367.024734
759.940747,224,367.177237
668.056663,209,367.297865
796.473626,230,367.428067
794.639831,230,367.574291
741.158742,222,367.708754
814.717954,232,367.849496
670.802445,210,367.969338
686.281117,213,368.090644
678.184408,211,368.222744
782.958433,228,368.358873
814.724271,234,368.496438
682.425824,214,368.626361
730.621073,221,368.753799
690.338146,216,368.868807
803.817773,232,368.986273
761.262079,225,369.099201
782.137417,228,369.213805
791.368848,230,369.329173
668.691272,209,369.434105
804.618955,231,369.551634
678.787437,212,369.659853
688.078401,215,369.768199
688.221206,214,369.877074
806.360177,235,369.996869
774.460607,227,370.113824
756.685319,224,370.230177
808.828011,234,370.348339
768.509469,226,370.46341
688.634402,216,370.573325
811.300542,232,370.691799
668.586401,209,370.797494
715.96729,219,370.908875
792.945863,229,371.024983
574.257131,189,371.945927
1031.840729,265,372.168154
690.905125,213,372.346407
728.534901,215,372.529652
747.727618,229,372.724347
674.17704,213,372.902985
867.431217,229,373.09477
849.840553,244,373.294426
659.996948,208,373.45489
879.01394,236,373.61861
988.2906,251,373.75429
940.892956,244,373.877915
1044.245081,259,374.009504
1038.349566,259,374.140992
1053.270785,262,374.278955
959.638461,246,374.405782
1044.064657,263,374.538857
1045.906422,262,374.671383
1040.008498,258,374.801956
889.289167,238,374.923575
1045.611644,264,375.057234
857.849595,234,375.183714
1031.126499,257,375.336087
907.736244,240,375.474141
826.317365,230,375.60427
1015.592449,254,375.748528
906.125017,240,375.886311
1006.8543,252,376.031286
1054.77989,262,376.185475
1029.703391,256,376.332507
1052.68446,264,376.483892
852.067599,233,376.615614
647.821486,209,376.735694
907.901587,240,376.875688
888.939328,238,377.012087
854.688434,233,377.148018
981.945803,249,377.292037
908.949905,240,377.433803
866.910745,235,377.570723
678.224956,213,377.694654
916.910487,240,377.833697
1044.977175,261,377.984921
957.000855,246,378.128379
991.679327,250,378.274841
968.656822,247,378.41894
868.701377,236,378.558234
1045.835816,263,378.708639
981.965443,249,378.849385
978.056134,249,378.992239
1010.765852,254,379.140486
1056.413388,262,379.292199
1017.381115,255,379.440087
1004.517056,253,379.58459
865.307289,235,379.720648
918.78077,241,379.859372
1053.904265,263,380.009832
855.435458,234,380.143437
957.863849,246,380.283738
671.307365,212,380.400844
828.31375,230,381.273502
709.047486,221,381.438954
668.339904,220,381.60457
684.587353,220,381.772985
636.216762,193,381.918615
659.517216,205,382.071722
533.554226,186,382.210331
630.255717,205,382.367201
704.088913,221,382.534538
919.324752,243,382.77986
934.280047,247,382.907296
927.723169,243,383.03026
943.658566,252,383.15886
933.012161,255,383.290688
948.861691,251,383.427285
935.234131,254,383.572368
933.138259,252,383.699929
785.413118,226,383.814054
934.734709,246,383.940392
814.993625,229,384.058745
932.809327,245,384.185595
948.263202,247,384.313286
941.866534,252,384.442929
920.594277,243,384.572872
919.447738,243,384.73504
858.987977,235,384.880769
932.718711,245,385.026927
942.33798,247,385.174111
856.062492,235,385.313768
949.256887,251,385.458578
940.614168,255,385.603449
926.027174,254,385.752385
945.599889,255,385.904117
943.751228,252,386.055182
931.449151,244,386.200526
942.846666,254,386.35126
940.38878,247,386.495386
932.201208,246,386.636515
917.063843,242,386.765789
933.24912,251,386.89638
944.446832,249,387.027384
942.103726,251,387.158651
932.884427,246,387.287468
933.019194,255,387.42212
895.033943,239,387.548723
895.366358,239,387.674747
887.936952,239,387.800397
943.466147,249,387.929491
932.749382,245,388.053015
899.394696,240,388.174114
906.942107,241,388.295483
931.62585,254,388.42412
950.640741,254,388.557612
908.967402,242,388.681641
932.494685,246,388.806423
942.669928,247,388.933098
949.324493,252,389.062969
889.938033,239,389.18804
936.28101,253,389.318493
649.972609,219,390.182061
636.757074,197,390.328341
602.870843,189,390.467946
952.426175,284,390.678488
629.986788,210,390.835245
698.123241,226,391.00311
597.040301,209,391.157924
738.753634,225,391.324785
800.027359,212,391.481814
848.779191,229,391.666198
782.052027,221,391.777334
944.885228,245,391.900663
759.598891,218,392.009993
971.121031,252,392.138093
706.040661,211,392.24563
954.111232,242,392.369848
988.298411,255,392.50156
840.209586,228,392.618508
860.980425,231,392.737223
819.689049,225,392.852687
846.191404,228,392.969677
961.470383,250,393.098425
949.422954,247,393.22713
959.698675,244,393.350777
953.737294,249,393.476809
942.601142,245,393.600749
865.128738,231,393.717425
957.954265,249,393.843549
1066.312989,266,393.977998
884.655904,233,394.095974
929.659936,239,394.225202
831.624027,227,394.357545
946.267894,244,394.484784
980.191929,254,394.614162
812.4253,225,394.737607
963.079847,251,394.866328
960.636257,243,395.004274
966.852443,251,395.155833
949.070877,247,395.304097
929.58541,239,395.435302
896.921073,235,395.558698
954.925331,244,395.703139
950.673859,248,395.854661
959.09348,250,396.001326
957.37378,249,396.129226
895.832598,235,396.248071
950.685147,246,396.372698
956.237051,243,396.496638
706.502776,211,396.608395
953.410631,244,396.751553
849.649272,229,396.884242
817.206237,225,397.014183
968.452793,251,397.161549
961.207587,245,397.306912
964.127037,251,397.44733
938.723573,245,397.574396
944.618333,244,397.697871
946.435723,241,397.826263
741.867077,216,397.961176
943.742192,242,398.988567
709.361062,229,399.188304
802.701764,251,399.412825
694.488927,228,399.604919
935.682529,248,399.808073
690.08742,208,399.966971
1017.538358,270,400.176105
921.030671,254,400.370424
885.077314,246,400.596883
866.539939,247,400.723119
849.520098,238,400.843036
862.096011,250,400.969519
871.464885,250,401.111239
886.939386,248,401.257505
820.247992,234,401.394746
878.068824,249,401.521962
819.869476,234,401.639301
840.763489,237,401.758255
885.294459,247,401.884349
860.419074,249,402.010432
829.115917,235,402.129508
892.846663,245,402.252779
891.034727,244,402.387414
870.900014,241,402.524478
882.98724,243,402.662188
868.164489,248,402.801563
859.406055,247,402.940408
858.745047,249,403.082446
860.636462,250,403.232495
892.443817,245,403.372585
809.409632,233,403.505789
840.852008,238,403.642357
869.230853,248,403.785242
828.676125,235,403.919971
882.402408,243,404.056804
789.708272,230,404.182797
854.210117,239,404.305487
859.5214,249,404.442793
870.44905,247,404.572389
876.370182,250,404.704155
855.199388,239,404.837607
888.129246,249,404.979774
876.24025,250,405.123919
870.066262,250,405.266417
874.913526,248,405.40753
877.148638,249,405.54921
885.203233,244,405.690173
877.234056,248,405.830693
883.367149,243,405.969673
883.163286,243,406.11062
868.387907,250,406.256821
893.556579,245,406.395971
870.51984,249,406.535668
875.583654,248,406.666344
806.886753,233,406.784691
893.022975,246,406.91033
885.372668,249,407.035204
885.762598,247,407.159247
891.274957,249,408.038244
929.278177,243,408.220316
720.16872,223,408.386037
654.615111,210,408.54193
940.514209,259,408.738507
977.783295,256,408.936422
663.860387,208,409.096403
549.150281,177,409.232689
645.184571,207,409.515792
1018.692977,256,409.680097
807.808135,228,409.833272
919.357461,241,409.973108
651.502992,208,410.077988
914.396467,240,410.198692
652.045073,208,410.305932
869.053415,235,410.425293
1017.970979,259,410.560446
909.611145,240,410.683148
974.703221,250,410.809331
670.652802,211,410.915697
828.564088,230,411.031663
1020.406932,260,411.163983
961.678035,247,411.290316
999.729405,253,411.418635
762.942256,222,411.530599
886.94404,237,411.650254
1023.632717,258,411.806985
654.02311,209,411.93842
1019.913008,256,412.112678
728.462127,218,412.223819
651.579726,207,412.328545
644.357782,207,412.432113
1016.864218,260,412.562669
652.937757,209,412.667701
732.902961,218,412.777249
929.016201,242,412.900317
647.008013,208,413.00479
755.391258,221,413.116269
1023.832591,260,413.246984
1023.897543,258,413.376522
1018.567077,257,413.507565
1014.653041,256,413.638801
1017.600725,255,413.769756
796.435708,226,413.885639
986.900386,250,414.01402
735.398996,219,414.12609
669.330101,211,414.2319
745.08421,220,414.342232
803.946328,227,414.455963
651.456016,207,414.559618
651.393366,208,414.664812
918.97558,241,414.785586
941.190765,244,414.907774
966.962754,249,415.032715
1019.736183,258,415.162232
1008.692724,253,415.290317
775.359587,223,415.402266
818.05767,229,415.517209
662.17631,216,416.368974
710.856507,200,416.518637
704.607823,210,416.674788
707.913857,204,416.827749
882.642181,232,417.02191
886.207817,248,417.249296
627.154267,209,417.416852
862.902459,250,417.618382
814.788087,241,417.831692
899.786125,236,418.020602
693.983476,206,418.142968
885.846684,234,418.282836
696.382504,206,418.405082
868.707203,231,418.541553
706.636488,211,418.673663
702.164071,209,418.811404
800.900306,223,418.947365
899.940212,236,419.075932
688.708557,204,419.194517
866.832393,231,419.326726
858.19077,230,419.467453
703.152403,209,419.591773
704.633857,209,419.715774
923.56488,241,419.858824
792.827944,222,419.991902
693.897686,205,420.111653
891.276464,234,420.231253
924.632582,242,420.354644
952.529553,249,420.480939
722.507244,212,420.588978
709.630102,210,420.695677
938.009908,246,420.824541
900.321296,236,420.94878
842.717576,228,421.084811
882.943492,233,421.223807
742.548678,215,421.349478
693.447164,205,421.483899
703.226677,209,421.617406
925.051237,243,421.76312
920.095235,242,421.900478
916.859175,241,422.039792
912.272131,239,422.185544
730.4615,214,422.323018
818.84229,225,422.468328
705.94223,210,422.598524
705.868222,210,422.716825
718.034167,212,422.83637
716.759667,212,422.954813
877.273691,232,423.078279
811.228263,224,423.194025
913.268778,239,423.314523
896.456071,236,423.433445
923.194477,242,423.555225
688.662989,205,423.66148
929.566177,243,423.787027
702.515207,208,423.900572
756.498755,217,424.019024
947.582303,248,424.155445
852.385914,229,424.275576
801.515657,237,425.140622
815.727001,242,425.319445
692.337183,208,425.476314
681.668,221,425.638899
779.182582,224,425.804142
655.609596,211,425.966234
741.757089,254,426.154787
882.674004,258,426.344925
946.713434,250,426.624645
794.173215,227,426.738802
882.121453,239,426.858295
925.144844,248,426.98279
923.635928,246,427.112198
786.172158,226,427.241008
940.650368,246,427.380121
936.048641,251,427.522883
936.386706,253,427.668021
900.420359,241,427.806624
921.176855,252,427.942402
916.283211,251,428.068108
934.720548,252,428.20012
933.089108,248,428.330765
917.012547,250,428.461812
932.81143,248,428.585828
941.835946,249,428.710151
945.596324,248,428.834399
877.567972,238,428.964359
772.163912,224,429.093363
909.764458,242,429.233748
871.314611,237,429.360029
925.824274,248,429.484044
927.021516,249,429.609352
932.408721,246,429.73254
795.013767,227,429.858428
906.969182,248,429.988373
935.072388,249,430.119919
924.401948,245,430.260301
950.266193,249,430.402873
778.2081,225,430.532021
818.679578,230,430.650764
944.480735,250,430.777079
944.270795,247,430.901222
826.867388,231,431.017424
928.060867,249,431.142131
918.57853,250,431.267177
945.366581,252,431.394352
936.198556,249,431.534944
931.971711,247,431.677509
934.916428,248,431.822759
871.335249,238,431.947183
935.054182,249,432.075581
925.432266,251,432.204502
931.651286,246,432.336273
933.307257,246,432.470297
868.929073,237,432.610228
933.38536,248,432.753886
935.451716,250,432.898227
936.060902,248,433.056303
629.95826,201,434.056746
911.130663,254,434.27564
579.64732,188,434.44113
671.624077,201,434.606995
740.256329,223,434.78306
586.649332,186,434.920044
793.154064,223,435.084592
842.205189,237,435.259854
857.337932,250,435.447397
1032.177039,262,435.653791
1000.796674,269,435.81078
1022.093535,261,435.96832
1028.751808,263,436.122254
985.924817,269,436.271185
1002.299362,266,436.410845
987.721933,268,436.551798
984.258162,268,436.690893
1021.176204,263,436.829893
1004.343625,266,436.963952
984.791494,268,437.103075
986.363454,268,437.242353
993.134053,269,437.384928
1001.913922,268,437.530605
1021.59947,263,437.66953
992.161482,269,437.807126
1001.726214,268,437.941262
1003.474383,266,438.076468
1001.079442,268,438.215906
1003.217186,268,438.352874
995.596937,268,438.488396
1001.81982,266,438.631198
1009.306094,269,438.76638
1008.026308,267,438.902308
1000.678821,266,439.036189
999.054528,268,439.170378
995.264181,269,439.305084
1028.89026,264,439.436791
993.511376,269,439.573516
985.119438,270,439.708565
1022.446974,262,439.839157
1000.370761,267,439.972096
1020.033676,262,440.104779
991.967445,268,440.23963
985.908047,268,440.373785
1003.349297,268,440.507608
1028.793155,263,440.639258
1021.982755,264,440.773096
1001.967499,268,440.907362
992.90592,268,441.041366
1012.233329,264,441.176036
1026.73571,263,441.310905
985.695372,271,441.454598
1002.274446,270,441.592301
991.718705,272,441.728931
1009.283694,264,441.86151
1002.750214,268,441.996678
995.171442,268,442.133745
987.19975,271,442.269537
1010.574498,265,442.403609
641.730772,207,443.242709
830.849354,247,443.428588
690.438221,218,443.590145
882.29722,238,443.765581
729.919951,228,443.934674
919.301008,265,444.132834
805.641787,226,444.299297
735.710795,206,444.451017
646.644697,211,444.607474
814.588507,245,444.743429
838.677865,245,444.877074
816.576639,249,445.022425
837.777562,242,445.164603
783.940096,246,445.293791
777.837559,245,445.41574
805.385091,244,445.537052
804.67248,246,445.659438
786.699969,245,445.781649
801.374485,245,445.906692
805.45743,245,446.028776
836.728224,244,446.151728
795.550056,246,446.286198
788.813506,246,446.411717
812.356748,244,446.550981
835.829007,242,446.687999
794.925366,246,446.828973
827.900191,242,446.968847
809.833021,244,447.133282
798.983878,247,447.293634
828.697472,242,447.440969
787.294399,248,447.582853
796.370135,246,447.722928
813.087803,247,447.864333
792.894584,246,448.004018
832.869677,244,448.142512
845.300234,243,448.276043
770.640573,246,448.402054
824.800366,247,448.526576
779.613396,247,448.660374
848.222624,244,448.802365
824.514139,246,448.946182
804.840583,246,449.07892
810.879561,244,449.202095
820.107216,244,449.324961
835.94831,243,449.448334
836.642584,243,449.570676
779.399785,247,449.695162
812.059819,244,449.819044
795.548314,246,449.943089
823.595128,246,450.068119
811.07501,244,450.190937
807.416883,249,450.316469
793.799835,247,450.441378
802.026441,246,450.56545
833.989987,247,450.690881
787.648932,248,450.815312
843.360789,246,450.940274
811.34559,246,451.067419
848.69335,244,451.193571
695.283012,227,452.071787
618.270068,194,452.217202
668.011059,215,452.377368
767.266813,246,452.561368
805.276036,242,452.750541
695.516033,211,452.938588
605.313308,221,453.154989
835.423209,251,453.363365
952.833502,244,453.720474
1038.235017,260,453.868548
1034.944607,262,454.017189
1036.886299,263,454.183531
995.852527,250,454.338361
1024.711893,255,454.490725
1029.886367,262,454.63545
1022.42323,263,454.767998
1025.094678,253,454.897565
953.553505,245,455.021281
1045.757965,260,455.152378
1047.913834,263,455.285014
1018.024134,253,455.41261
1047.231936,260,455.543734
1053.283766,260,455.67474
1049.652356,260,455.806657
981.755505,249,455.932653
1056.132594,260,456.063876
1038.01852,256,456.196156
1051.05455,262,456.331566
1043.104101,262,456.466852
1046.26086,262,456.602153
1045.416479,262,456.737883
1036.376841,262,456.873032
1045.583029,260,457.007637
960.451265,245,457.131494
1043.103852,258,457.261564
1046.658467,260,457.392598
963.335048,246,457.516675
954.489211,241,457.638047
963.84361,246,457.76212
966.073947,247,457.886685
961.307118,245,458.010117
1045.547501,263,458.142703
1004.948107,263,458.276612
1007.483672,252,458.403563
1037.57215,260,458.536026
1048.088684,262,458.671382
1051.302755,260,458.8052
1050.493539,263,458.940588
1053.819779,261,459.074721
1037.358894,262,459.209333
1038.4208,262,459.344062
1037.786009,263,459.477691
1029.037693,262,459.609867
1038.191402,261,459.744134
959.076192,245,459.867448
1043.48427,262,460.010696
986.173926,249,460.143656
1025.16545,264,460.290921
803.709144,228,461.317088
632.137795,203,461.487473
915.074132,240,461.686992
847.253712,255,461.900011
953.690103,245,462.104946
786.52258,224,462.285869
831.005015,251,462.472497
765.742137,228,462.642677
987.662719,261,462.914258
1023.759487,259,463.045008
1012.16841,260,463.175233
976.238612,261,463.306692
965.983112,263,463.4383
982.669215,262,463.568835
938.740612,264,463.707875
1001.910122,260,463.859685
981.304024,261,464.011986
999.63419,259,464.149638
1008.266561,260,464.2806
1009.383161,261,464.412076
965.735212,264,464.546363
1014.06443,259,464.678878
989.104241,261,464.812449
984.419938,262,464.946365
986.140246,261,465.078495
1006.066221,260,465.208925
973.081586,263,465.340787
993.194673,261,465.472502
959.843416,263,465.605126
982.108252,262,465.739799
983.322172,262,465.892002
990.678461,262,466.043792
983.501684,261,466.186325
1001.709435,261,466.317744
1008.689358,261,466.448346
996.065499,261,466.578794
995.382238,260,466.709669
955.999559,263,466.846198
985.083763,261,467.001029
976.300148,263,467.155401
979.562335,263,467.306114
997.638705,261,467.458355
1009.054943,259,467.606284
1006.914625,261,467.757278
955.194782,263,467.911636
986.158798,263,468.063391
1000.178088,261,468.215375
980.288472,264,468.388437
963.616567,263,468.558756
949.333215,265,468.723511
1018.338073,261,468.871296
983.166316,263,469.020047
1015.94891,260,469.167575
991.41479,262,469.316537
1003.366092,262,469.475953
953.896229,265,469.63959
957.095261,265,469.780932
965.807992,265,469.915097
644.25793,209,470.900726
926.268039,249,471.110404
699.863836,236,471.306464
718.81778,210,471.481729
832.250774,239,471.713687
817.94723,247,471.959365
638.945438,224,472.148088
979.250611,264,472.369794
878.176158,255,472.678941
861.106088,254,472.827624
884.792538,252,472.971206
887.335416,251,473.117073
871.441639,255,473.265067
876.361312,251,473.40313
879.508217,254,473.535123
884.481941,252,473.663219
879.296654,257,473.794329
886.427826,253,473.923658
880.691756,258,474.05619
863.955963,259,474.189758
888.615743,253,474.317679
873.30268,256,474.449984
893.618824,252,474.577168
886.499017,252,474.709074
878.939108,257,474.844334
877.583061,255,474.977589
887.08689,254,475.109813
870.430582,254,475.239723
884.24253,252,475.369284
875.999052,254,475.500112
869.529305,257,475.631192
868.533175,254,475.763189
878.660818,254,475.913508
877.748272,255,476.062687
886.06106,253,476.210245
886.365084,255,476.356713
871.012262,256,476.509699
879.00708,257,476.657616
893.876322,252,476.801337
886.427684,256,476.949156
889.803876,255,477.097734
869.323281,255,477.244755
888.143852,253,477.390677
869.027288,255,477.530284
897.236978,253,477.663329
887.801491,252,477.797101
897.358663,252,477.945079
887.39271,255,478.085274
878.12001,254,478.213328
887.900068,253,478.357479
888.036658,252,478.500252
878.073471,255,478.644159
883.007874,258,478.789995
888.296162,253,478.939027
873.793553,258,479.115063
889.082354,257,479.283733
894.157365,252,479.437165
885.530263,252,479.585164
702.963171,237,480.609658
846.499413,229,480.799277
794.088532,226,480.989565
875.805905,242,481.191287
796.657855,231,481.387114
793.982644,215,481.568664
862.450212,230,481.766767
1004.383829,261,481.987468
1014.548104,278,482.30848
1061.110823,275,482.470077
1031.689422,279,482.649624
1027.540362,269,482.824044
1033.768631,278,482.998101
1039.545484,270,483.159411
1050.019985,272,483.31434
1046.142044,273,483.463278
1034.865866,279,483.606895
1033.93283,270,483.746258
1049.13518,275,483.886051
1020.705119,268,484.021524
1052.393588,278,484.16278
1031.534931,273,484.301239
1052.617046,272,484.438451
1016.441114,280,484.582051
1054.223013,273,484.722336
1020.543341,278,484.862708
1033.705115,278,485.008308
1036.81322,268,485.146393
1041.546399,273,485.286138
1032.220389,268,485.423393
1042.829746,270,485.562628
1008.998287,280,485.705411
1048.776522,270,485.844297
1037.521663,276,485.985094
1041.401606,276,486.126158
1048.146284,276,486.269527
1029.518502,279,486.413757
1022.117372,279,486.555501
1048.7171,271,486.696815
1039.894089,272,486.8374
1039.288555,272,486.977353
1051.501366,278,487.122141
1038.284025,273,487.263431
1031.001311,279,487.422197
1019.314338,279,487.588141
1046.879503,274,487.747268
1036.265469,269,487.905271
1020.994228,278,488.074589
1048.4978,274,488.235634
1033.068804,272,488.393041
1014.22385,279,488.552174
1016.532753,280,488.717409
1005.127637,280,488.88167
1039.457928,269,489.042065
1041.64132,273,489.190633
1023.986404,267,489.327242
1022.484578,279,489.467177
1032.986606,277,489.609052
883.038112,264,490.53123
861.775666,278,490.736378
848.091428,265,490.935034
617.186256,203,491.084823
934.671594,272,491.288433
866.379043,282,491.511324
1108.215872,293,491.74263
926.349227,250,492.039651
1009.023015,269,492.182791
959.484282,258,492.32034
936.957343,252,492.454222
941.636676,254,492.588818
988.728519,262,492.728552
859.289016,240,492.855239
925.42136,252,492.98824
895.850252,243,493.116141
923.015666,251,493.250525
1026.64524,268,493.38774
931.182376,251,493.525007
794.931055,233,493.66951
939.942589,253,493.800938
858.443881,240,493.921564
795.014337,233,494.039227
886.873143,244,494.162552
805.822553,233,494.280052
1003.382599,265,494.415867
869.581678,242,494.539442
938.0072,254,494.67122
946.858788,255,494.807107
1001.874674,266,494.948196
907.093198,246,495.078006
794.733335,232,495.200733
1002.979314,267,495.343958
942.64105,254,495.479146
954.142103,255,495.610586
948.328324,255,495.748856
955.664004,257,495.895126
817.714213,234,496.021117
889.124979,243,496.161453
888.285971,244,496.303023
1002.590955,264,496.445761
787.992805,233,496.56295
945.238606,255,496.69141
956.257849,256,496.821268
997.019164,267,496.956398
926.152267,250,497.084094
968.413454,258,497.221714
994.080143,263,497.363735
956.758265,257,497.518147
995.356429,263,497.674221
962.589443,258,497.824028
995.484686,267,497.978331
959.803405,258,498.126947
998.768405,267,498.27907
948.5056,254,498.424691
922.877167,249,498.567857
897.502985,245,498.709268
1031.012568,253,499.710975
809.389478,225,499.901909
977.83044,255,500.121858
625.248757,213,500.306603
1056.775344,264,500.532546
725.076332,224,500.722028
884.264729,238,500.922781
796.724294,226,501.114205
876.65643,274,501.408155
892.989971,271,501.560747
877.257242,273,501.715169
880.085628,273,501.872516
876.237722,272,502.046
893.442672,270,502.206198
900.923353,270,502.351533
900.827579,270,502.485881
886.396181,272,502.621393
891.195767,269,502.755961
876.177091,274,502.89331
869.203802,274,503.031842
876.710358,272,503.167405
894.936879,270,503.30211
886.457178,271,503.438034
898.628906,269,503.573225
877.622429,273,503.709716
890.488784,270,503.847482
893.997593,271,503.986113
887.248954,274,504.124933
887.969504,273,504.26183
883.60248,272,504.398118
884.123483,272,504.533583
876.241424,273,504.671345
895.114007,271,504.806314
886.731149,273,504.942274
891.992146,271,505.077121
885.779898,274,505.213598
879.679422,275,505.352623
877.54973,274,505.490233
901.056739,271,505.625783
870.623219,274,505.762761
871.671083,275,505.901234
877.645916,273,506.039691
887.366334,271,506.177176
876.82544,274,506.313966
879.904903,274,506.452755
885.428666,274,506.590424
864.61449,275,506.728271
886.169674,270,506.863254
893.078203,271,506.998621
900.990224,271,507.135938
884.596685,272,507.271819
880.303469,273,507.414795
885.62139,274,507.558949
883.470301,273,507.704194
883.646466,272,507.846195
864.193869,275,507.983719
880.140224,274,508.122499
887.334356,272,508.266832
638.58321,224,509.172517
1015.805046,266,509.389727
854.983369,244,509.571575
978.429905,256,509.768541
1159.083155,279,509.990242
916.548639,245,510.174402
912.53494,274,510.381062
1009.779517,261,510.716488
974.690555,266,510.850529
988.591741,266,510.983789
999.194098,265,511.116402
1026.375919,262,511.247725
996.250654,264,511.380223
1010.590673,264,511.515058
1010.777492,263,511.646716
991.443247,264,511.778849
973.019339,269,511.913674
1011.554016,263,512.046556
1017.698699,263,512.178478
1012.767318,263,512.310196
981.954046,268,512.444413
1004.728682,264,512.580364
973.291479,269,512.717854
1007.962031,265,512.852636
988.835557,267,512.988861
980.642333,267,513.125452
987.248397,269,513.26339
1002.963627,263,513.397246
1003.59921,265,513.530069
975.317061,266,513.663162
1000.907386,265,513.795725
982.924707,266,513.932595
970.191347,269,514.069994
1026.936601,262,514.201967
1011.850576,264,514.335064
986.523773,268,514.469067
1020.925592,263,514.600763
993.650518,265,514.734335
974.408589,268,514.868453
993.472746,265,515.002255
1003.644932,265,515.135178
982.278404,269,515.272099
1010.682547,265,515.405179
995.49125,265,515.538879
1017.8699,265,515.674913
1012.414142,262,515.809944
1019.69557,262,515.941436
1018.318011,262,516.07286
1011.600832,265,516.206512
1017.445416,264,516.338887
979.210646,268,516.474076
979.747706,268,516.608332
1020.47758,265,516.741806
1018.440132,265,516.874685
1013.364797,263,517.007154
1004.10821,266,517.150552
1001.891057,265,517.302521
609.876595,176,518.139728
914.164452,295,518.394603
1047.181146,250,518.595508
712.459301,231,518.768546
749.363614,235,518.945351
898.270189,254,519.132294
703.596661,234,519.304361
925.896377,239,519.48262
733.351414,242,519.71318
735.443306,242,519.834047
738.739373,241,519.956644
738.669576,241,520.08078
759.164505,238,520.200537
729.952713,242,520.321753
768.855014,239,520.440691
723.411065,242,520.560954
746.264749,239,520.680736
770.196701,239,520.799529
726.947741,242,520.922002
731.652529,242,521.048074
729.50657,241,521.170903
753.283212,239,521.291646
771.733552,239,521.412001
764.753035,241,521.531957
766.083337,241,521.651547
753.635449,239,521.777482
771.7366,239,521.900784
771.80127,240,522.020231
733.11091,243,522.141297
744.368582,238,522.261749
737.505596,240,522.382028
733.212778,240,522.502441
751.230292,239,522.626357
745.892611,240,522.750327
735.742592,239,522.879783
741.517056,242,523.004289
739.172036,241,523.134639
750.806324,243,523.283561
738.829828,242,523.430624
780.458001,240,523.569926
751.538434,238,523.710343
753.056965,238,523.847729
780.115564,240,523.988962
738.332655,240,524.128416
739.949241,243,524.264863
737.086363,241,524.401077
750.968836,238,524.535452
753.21616,240,524.672769
730.349184,240,524.811003
755.997581,241,524.947286
741.875288,244,525.085621
739.473536,242,525.218357
782.426916,240,525.342513
750.784352,244,525.466568
746.679449,243,525.588746
731.666647,243,525.719101
735.453992,243,525.860903
738.084532,241,526.018075
817.223759,253,527.021671
927.007601,245,527.246998
932.041272,258,527.519314
988.122081,274,527.770355
723.698598,230,527.963514
893.403749,257,528.178213
1036.217752,259,528.39895
955.055203,275,528.794272
969.726532,273,528.942549
965.687642,272,529.080182
975.11996,272,529.217895
968.843309,273,529.357535
982.164181,271,529.496898
963.151579,273,529.635684
999.987904,270,529.771126
973.291647,271,529.906533
964.689444,273,530.043427
936.02442,279,530.185122
931.374838,276,530.324483
963.24716,273,530.461784
953.423336,275,530.60118
961.63142,276,530.740788
954.880288,277,530.880347
941.873404,277,531.020123
945.154624,277,531.161894
947.449902,277,531.303239
980.553651,270,531.438713
979.909342,272,531.57476
980.009164,273,531.7197
981.402115,273,531.890282
952.591322,276,532.065743
946.643376,276,532.246887
956.39212,274,532.400835
981.558813,272,532.54589
1005.062336,270,532.68496
965.687027,272,532.822647
962.846541,273,532.961657
955.194824,275,533.106683
954.471978,276,533.246336
972.565724,272,533.383592
979.525352,273,533.521128
942.656008,277,533.66234
985.875243,273,533.799364
978.166036,275,533.937683
959.317437,274,534.07491
990.231491,272,534.212156
975.995622,275,534.352971
945.297359,277,534.492234
954.05302,275,534.632947
955.142231,277,534.775177
971.379625,275,534.913471
945.773782,277,535.080523
960.012231,274,535.248443
961.434428,276,535.409018
961.317987,274,535.566417
961.317258,273,535.722076
953.698291,275,535.879327
836.230713,239,536.851241
534.690601,211,537.023314
586.564092,216,537.185885
813.136684,251,537.373957
670.946223,217,537.534652
598.320586,233,537.707142
1109.009578,266,537.916722
971.185619,275,538.159323
926.814138,257,538.424241
933.126816,256,538.553094
945.246817,262,538.686837
924.291636,252,538.815651
926.377802,249,538.941043
924.670855,251,539.086514
928.384123,250,539.23217
927.813303,250,539.376374
936.406294,260,539.506505
934.640619,253,539.633132
925.514949,252,539.761441
928.416515,254,539.889578
949.754264,260,540.021499
944.303286,261,540.153402
948.356833,260,540.287129
922.714163,250,540.415826
921.364189,254,540.543997
932.686717,252,540.670943
933.286389,256,540.802223
923.209859,251,540.928271
956.694951,263,541.060318
930.656594,252,541.187095
930.618748,255,541.334784
925.574431,252,541.483212
926.406548,249,541.626777
945.535689,263,541.766222
939.00087,256,541.895154
945.7203,262,542.030258
928.4564,255,542.163436
931.086784,259,542.298314
935.996411,258,542.42892
928.232599,251,542.557879
928.298942,250,542.685681
946.458442,261,542.821306
948.02856,260,542.955562
941.947595,257,543.085902
947.852628,260,543.22001
961.005946,262,543.37476
926.508055,254,543.529727
932.562289,254,543.674772
936.026596,257,543.82008
944.006985,258,543.966389
944.251054,261,544.114199
926.420196,250,544.255281
941.100292,257,544.400479
933.071991,258,544.545654
932.366858,253,544.689485
942.515463,258,544.841965
958.766714,262,545.011749
937.687547,258,545.173603
844.940532,224,546.053717
842.964396,265,546.266043
738.708362,214,546.452613
1050.303679,278,546.682471
967.607618,279,546.914246
785.712362,280,547.16345
889.839397,256,547.354827
840.418688,292,547.698631
798.296465,290,547.844858
858.832094,293,547.991947
850.91579,292,548.148954
831.02222,292,548.300231
813.050124,291,548.446971
878.625328,296,548.596646
803.047934,290,548.743464
811.44351,289,548.896246
836.578264,292,549.04168
791.248316,290,549.187407
837.303475,293,549.337189
790.330229,289,549.484579
791.127281,289,549.629189
805.338729,290,549.773757
824.576214,293,549.921323
822.643965,292,550.074343
820.237069,290,550.227696
815.018561,289,550.379938
804.876486,291,550.532858
838.61428,292,550.678834
827.808816,292,550.824419
811.16006,289,550.97469
846.036612,293,551.130326
825.940821,291,551.283053
831.293992,293,551.429257
820.692039,291,551.576337
837.77782,292,551.733741
817.82034,290,551.901845
822.091074,293,552.075362
859.881013,295,552.222843
798.47909,291,552.369018
805.367665,291,552.515468
858.370154,295,552.66597
870.959338,296,552.816893
876.331324,296,552.97261
805.440005,291,553.124375
845.836021,292,553.276709
810.254443,290,553.430416
813.455448,291,553.575572
842.176598,294,553.72305
785.560884,290,553.871621
811.10715,290,554.028318
800.383735,292,554.185521
804.767106,291,554.340147
845.912062,293,554.497613
855.42374,295,554.64679
840.023959,294,554.797983
823.766433,293,554.947994
805.326985,290,555.11
1861.430625,427,556.327386
619.890242,200,556.501075
676.372373,235,556.699772
970.450286,256,556.921023
895.339905,256,557.137772
880.96112,235,557.335474
938.176198,285,557.577777
1016.128646,268,557.859089
1039.558768,268,557.998327
993.573502,271,558.137705
991.224139,271,558.283923
977.150765,273,558.422201
1029.600881,268,558.557817
966.116875,275,558.699436
1020.881293,268,558.837178
987.475902,271,558.977407
1012.795806,270,559.117345
1015.083345,268,559.255885
990.152478,274,559.409086
991.911665,271,559.57114
995.634288,271,559.736064
974.92213,273,559.875707
983.17741,273,560.0138
986.840689,271,560.150083
981.862726,272,560.286889
1032.263282,268,560.421752
984.16997,273,560.560406
1023.354898,268,560.700034
984.75914,273,560.840669
990.695253,273,560.977808
976.647471,275,561.11699
1021.638006,268,561.25436
1041.424933,267,561.391552
1040.389802,268,561.525833
1011.405478,268,561.660357
1021.484666,269,561.798653
1011.799579,271,561.935266
995.195667,272,562.07257
1011.302039,270,562.210275
1011.879807,270,562.349385
1021.833257,268,562.484677
1012.514088,271,562.621547
1028.891567,268,562.756833
1040.829443,268,562.892309
1011.215217,271,563.030182
981.071282,275,563.169035
1042.30777,268,563.304526
1011.466285,271,563.441215
991.711034,272,563.579664
1003.957034,270,563.715999
1029.148172,269,563.854482
991.384029,273,563.995852
994.696268,271,564.137483
988.72418,274,564.277116
1017.525863,270,564.414188
1010.226159,271,564.551183
990.692142,275,564.69095
779.31412,232,565.674485
816.279337,252,565.8864
987.211403,270,566.112993
892.658192,265,566.33487
965.927117,257,566.55157
1013.321652,286,566.786014
678.154217,200,566.941155
782.056771,245,567.130786
1021.73355,262,567.309516
997.882329,259,567.440316
1056.244038,272,567.578215
1051.833002,272,567.71609
1007.563372,260,567.849087
977.622566,253,567.977312
976.980714,255,568.106488
1065.888421,269,568.242609
1038.920584,265,568.377815
974.388052,254,568.507379
1013.24857,261,568.640065
1040.541199,273,568.780077
1009.145476,261,568.912274
995.93836,258,569.043888
1050.054176,272,569.181659
1061.585836,270,569.318338
1033.647244,273,569.458422
1027.889675,272,569.613971
1041.127528,273,569.757689
968.845238,253,569.886302
984.630325,256,570.016681
1024.088898,275,570.157984
980.555544,256,570.311568
1012.83169,261,570.494322
1031.878243,273,570.673881
987.985899,257,570.822535
1034.825938,264,570.971963
1040.487134,265,571.121512
988.252586,257,571.266844
1023.835933,275,571.42437
1061.917667,269,571.578633
984.921202,256,571.731498
1049.418372,266,571.893942
1063.031776,268,572.057981
992.059925,257,572.209301
1025.669438,273,572.372703
1038.501782,265,572.521777
972.720147,253,572.65897
1071.130788,271,572.807225
1056.31488,269,572.96136
1032.147472,263,573.11195
1012.473462,262,573.262627
990.234107,257,573.414305
1035.404233,273,573.574835
1018.373141,262,573.727877
1060.582202,269,573.886826
1079.867807,272,574.047734
1060.821676,268,574.199448
1039.061952,265,574.349839
1052.254912,267,574.502349
1033.64895,265,575.40712
934.942316,290,575.622776
1008.556027,266,575.821138
1104.885683,272,576.022682
968.367567,288,576.237409
886.725202,271,576.438573
619.254633,224,576.610311
911.567568,281,576.930369
905.325197,282,577.095193
911.972991,282,577.249209
904.614303,282,577.410195
899.008949,283,577.569968
912.884472,283,577.730735
919.159132,283,577.891961
920.572551,282,578.053419
918.48799,283,578.215256
919.483785,283,578.377605
915.28264,283,578.540078
903.40046,283,578.700531
919.710705,282,578.859874
896.924029,283,579.019236
921.714183,283,579.182142
911.533323,282,579.343166
906.549627,284,579.505367
911.724807,282,579.665119
925.275868,282,579.825836
905.87767,284,579.987416
895.882682,283,580.147891
909.932458,281,580.307194
912.219802,282,580.468794
912.302023,282,580.630937
917.952536,283,580.795519
913.238741,283,580.961361
911.824055,283,581.121975
921.802672,284,581.283568
920.284398,284,581.446172
905.956343,282,581.608353
911.583017,282,581.770997
913.115259,283,581.964626
925.077328,283,582.158686
918.821349,283,582.319437
908.33681,285,582.467508
918.352161,283,582.614046
912.851919,284,582.761267
906.251825,284,582.904927
921.502301,285,583.049743
918.354267,282,583.191966
913.949758,284,583.333978
913.428423,284,583.478177
906.902883,284,583.620754
906.751655,285,583.76387
912.109469,284,583.906014
913.644608,284,584.049978
906.328827,284,584.191812
918.069928,283,584.335519
898.68455,284,584.480993
919.092203,284,584.626392
780.507772,254,585.601372
910.046072,284,585.848849
960.80057,255,586.060221
985.865532,258,586.274567
935.093165,281,586.507878
694.397488,235,586.702824
912.388775,270,586.927412
837.887821,263,587.262172
818.885041,263,587.397778
842.307971,263,587.532339
825.875926,262,587.664401
834.715546,264,587.796782
829.565278,264,587.928538
835.457773,263,588.059783
826.12277,263,588.208201
836.186911,262,588.349841
835.649534,262,588.482819
827.935729,264,588.615047
825.818748,263,588.746617
825.691344,262,588.878279
827.898256,264,589.010645
843.052009,261,589.143352
835.089679,264,589.281412
829.595306,262,589.417843
834.632245,262,589.549407
833.465492,262,589.680856
834.596864,263,589.813696
843.945447,264,589.946911
828.178869,264,590.080608
827.143943,263,590.212781
835.385943,264,590.345163
838.252216,263,590.477422
835.007152,264,590.630582
838.274459,262,590.816188
838.179775,262,590.997678
833.407377,262,591.146896
822.780939,264,591.299641
836.857263,265,591.451725
837.275832,263,591.602601
833.563376,262,591.75614
843.544784,264,591.913946
845.524098,261,592.069891
835.868841,265,592.225428
850.958777,261,592.378086
822.342591,264,592.528003
842.670567,264,592.678275
840.140809,265,592.828659
837.405087,264,592.978613
839.182559,264,593.129174
837.312602,263,593.272891
830.901713,265,593.407775
844.12651,264,593.539742
836.557631,264,593.672612
844.265714,264,593.804683
835.425594,264,593.938428
820.773171,263,594.073164
844.301756,265,594.20997
908.957965,258,595.212652
762.565412,263,595.436194
922.031563,240,595.651152
1017.925542,259,595.911058
720.073208,218,596.129043
808.781165,226,596.327968
1032.811798,274,596.565796
917.755095,273,596.794818
1012.487346,279,596.980639
1069.042006,272,597.118173
1057.498865,274,597.256471
1046.25276,275,597.394326
1002.489105,280,597.538805
1056.17697,275,597.700301
1050.268256,274,597.862749
1028.917601,277,598.026278
1047.552114,274,598.187974
1038.327134,276,598.326697
1071.328001,272,598.473005
1014.192837,281,598.616288
1029.686436,275,598.754483
1057.934221,274,598.895058
1016.942477,279,599.047586
1002.711068,280,599.20531
990.372865,281,599.368426
1041.927095,275,599.517953
1059.315649,274,599.6572
1029.832993,277,599.800677
1018.374715,278,599.944952
1065.424905,274,600.083552
1034.587002,278,600.224302
1049.804827,275,600.362416
999.269169,282,600.504413
1033.623782,277,600.644941
1009.945047,280,600.787722
1026.128777,280,600.928216
1048.932917,276,601.068058
1051.893143,276,601.210171
997.131018,280,601.35416
995.532842,282,601.49782
1017.51304,279,601.639
1028.672453,279,601.780844
1010.442011,280,601.934597
1010.503607,280,602.100066
1046.858119,275,602.257053
1077.067595,273,602.417125
1038.714673,276,602.573445
997.02753,282,602.733241
1063.273689,275,602.892023
1035.896177,277,603.049271
1037.461012,277,603.206406
1058.489174,273,603.361534
1059.079084,274,603.51962
1020.851128,278,603.678
1017.189801,280,603.829798
1036.389641,278,603.973408
1056.298986,275,604.117314
1035.018705,278,604.259717
1099.715662,274,605.25154
850.27092,277,605.474783
918.722471,271,605.700113
1044.832667,286,605.941621
765.740843,264,606.200199
902.820346,242,606.43189
1014.696921,264,606.686934
1026.866362,275,607.050062
1035.496306,273,607.206703
1067.87818,272,607.360784
1029.943497,276,607.516865
1029.345012,275,607.667042
1071.967196,273,607.806302
998.278708,277,607.945644
1023.08706,275,608.083897
1027.614992,276,608.226916
1000.279826,278,608.384875
1013.563826,276,608.542143
1034.705031,276,608.695354
1039.386117,274,608.841006
1072.204182,272,608.979186
1004.426193,278,609.119238
1059.244431,273,609.257691
1060.810348,272,609.399525
994.808059,279,609.546071
1060.364024,273,609.684907
1060.397445,272,609.822322
1051.460705,274,609.960465
1027.029788,274,610.100368
1063.042642,273,610.237416
996.172964,278,610.377952
999.346923,278,610.51865
990.938178,278,610.661262
1059.760606,272,610.810669
1054.087329,273,610.948447
996.860683,279,611.091804
997.962153,277,611.23384
1026.596754,274,611.371824
982.522475,279,611.513164
1031.934092,275,611.652364
1031.231411,276,611.804761
1003.933563,279,611.965509
1005.164821,278,612.124115
1006.67594,278,612.275975
1033.364708,276,612.418921
1029.172834,273,612.558154
1013.701295,276,612.698186
1003.709235,278,612.842666
1066.974763,271,612.982702
1016.805248,278,613.128866
1060.78096,273,613.269788
1015.613644,278,613.433764
1058.487706,274,613.594243
1043.531286,274,613.744326
1032.087076,276,613.884256
1050.316813,273,614.022975
1021.330468,276,614.162197
940.560973,253,615.1777
1073.881445,282,615.41901
930.032301,260,615.638812
1039.00411,272,615.867305
835.403616,255,616.082757
931.06715,263,616.314037
924.651583,277,616.5556
840.389679,264,616.865789
885.962977,265,616.999815
870.57582,265,617.132491
860.832487,266,617.267685
869.19983,265,617.401495
822.542119,263,617.534686
875.347396,265,617.66939
895.427933,265,617.803849
887.099996,266,617.937595
885.217438,265,618.078002
867.492491,266,618.215588
848.343656,265,618.350506
894.506467,266,618.483286
867.851882,264,618.615803
887.545754,265,618.748185
867.587577,265,618.881253
848.440703,265,619.013022
879.148211,266,619.148274
868.242997,266,619.28126
893.843782,266,619.414032
902.977203,266,619.546785
837.562154,263,619.680768
851.95903,264,619.81402
881.764188,267,619.948066
830.488135,264,620.081798
867.708342,266,620.214805
889.013543,265,620.348314
870.483023,266,620.481304
889.706428,266,620.615112
849.448788,265,620.747162
850.996023,265,620.879287
842.31203,266,621.012472
898.039989,267,621.161651
857.000922,263,621.312433
895.105768,266,621.466351
874.839833,265,621.599026
878.720354,265,621.731391
868.79525,265,621.865372
904.845681,266,621.997995
848.020862,264,622.129431
912.339451,267,622.262456
891.060774,268,622.398412
895.460464,265,622.531246
876.794207,265,622.669522
850.339945,264,622.80156
868.498634,267,622.934595
880.752884,268,623.070592
897.374915,267,623.206501
829.76826,263,623.338539
904.560001,266,623.47087
924.902877,271,624.484233
729.439386,225,624.680483
1026.883458,277,624.914415
992.654718,264,625.138492
1069.150191,269,625.367987
971.07943,274,625.598562
641.763802,225,625.773638
1008.803049,287,626.127519
1029.793331,287,626.302468
1005.594035,287,626.469305
1007.156113,286,626.654871
1002.851979,285,626.842533
1002.866358,286,627.013649
1004.29541,286,627.174887
1020.099908,285,627.336046
1012.799176,285,627.497755
1005.004724,286,627.661595
1036.145413,288,627.828985
1021.89652,286,627.991508
1000.765003,286,628.151371
1026.801998,287,628.297178
1000.493369,287,628.440104
1026.689118,287,628.582975
1011.093439,287,628.727821
1007.275873,289,628.872632
1024.691763,287,629.017169
1031.981895,287,629.161023
1009.934763,289,629.307947
1017.219661,287,629.453254
999.766969,289,629.598035
1020.713118,286,629.74131
1007.826462,288,629.886365
1007.201181,287,630.030007
1000.04202,289,630.177781
1010.292336,289,630.327538
1005.526387,287,630.473483
1003.795726,286,630.619838
1013.071435,285,630.765927
1006.348962,290,630.913479
1006.327051,287,631.059381
1007.901779,290,631.205013
1015.262268,289,631.349562
1007.605353,289,631.500075
1019.258289,285,631.665113
1007.38702,289,631.834119
1008.94908,288,631.983428
1021.190031,286,632.126262
1001.218024,288,632.275381
1019.735758,286,632.418115
1012.313283,285,632.560964
1001.721149,288,632.706078
1006.087962,286,632.848693
1004.035319,286,632.990867
1006.151277,287,633.133855
1033.680757,288,633.278658
1013.928487,288,633.422019
1017.038058,286,633.566103
1053.204558,264,634.593736
1045.380477,264,634.843761
898.628708,243,635.083998
975.00045,253,635.298136
807.828761,259,635.516992
984.196969,264,635.740672
954.701686,263,635.971206
930.166489,287,636.358918
935.185985,286,636.504936
944.628181,286,636.650464
918.152739,281,636.797327
942.542645,290,636.950838
898.710654,278,637.100264
919.141854,282,637.245358
906.5608,279,637.386804
941.116033,289,637.533293
915.014992,280,637.673523
941.191835,284,637.824136
927.238823,285,637.970582
903.053814,278,638.114253
943.666739,285,638.258015
939.530192,288,638.40317
923.734005,286,638.54778
926.867371,284,638.691537
922.709308,285,638.834946
931.705561,285,638.981929
907.950991,280,639.125866
928.87237,283,639.273519
949.812551,292,639.423711
934.30811,286,639.567887
935.413275,285,639.713746
941.570307,284,639.861986
936.130672,284,640.008691
901.513878,279,640.150251
935.193094,287,640.298742
916.937476,286,640.448216
931.877732,284,640.595342
924.912281,287,640.739759
947.155929,289,640.886942
929.667378,287,641.034857
934.388053,284,641.181161
923.268928,285,641.326771
928.204069,285,641.47635
935.826907,288,641.622353
924.387665,282,641.766291
936.575712,290,641.914367
933.982158,285,642.059936
972.078158,295,642.214416
941.213907,284,642.3575
919.683457,281,642.498517
934.725721,285,642.643492
934.101281,283,642.786005
935.579843,287,642.933516
919.698254,281,643.074959
919.984669,281,643.217994
936.861414,288,643.363052
921.505754,283,643.508901
977.120097,279,644.475748
1197.39365,311,644.739036
1025.74583,276,644.97078
924.437476,253,645.181942
681.375762,228,645.373683
884.944253,281,645.608714
921.459184,269,645.833803
1080.599478,265,646.099176
1146.543906,275,646.259515
1133.246053,273,646.416357
1119.14877,277,646.576274
1114.722864,270,646.73234
1116.726737,272,646.889673
1033.303887,259,647.038702
1127.475272,275,647.197526
1115.71184,271,647.3564
1102.716751,279,647.517816
1136.763135,277,647.676169
1080.259098,266,647.827794
1115.095566,277,647.985918
1136.126991,277,648.143672
1136.345093,275,648.299484
1069.484112,264,648.453199
1105.57109,277,648.613104
1120.806724,276,648.794705
1084.538253,266,648.969877
1093.098144,277,649.133933
1097.17427,269,649.2869
1069.795442,264,649.43804
1136.643225,276,649.596531
1109.043599,270,649.749768
1097.633989,277,649.908702
1141.195099,275,650.066423
1114.902864,277,650.224325
1091.889707,277,650.376555
1112.914628,277,650.521532
1069.777471,264,650.655288
1053.409849,262,650.789017
1125.845177,275,650.92848
1136.060549,276,651.068066
1154.631919,275,651.20923
1119.049938,275,651.348249
1145.13654,275,651.487365
1130.423815,277,651.627228
1106.748683,277,651.770741
1103.5725,278,651.911565
1100.560176,278,652.054689
1098.569891,278,652.198672
1107.423979,279,652.347368
1093.101137,278,652.488314
1120.722846,272,652.626128
1032.059271,258,652.758608
1130.717068,273,652.897763
1112.741867,277,653.03949
1119.690504,271,653.176794
1101.215062,277,653.316331
1075.804727,265,653.450159
941.817595,237,654.317157
948.764543,252,654.536091
942.415177,275,654.774952
1082.56811,272,654.97798
943.78645,240,655.157091
874.751806,235,655.332304
751.284205,250,655.517703
1004.847903,278,655.74414
1007.82778,268,655.924132
927.988898,255,656.07016
1000.770617,269,656.20641
1016.423092,271,656.343896
996.985899,265,656.478742
1021.550353,269,656.615838
1013.925239,268,656.755806
1059.45008,277,656.918247
1081.681577,269,657.076993
1040.285769,274,657.224268
1014.462964,268,657.359995
1065.502977,268,657.495421
1081.645372,270,657.631768
975.47948,261,657.764703
998.796155,267,657.899489
1092.591173,269,658.035222
1007.180199,263,658.168792
984.428629,266,658.304296
1046.608343,276,658.443932
852.837664,246,658.568381
929.366065,254,658.697021
1045.727375,276,658.836644
984.652292,264,658.971611
1018.75708,269,659.107664
977.58734,260,659.238852
995.405187,268,659.376733
901.164656,251,659.507418
991.344055,262,659.640041
1048.727549,275,659.778973
1045.177746,276,659.917974
1010.941835,271,660.054881
994.562716,267,660.191037
1064.819598,268,660.326533
1004.202847,269,660.462748
920.863385,253,660.590645
1004.301583,266,660.72605
1028.151545,272,660.8635
1002.017815,269,660.999677
1019.028565,269,661.138535
1028.689718,276,661.280528
893.02918,250,661.408409
1039.32439,276,661.547577
985.011049,266,661.681994
988.255094,267,661.817053
996.248355,268,661.961694
930.253261,255,662.107589
1046.346767,267,662.260988
1041.490437,277,662.418563
929.542075,255,662.565743
1028.002422,277,662.723596
968.777012,241,663.777811
1136.217515,279,664.055332
1015.09049,272,664.334761
1176.69328,276,664.594684
1565.956118,322,664.890557
1015.199162,270,665.149336
1122.765086,280,665.386834
1159.786686,287,665.650362
1176.486069,287,665.796946
1170.295626,287,665.941109
1236.418833,282,666.102766
1167.029114,287,666.249159
1135.24539,267,666.383769
1169.618577,286,666.527811
1240.555867,286,666.671407
1166.368637,287,666.81829
1172.563728,287,666.962684
1224.612229,285,667.106023
1234.260072,281,667.272122
1192.006405,286,667.441393
1226.204067,284,667.595951
1152.388501,287,667.739936
1237.910333,280,667.881961
1088.899741,260,668.013861
1183.612815,285,668.157138
1181.631854,288,668.301983
1182.466255,286,668.44604
1178.778395,287,668.591579
1190.672378,284,668.734715
1221.79035,286,668.878564
1235.587088,280,669.019492
1182.627665,286,669.164074
1174.382773,286,669.308309
1234.934561,280,669.449266
1174.173704,287,669.605273
1241.931836,281,669.771034
1240.311503,282,669.93565
1231.760347,285,670.078539
1172.966873,287,670.222561
1234.461272,286,670.389275
1167.584699,287,670.542356
1225.674628,287,670.686424
1178.498555,286,670.830101
1187.841575,287,670.976179
1031.836094,253,671.105146
978.819249,247,671.23267
1198.62227,286,671.379746
1242.340738,284,671.526269
1160.417603,271,671.683743
1174.450922,288,671.853815
1199.979487,287,672.013857
1167.268363,287,672.162465
1117.269743,263,672.295292
1068.547668,258,672.447764
1225.142693,288,672.622502
1199.200001,285,672.797566
1185.539811,284,672.955127
826.086105,222,673.961809
1020.064293,270,674.217122
1164.218894,318,674.481466
748.086306,254,674.69413
1145.855803,288,674.933675
1018.791781,263,675.153387
921.352051,243,675.338511
1015.357978,271,675.628921
1022.617923,271,675.767478
1301.282611,289,675.9331
1360.958722,292,676.102604
1138.315352,278,676.255788
818.160319,243,676.404732
826.546808,245,676.544697
1158.965599,269,676.680437
1204.237398,283,676.824009
1015.936665,271,676.962545
1340.595369,288,677.10839
1013.223173,267,677.243147
1016.611875,271,677.381137
1113.695573,275,677.520397
1125.279038,277,677.659967
1367.960813,293,677.808044
1060.109616,275,677.946546
1013.951444,267,678.083332
916.483517,256,678.215019
1066.524695,278,678.354493
847.76156,248,678.486804
1007.939318,270,678.641629
1040.665122,272,678.801789
1254.136653,279,678.960262
1429.038792,296,679.128034
1037.939061,273,679.283409
1480.499614,301,679.456801
1175.455996,280,679.616023
1130.81938,279,679.774945
928.504174,256,679.923922
1033.613192,274,680.080308
1048.799447,274,680.236315
1232.00294,284,680.388598
1167.757752,279,680.531552
974.581087,261,680.663299
1232.548091,284,680.805701
908.414616,253,680.944817
1161.005777,279,681.106997
1015.881406,272,681.263246
1024.530109,273,681.420126
1274.989503,281,681.58225
1022.499974,271,681.745491
1170.925937,280,681.913831
1187.185618,281,682.073696
1016.237371,271,682.229114
1336.179005,288,682.395399
1167.892677,270,682.548724
1023.207994,271,682.704232
1031.720267,274,682.866136
1229.430812,277,683.033505
1080.243732,315,684.081052
1097.639506,271,684.31286
1079.774079,270,684.538847
1121.259282,288,684.80722
863.527041,269,685.03384
614.770713,232,685.2288
1145.780748,295,685.477931
861.096796,255,685.729587
776.665494,248,685.871007
856.882733,254,686.02811
733.931895,248,686.191578
729.397127,245,686.342963
765.03854,247,686.48449
810.056701,251,686.612247
853.132115,255,686.741819
750.830085,246,686.869023
747.518179,246,686.997683
722.748552,245,687.125341
728.972836,245,687.250529
731.025548,245,687.374768
729.868988,245,687.498754
766.950227,248,687.623791
764.698543,247,687.750408
731.537409,245,687.87422
725.864889,244,687.998319
724.208485,244,688.124094
756.167688,247,688.250729
728.857327,246,688.379224
757.666249,247,688.506952
832.574458,253,688.636404
735.34249,245,688.760355
731.934843,245,688.895467
767.633341,248,689.042474
776.518649,248,689.189692
756.938629,246,689.323098
830.66857,253,689.461369
719.690738,244,689.604946
736.128177,245,689.748411
724.849756,244,689.883358
730.103777,247,690.008482
799.22121,249,690.133974
724.358822,245,690.256993
736.674197,246,690.381948
828.646245,253,690.512713
729.252644,244,690.639729
773.414263,248,690.770231
732.756467,245,690.894981
756.088192,246,691.018517
766.525272,248,691.144568
726.959905,246,691.268042
810.93917,250,691.394103
747.544827,246,691.517759
750.159206,246,691.645242
729.717215,245,691.770743
799.905975,250,691.896843
732.029913,245,692.023887
737.584092,246,692.151783
702.031096,244,693.126712
817.44057,226,693.322351
1048.901692,302,693.574377
1033.973763,260,693.792336
1191.682832,296,694.039683
735.355356,217,694.226014
1011.016358,283,694.494707
888.854719,232,694.859539
1316.876897,284,695.021434
995.6639,261,695.169782
1138.999939,276,695.341074
1105.678534,262,695.514658
1186.371945,271,695.673897
1431.695937,293,695.822718
1013.289269,264,695.958899
801.656134,221,696.070043
1305.862283,283,696.212369
822.044715,223,696.324677
1122.157856,265,696.458989
912.984092,236,696.578125
842.619678,226,696.69686
973.472335,246,696.831659
1392.756286,290,696.983006
940.923672,241,697.104023
1396.121995,291,697.249746
968.500532,246,697.383107
1448.896981,296,697.556576
1443.039514,293,697.728362
775.787375,219,697.839518
798.844626,227,697.953771
1260.102516,278,698.094247
877.274511,230,698.225666
1496.732001,297,698.405107
1157.134936,268,698.571068
1406.086138,291,698.725013
1114.073047,263,698.860969
1292.0561,285,699.00604
939.364118,256,699.141169
1101.416172,273,699.285689
994.488344,262,699.419238
807.526365,221,699.531051
1413.761934,294,699.679036
1030.010646,254,699.828423
1467.444439,297,699.994481
890.565266,236,700.11374
1060.921669,268,700.24848
1320.712772,284,700.390996
782.687665,219,700.5022
1312.479576,287,700.648444
1204.858612,273,700.785703
1155.209302,267,700.924427
819.4341,230,701.046072
1136.684706,266,701.195577
944.378363,246,701.343268
899.278517,234,701.489241
913.810279,237,701.640165
771.525907,217,701.765488
758.87865,207,702.724619
755.326322,224,702.936368
749.475656,244,703.149086
1075.142204,276,703.386976
1043.198561,298,703.656111
1114.673975,273,703.883395
1109.462448,267,704.104621
1037.415567,256,704.317834
749.123246,213,704.456975
813.470041,223,704.58469
749.377621,213,704.70626
753.328001,213,704.833972
932.784361,240,704.975479
1201.661749,274,705.126477
1347.800258,285,705.268701
965.654146,245,705.391264
887.133523,231,705.506945
746.295743,212,705.615436
815.345124,224,705.732753
905.792142,235,705.856154
823.44595,223,705.975291
855.326473,228,706.09327
764.011477,216,706.207354
892.642092,233,706.328069
1351.532097,291,706.492775
764.525623,216,706.642335
937.340122,245,706.814366
1262.087243,279,706.984348
838.667741,225,707.116431
754.47376,214,707.240919
763.331002,215,707.364255
816.809956,230,707.497729
766.051257,217,707.623742
1480.38092,297,707.797529
913.517108,236,707.941775
852.251542,228,708.073619
979.467045,247,708.215113
747.805451,212,708.337215
756.675347,214,708.459918
879.518181,231,708.588904
822.390391,224,708.705074
976.952436,247,708.831137
758.935484,216,708.944937
972.087574,246,709.089371
918.056134,237,709.230383
979.663387,247,709.375771
853.768269,227,709.491688
1173.652609,270,709.627905
763.091665,216,709.737925
1276.55274,285,709.882804
956.280175,244,710.00861
770.997561,218,710.136956
754.970818,213,710.265476
799.8191,221,710.39625
919.657568,238,710.538718
1142.930378,267,710.706624
1289.431113,281,710.884232
823.525758,224,711.020038
813.380644,226,712.068678
1050.5,270,712.332807
989.542595,252,712.552574
661.79735,230,712.729111
1068.72122,272,712.944242
1060.690394,253,713.150525
1092.682686,279,713.384158
1155.353834,284,713.753647
1177.14749,281,713.898004
1155.001981,283,714.040038
1152.048211,284,714.183004
1150.703907,286,714.327727
1163.654197,281,714.503831
1168.470812,283,714.65594
1129.257491,285,714.802105
1163.607548,284,714.96507
1160.728538,283,715.107197
1162.622327,284,715.249885
1182.31236,280,715.390661
1161.119736,285,715.557844
1115.888428,286,715.710203
1116.281597,285,715.856562
1175.640461,280,715.997581
1145.720218,286,716.143693
1188.56782,281,716.285648
1137.209977,285,716.429444
1147.011721,286,716.573485
1130.016276,285,716.718328
1108.982976,285,716.862372
1123.982902,284,717.007935
1167.428705,283,717.172216
1120.835045,286,717.31678
1167.074359,283,717.459173
1173.303811,282,717.602445
1163.347837,284,717.745699
1181.134124,281,717.888921
1120.531377,287,718.033496
1168.566666,283,718.183819
1179.765325,280,718.348989
1179.824936,281,718.514041
1129.630219,287,718.662234
1122.739266,288,718.807603
1129.087447,288,718.952863
1162.343586,285,719.097773
1122.516263,287,719.242318
1121.594334,287,719.387047
1165.57038,284,719.530839
1185.592846,279,719.671052
1140.777747,285,719.815347
1155.880688,285,719.958452
1162.456371,283,720.103397
1135.597873,287,720.250742
1116.552764,287,720.396499
1154.605021,283,720.538921
1181.378489,280,720.679844
1170.827142,282,720.821528
1172.194692,284,720.965295
1003.492452,253,721.84232
955.301931,247,722.027402
1065.303073,289,722.244491
1088.407933,309,722.475069
812.900743,260,722.668573
1139.778551,276,722.87573
1064.807081,267,723.074403
789.740467,216,723.306474
774.542776,215,723.415148
903.296646,233,723.533252
1307.073201,281,723.677614
860.362824,226,723.794995
825.733065,221,723.909488
930.553319,239,724.029906
830.988449,222,724.14158
908.407378,234,724.259614
1324.60832,283,724.402468
959.934657,241,724.525263
825.37247,222,724.637329
769.87333,214,724.745128
934.012045,241,724.867121
905.329889,238,724.987658
898.986671,238,725.109232
762.773451,214,725.216974
794.551516,218,725.326512
776.005686,215,725.434768
1023.298037,261,725.566755
756.81823,213,725.67413
765.080048,214,725.782955
879.362759,229,725.898438
770.340227,214,726.006253
1268.179359,277,726.145673
885.712846,230,726.261683
998.961184,252,726.389714
809.015882,218,726.501782
779.450751,215,726.612652
750.735698,212,726.721884
791.960873,217,726.834071
842.116576,224,726.949081
768.30125,214,727.057246
1201.833158,274,727.195365
1268.626971,277,727.334567
893.600467,232,727.451529
967.965716,242,727.574761
763.348358,214,727.682509
832.272483,223,727.79497
801.750054,218,727.904376
769.18279,214,728.012185
772.15477,214,728.120997
959.63561,244,728.244348
801.018215,219,728.355016
872.43552,228,728.472156
814.290454,220,728.585895
921.921479,237,728.709602
792.274663,217,728.818743
1025.719671,262,728.951151
1019.296281,262,729.08364
969.412981,246,729.952916
647.770053,199,730.100648
566.731282,181,730.234709
966.972868,256,730.424863
1340.170027,363,730.696673
768.941183,226,730.864749
1082.234561,297,731.087909
1053.853354,267,731.286884
1058.916073,288,731.452985
1062.36228,285,731.596061
1073.060687,289,731.742479
1057.963396,286,731.886076
1068.938785,285,732.029193
1165.500519,301,732.18016
1069.266043,286,732.324538
1120.640274,300,732.475689
1119.528703,300,732.629208
1055.190165,287,732.790682
1081.007058,291,732.954439
1070.154874,288,733.120607
1159.839537,299,733.279676
1076.486873,290,733.432348
1072.631066,289,733.584957
1061.861816,285,733.734843
1174.189435,301,733.888002
1080.75151,291,734.0346
1171.707751,301,734.19461
1133.980997,301,734.355375
1083.650248,287,734.529846
1133.529138,299,734.714145
1064.61298,289,734.903083
1194.406431,304,735.090979
1166.269667,288,735.23507
1074.853267,289,735.381472
1056.232507,287,735.525142
1056.135376,287,735.672652
1124.505839,300,735.833295
1181.133688,291,735.998097
1078.235995,286,736.167438
1165.629243,290,736.3189
1076.939001,288,736.464778
1065.432584,285,736.609056
1128.406701,299,736.775582
1181.513661,301,736.950351
1091.378914,287,737.112013
1078.230542,287,737.273381
1129.950313,288,737.427364
1086.878059,286,737.571814
1133.513852,301,737.723669
1082.490051,286,737.880676
1064.490037,288,738.055384
1125.562667,300,738.232183
1089.028528,287,738.377758
1093.103162,286,738.527085
1119.951402,287,738.68556
1086.727234,292,738.84044
1081.018309,286,738.990329
1111.299805,287,739.137428
995.58162,271,740.066406
1220.130102,298,740.324795
757.040531,225,740.494955
999.118796,272,740.710267
1012.910583,258,740.931156
1250.185289,309,741.167446
1000.70741,256,741.363714
1158.356748,296,741.648609
1461.235982,336,741.818893
1201.860669,307,741.974116
1244.738734,314,742.140656
1155.487555,298,742.320819
1254.840539,316,742.508617
1160.179224,300,742.662002
1152.424831,296,742.810949
1182.331971,302,742.96424
1145.286879,295,743.113669
1248.566826,317,743.277772
1191.727671,306,743.434109
1371.735641,329,743.600627
1146.910265,297,743.750426
1205.896535,304,743.907618
1229.120832,311,744.066815
1220.119186,310,744.228603
1218.625246,315,744.435857
1194.855157,312,744.645872
1180.728179,310,744.845352
1146.565228,296,745.037085
1164.980433,300,745.224148
1205.776803,309,745.399628
1242.241208,310,745.573773
1366.814037,328,745.758193
1422.013516,334,745.95884
1149.52099,298,746.134806
1144.418866,296,746.293268
1199.341709,313,746.449698
1269.274127,317,746.60888
1190.894803,303,746.783053
1215.483453,309,746.944226
1240.979608,310,747.099022
1308.79575,321,747.259644
1203.5811,313,747.4171
1343.024746,325,747.580289
1170.936773,301,747.731452
1152.51015,298,747.879845
1193.102483,312,748.036365
1237.025254,314,748.198738
1238.65628,312,748.359317
1152.899834,297,748.529022
1162.909818,300,748.689843
1219.622327,310,748.844579
1220.313675,306,748.998272
1250.80578,318,749.158107
1291.660672,319,749.318069
1185.051845,303,749.469519
1161.109556,300,749.620344
1473.752663,339,749.789938
749.62389,241,750.664467
770.58201,220,750.828066
1136.969007,279,751.034826
1113.160908,295,751.252273
1623.409801,354,751.523062
962.394845,254,751.747587
1031.726251,262,751.963091
1104.81492,290,752.226705
1143.014911,289,752.371141
1158.491555,287,752.515032
1121.463863,296,752.664456
1132.229547,290,752.809454
1161.411949,288,752.953028
1151.584474,290,753.097704
1125.089903,294,753.245701
1122.375287,282,753.386425
1111.348176,291,753.532579
1137.038577,291,753.681247
1166.395425,288,753.82942
1158.952336,287,753.97312
1149.003883,284,754.115256
1158.101719,286,754.258628
1156.614444,288,754.40381
1102.116777,278,754.546414
1153.709553,285,754.6912
1156.635976,290,754.837576
1537.560786,340,755.017323
1137.599781,290,755.165744
1194.594412,306,755.328254
1155.322653,291,755.486149
1149.457014,291,755.640929
1150.086794,288,755.793172
1135.279058,291,755.94704
1156.588548,288,756.100063
1162.295682,287,756.252958
1122.046583,281,756.399549
1152.021583,285,756.542205
1162.985198,291,756.69081
1163.792908,288,756.838952
1138.361745,299,756.992147
1135.597392,298,757.144531
1160.689555,289,757.291701
1146.600815,285,757.435526
1158.506296,286,757.601686
1160.520064,289,757.770576
1095.445088,279,757.924942
1162.391616,291,758.092407
1153.315174,288,758.261432
1139.920873,282,758.425972
1160.227288,291,758.596065
1156.145069,291,758.765909
1126.147151,290,758.936913
1144.516209,289,759.10634
1138.343798,283,759.27305
1142.541142,292,759.444435
1173.155223,290,759.622299
1137.252842,283,759.789248
1190.827424,275,760.910097
927.638056,250,761.138759
923.012371,242,761.340878
1013.010142,253,761.55503
917.153863,256,761.770991
1003.399364,252,761.990355
1352.150775,348,762.286526
1246.339547,307,762.58573
1256.075324,310,762.743393
1185.39941,291,762.902016
1148.716607,295,763.070809
1156.799779,292,763.219823
1161.83624,290,763.365267
1154.820352,291,763.511279
1165.155101,297,763.661048
1172.749095,290,763.810453
1145.7776,291,763.961825
1136.640805,293,764.138745
1218.963841,293,764.311681
1178.023145,291,764.485549
1143.473375,295,764.66055
1165.793617,292,764.814786
1148.54945,295,764.974989
1203.262155,293,765.123246
1182.240727,300,765.275139
1129.674945,292,765.422919
1185.413415,292,765.575464
1153.443454,291,765.728471
1155.270636,293,765.885165
1169.895267,290,766.055229
1143.85594,290,766.225075
1214.42744,305,766.384435
1190.303062,289,766.530816
1217.666938,301,766.683569
1161.078266,289,766.844393
1165.670727,291,767.002983
1129.642361,293,767.173222
1186.926268,298,767.344852
1219.008634,304,767.499987
1207.915855,292,767.64802
1177.99207,292,767.795542
1254.513323,307,767.954566
1149.736415,293,768.131443
1163.577573,291,768.307755
1138.553429,293,768.462419
1154.379538,291,768.612733
1150.785295,296,768.763269
1245.109162,306,768.922095
1224.980829,307,769.07813
1154.524652,292,769.226347
1131.653706,292,769.376336
1214.609948,293,769.527592
1161.791215,291,769.678189
1211.784067,292,769.83218
1231.982712,304,769.992257
1194.817489,305,770.148933
1215.014773,292,770.299973
1457.995352,336,771.262124
1107.783043,291,771.478651
1154.270765,319,771.747162
1064.344929,265,771.983061
1062.98211,308,772.251194
644.945296,187,772.390129
1046.773435,273,772.595774
950.806523,242,772.785022
969.05146,244,772.911272
968.474478,244,773.03613
985.494351,248,773.161573
887.154845,228,773.276751
964.733028,248,773.408445
797.76841,226,773.527327
898.516228,230,773.648386
935.128072,237,773.775029
966.269305,247,773.902126
821.560114,230,774.017649
1092.618486,260,774.14928
887.30153,229,774.264599
880.359538,227,774.381495
850.841238,223,774.493731
855.038737,224,774.606352
875.617314,226,774.721769
971.962186,248,774.858248
1005.478407,261,775.014603
894.605667,230,775.151335
1031.888547,254,775.302413
860.593077,224,775.442248
878.783886,227,775.58712
880.123617,227,775.722666
906.096403,232,775.862519
869.156104,226,775.997894
867.190497,226,776.132097
1091.826863,260,776.288374
959.355934,243,776.432471
892.843915,230,776.572366
866.696781,226,776.708508
863.389168,225,776.842903
962.173775,242,776.988113
878.540149,227,777.122843
961.005158,242,777.267305
1113.955671,263,777.41955
888.599899,229,777.537095
869.989178,226,777.654167
935.706064,240,777.783017
811.78294,229,777.907358
900.920466,232,778.035793
867.98921,225,778.158222
802.533443,228,778.276168
1049.774663,270,778.41288
892.676523,230,778.529914
876.181469,227,778.644437
963.692218,243,778.76804
1075.456572,259,778.898913
1052.778309,256,779.028724
950.14142,246,779.153344
708.296607,196,779.99398
1121.879624,271,780.197166
1057.295357,298,780.422097
1206.056824,318,780.659144
1065.888654,262,780.854395
1046.248937,283,781.096041
1060.694057,324,781.341681
1040.818681,281,781.589612
1045.626927,272,781.728175
1058.550323,276,781.867547
1038.020257,280,782.008225
1029.206104,283,782.152078
1046.689321,272,782.288922
1040.408306,271,782.426091
1046.73643,271,782.564298
1041.099482,278,782.704225
1049.016394,272,782.842681
1053.327636,276,782.982005
1089.071221,279,783.132364
1054.591821,273,783.290718
1050.089853,272,783.447231
1055.569973,273,783.589576
1054.428425,273,783.749181
1058.801423,270,783.904876
1076.59126,278,784.063551
1040.217651,275,784.202239
1038.457647,275,784.340623
1083.486526,277,784.496584
1035.961963,265,784.638752
1035.762869,279,784.800476
1048.727539,272,784.958431
1057.241782,277,785.11056
1038.058734,276,785.252106
1049.150486,272,785.389301
1052.02927,272,785.526181
1052.133118,272,785.675103
1045.731409,279,785.828019
1046.331898,273,785.965986
1036.554851,279,786.106714
1053.077199,272,786.243724
1036.572848,281,786.386293
1063.258703,272,786.523314
1040.387589,279,786.668676
1054.657529,277,786.818189
1046.964289,272,786.977936
1035.33228,280,787.142643
1082.795169,278,787.294513
1052.573662,272,787.445423
1044.737963,272,787.608739
1040.448288,274,787.770192
1039.647168,280,787.921131
1060.427786,278,788.075077
1040.34712,274,788.215522
1053.04918,272,788.354265
1037.579943,282,788.502976
1047.557448,272,788.657189
1061.79516,273,788.813836
1049.460788,269,789.72774
1147.103806,274,789.93349
1069.341282,265,790.132004
986.406042,259,790.334629
1109.495882,296,790.581149
944.8857,252,790.770549
875.185858,241,790.951783
1904.282327,421,791.320074
1922.842995,422,791.531677
268.045116,139,791.601981
1876.462082,406,791.80733
268.105133,139,791.877621
1854.690712,418,792.089929
1971.553665,424,792.337386
1936.768301,421,792.573906
1923.350811,418,792.815326
268.287053,139,792.896825
1896.874594,419,793.119092
1827.515214,417,793.331619
271.111098,139,793.404129
269.010618,139,793.479264
268.977338,138,793.564441
1936.85119,420,793.843729
1865.396996,418,794.111467
266.092495,138,794.204644
1918.146401,415,794.457676
270.660452,139,794.543213
267.932257,138,794.623972
267.765437,138,794.705017
269.738937,139,794.785017
271.128301,139,794.865177
268.891667,139,794.945088
267.315504,138,795.022212
1877.050522,419,795.300135
1891.310124,418,795.548818
269.259577,139,795.618529
265.930325,138,795.687537
1920.505393,419,795.901215
270.859571,139,795.978257
1931.817128,417,796.192964
1827.89573,416,796.409519
268.620325,138,796.478498
269.376081,138,796.546779
1946.557545,420,796.762651
266.452538,138,796.841525
268.950714,139,796.921852
270.570397,138,797.002404
1876.209495,407,797.22892
269.110889,138,797.304172
271.087475,139,797.376765
1899.171395,420,797.591128
267.130026,138,797.671573
270.01122,139,797.753373
266.193458,138,797.8337
269.404146,138,797.913852
265.558598,138,797.992748
267.47426,139,798.066211
998.044572,260,799.074933
1041.32273,260,799.291746
868.109844,228,799.482759
1372.094406,327,799.745574
1382.332656,309,800.006063
988.041216,257,800.224163
988.31877,243,800.428685
1561.612718,362,800.787589
1549.520859,359,800.992501
1299.760763,326,801.179267
1231.016959,316,801.358957
1599.090451,364,801.560699
1179.822522,309,801.720487
1221.395421,315,801.881542
1515.748534,355,802.060896
1310.138299,327,802.225635
1528.297159,355,802.40587
1496.469724,353,802.585186
1288.892364,324,802.748433
1357.486433,335,802.94081
1337.594588,332,803.13551
1289.492601,324,803.324659
1327.511402,332,803.519882
1425.660225,345,803.707444
1338.275022,331,803.874451
1164.579791,306,804.028841
1191.374311,311,804.186593
1583.15309,365,804.399055
1535.705652,357,804.609407
1359.489014,336,804.807652
1271.432872,322,804.975729
1301.454675,326,805.149312
1460.285494,348,805.380486
1334.884645,332,805.591265
1266.371292,321,805.773895
1355.62363,335,805.949334
1272.848749,322,806.113672
1159.66138,306,806.274596
1346.683848,334,806.468466
1435.334909,345,806.676432
1205.376387,312,806.84377
1576.933427,364,807.051756
1311.148759,328,807.24492
1288.361782,324,807.428019
1168.156903,307,807.601475
1280.754897,323,807.782873
1418.847732,344,807.977463
1228.468058,316,808.156223
1292.579152,325,808.341833
1270.120529,322,808.525805
1480.703274,350,808.717198
1303.712149,327,808.882501
1267.005177,321,809.043961
1593.460564,367,809.226738
1626.214799,369,809.410619
1388.049445,336,809.577984
1259.375404,320,809.73873
1175.262819,297,810.68891
1133.923123,283,810.921233
1015.535005,263,811.115376
1005.477495,265,811.34157
1066.494113,268,811.576553
1066.410954,267,811.819046
1101.233214,285,812.074888
1132.677987,270,812.347641
1184.669597,287,812.521553
1086.653665,258,812.678383
1182.191423,280,812.859501
1174.825328,272,813.047397
1171.626595,285,813.213828
1175.927606,278,813.371735
1159.203747,273,813.526341
1173.467748,279,813.684964
1150.277878,275,813.841934
1167.883249,285,814.004645
1167.365852,278,814.163513
1154.573652,267,814.314494
1156.030853,275,814.459532
1197.171473,284,814.605307
1207.756915,288,814.753995
1164.573769,277,814.896446
1156.430921,275,815.037684
1165.943319,268,815.17519
1175.31832,279,815.318572
1144.263049,274,815.459157
1198.019527,286,815.605882
1146.823613,285,815.752419
1197.228162,288,815.900469
1169.076981,280,816.044216
1171.446473,279,816.187261
1183.15436,288,816.334673
1159.74341,272,816.473608
1156.721192,273,816.613135
1135.327319,264,816.748164
1184.885988,283,816.89055
1125.455811,266,817.024475
1146.700217,285,817.168003
1143.586313,267,817.302398
1162.632956,280,817.443348
1066.987938,254,817.570957
1180.051829,288,817.715432
1174.333402,281,817.856753
1142.603958,269,817.991749
1146.255818,273,818.129277
1159.428962,288,818.274281
1145.572438,274,818.412046
1171.126995,287,818.556834
1142.985506,274,818.697954
1163.744185,280,818.842169
1159.777639,272,818.981983
1168.279637,286,819.129398
1196.515144,287,819.277469
1188.508337,286,819.433313
1120.207744,261,819.570763
1070.755226,284,820.480844
1338.92207,333,820.730733
1021.379051,281,820.939845
1126.986262,283,821.149903
1205.167728,290,821.365498
935.132752,266,821.563697
933.741317,258,821.757819
810.338747,225,821.926006
861.692216,225,822.039636
931.984126,235,822.158569
842.002522,222,822.27695
864.23092,224,822.391592
816.585257,225,822.505176
894.59667,231,822.624811
851.14555,224,822.741245
815.563966,225,822.854662
1164.171648,264,822.987289
821.902269,218,823.097248
1156.624361,265,823.230327
1182.192338,265,823.364666
872.900237,228,823.482217
1060.782191,254,823.609643
839.582153,221,823.720529
853.830785,223,823.832534
987.569584,250,823.957527
852.212908,223,824.069204
1029.324462,254,824.196346
1065.349284,255,824.324356
814.64455,225,824.437135
900.914604,233,824.554007
1071.944454,256,824.682377
832.799416,220,824.792371
1179.279175,266,824.925742
1090.959878,258,825.054834
1015.280894,248,825.178978
852.179608,223,825.290767
1016.341662,261,825.422131
854.963348,224,825.53432
1037.622291,251,825.660044
1234.450829,270,825.79524
1078.166793,256,825.92375
1103.307905,259,826.053847
1035.357481,250,826.179932
1048.615365,254,826.310273
852.528733,231,826.428578
904.455905,234,826.548918
1004.838885,259,826.682209
992.085509,258,826.815148
884.591967,230,826.933173
875.152971,225,827.04835
822.132476,218,827.160271
864.021817,226,827.276261
1007.990075,261,827.410618
864.474807,232,827.529541
1068.649136,255,827.660141
981.11094,244,827.785524
838.450807,221,827.903468
993.33454,245,828.810404
892.994053,244,828.991075
1046.580698,280,829.198269
972.435653,245,829.379831
1184.552816,283,829.595622
1049.696508,295,829.820339
994.553428,248,830.004267
1009.131856,249,830.297412
956.601286,245,830.421227
945.720759,241,830.542864
967.830181,240,830.663718
960.508396,242,830.785706
964.59827,246,830.90954
965.846983,243,831.031985
1002.516492,248,831.156391
988.669853,252,831.283583
998.73243,246,831.408964
988.355938,252,831.539392
951.186611,239,831.662969
973.940589,257,831.802919
1008.137495,262,831.93509
1001.091701,248,832.060371
960.317732,242,832.182402
963.749476,257,832.311831
952.704745,235,832.430369
944.515514,238,832.550249
1010.628563,255,832.678243
940.109897,238,832.798324
938.931782,237,832.917695
966.974309,248,833.042763
967.316509,243,833.165483
1002.333585,254,833.294034
1014.128832,253,833.424283
953.469072,243,833.550098
976.092757,259,833.683779
1003.73368,248,833.811535
989.137821,261,833.946178
955.011816,243,834.071866
997.363726,247,834.198872
948.107048,238,834.32174
996.565927,261,834.456219
988.470485,252,834.58652
1016.241162,248,834.714541
1014.143898,256,834.846255
969.722766,246,834.973509
962.512129,257,835.106118
973.345855,265,835.24296
935.866577,233,835.363329
1021.13744,254,835.494166
996.758064,253,835.624982
959.898835,242,835.750078
993.964268,257,835.882475
1006.143714,252,836.012246
1001.291989,248,836.140167
997.204349,246,836.266827
980.738017,262,836.401918
968.472015,265,836.538747
1064.214236,276,837.551838
1108.180174,270,837.773767
1035.48745,263,837.973791
1269.581232,295,838.192014
881.471949,264,838.386843
717.545973,206,838.539019
889.744475,252,838.725417
1160.137385,305,839.054549
1143.235264,295,839.201758
1151.142614,298,839.350452
1332.075801,319,839.509767
1134.500435,292,839.658371
1134.06444,294,839.808084
1165.07115,304,839.962777
1134.72865,290,840.110706
1127.821073,291,840.259113
1157.423184,303,840.414039
1134.15678,294,840.564433
1161.408303,305,840.720428
1576.479572,353,840.900963
1152.896473,298,841.053411
1132.524694,292,841.202946
1157.30527,304,841.35863
1165.751486,306,841.514992
1158.965067,304,841.670557
1277.526127,313,841.845243
1310.730323,317,842.026434
1151.344114,303,842.200249
1285.63196,315,842.380928
1165.332787,305,842.555644
1204.646882,305,842.730639
1134.56412,292,842.897676
1131.75209,292,843.064918
1200.475785,309,843.24216
1309.036517,316,843.423593
1173.432636,307,843.599611
1175.240043,303,843.765761
1166.677287,305,843.921793
1177.021279,309,844.076109
1153.045558,299,844.225253
1175.183078,308,844.378761
1175.370739,308,844.531932
1258.215661,311,844.686898
1180.662447,308,844.848345
1162.053532,306,845.021515
1157.206923,303,845.193097
1309.838741,316,845.372321
1134.556131,293,845.540583
1181.012079,307,845.718814
1157.859015,303,845.894615
1233.280337,309,846.071685
1235.04106,308,846.246517
1159.731377,304,846.41873
1176.557437,306,846.592257
1144.654245,297,846.75505
1364.629078,322,846.919502
1310.192715,317,847.079111
1135.230738,315,848.030328
739.436029,218,848.192988
988.499886,248,848.377963
1151.308065,295,848.597303
1035.324961,266,848.803011
681.5166,200,848.957286
1086.441399,262,849.159069
936.345011,237,849.47998
1110.300225,268,849.617887
894.544012,231,849.736228
953.58165,239,849.858976
1067.98989,256,849.990398
1081.298079,267,850.127721
916.243606,234,850.247582
1042.614931,254,850.377808
1110.408138,268,850.51552
887.768443,231,850.634081
1046.693448,252,850.763667
945.568696,239,850.886633
873.66032,228,851.003632
877.806924,229,851.121219
1101.566772,268,851.259262
1012.321403,247,851.386099
1106.318088,266,851.522977
892.904457,231,851.641137
1074.478052,267,851.780034
1093.76361,262,851.916013
932.962123,236,852.038094
1117.788749,275,852.18013
863.44167,227,852.297572
1090.332766,268,852.436657
1122.116831,269,852.576054
912.762824,233,852.696526
1113.116795,269,852.836015
1047.167692,256,852.968535
1012.582423,248,853.096887
1110.088513,269,853.23624
936.073377,237,853.358747
989.117255,245,853.485481
956.883344,239,853.609015
922.97669,235,853.730355
1016.966211,249,853.859142
1102.681088,269,853.996147
1051.450122,256,854.125712
1094.209002,269,854.262041
1090.020631,267,854.397386
1095.129983,263,854.530277
970.956094,242,854.652581
997.221605,246,854.776874
1091.73687,268,854.912446
1110.447419,269,855.047969
962.703324,241,855.168938
1093.242281,262,855.30068
1131.980697,270,855.436558
1022.800171,248,855.56097
894.321827,231,855.676898
1104.060533,269,855.812577
814.021539,222,856.667931
858.002905,226,856.84305
812.807979,241,857.021819
1139.610729,288,857.234443
1022.025568,261,857.431642
1140.276367,289,857.652753
1066.373523,260,857.851971
1129.635779,286,858.210139
1100.53383,286,858.355722
1119.260508,288,858.502147
1138.550966,287,858.647982
1118.521338,282,858.79142
1113.76726,286,858.938019
1139.025271,288,859.085783
1058.458946,272,859.225046
1158.665114,290,859.373636
1113.658717,285,859.519865
1181.732246,290,859.668396
1100.188129,286,859.815453
1122.108656,290,859.964327
1109.391904,290,860.11311
1414.8068,315,860.274729
1113.761543,286,860.421654
1134.613559,284,860.567142
1118.595786,288,860.715013
1115.780471,287,860.8624
1120.090515,289,861.010532
1116.683709,289,861.159023
1052.426511,270,861.297384
974.776433,256,861.428639
1088.192319,276,861.570148
1124.817558,288,861.71828
1123.938979,287,861.86745
1196.650121,292,862.017109
1133.151453,284,862.162885
1466.924232,321,862.327995
1070.525406,273,862.467769
1113.570413,286,862.613748
1102.887286,289,862.761296
1092.060496,277,862.902429
1106.821213,285,863.047688
1150.791123,286,863.193874
1309.250997,305,863.349481
1167.912897,291,863.497882
1143.714914,288,863.645085
1122.485635,287,863.791425
1091.678961,277,863.932301
1107.440476,286,864.078046
1115.496603,287,864.222534
1114.150445,286,864.36518
1111.330834,289,864.509178
1135.075662,283,864.650213
1083.890096,277,864.788162
1105.999964,285,864.93032
1154.340418,287,865.07336
1479.855325,324,865.234854
1153.565188,287,865.377487
1132.139804,293,866.275985
1204.544726,291,866.491164
971.847457,250,866.676145
1214.112992,292,866.893272
1110.975996,280,867.107982
803.917124,221,867.2777
727.768612,204,867.433988
1120.914173,292,867.761492
1113.687253,296,867.912778
1129.232299,291,868.061198
1138.245814,289,868.209199
1089.548191,299,868.362024
1139.079998,297,868.51389
1137.803866,295,868.66453
1132.592082,295,868.815449
1139.651791,295,868.966098
1128.139578,293,869.115674
1111.764361,296,869.266762
1080.442877,298,869.415782
1131.378379,295,869.563148
1147.378325,296,869.711019
1121.637237,289,869.855224
1132.705323,291,870.000453
1116.888877,298,870.14938
1129.200926,296,870.297395
1133.599063,300,870.447448
1136.548061,289,870.591791
1108.564178,297,870.740778
1129.112349,292,870.889678
1112.678106,296,871.040663
1118.396963,290,871.188673
1122.95066,289,871.336325
1134.675043,292,871.485168
1127.647354,292,871.634013
1125.541119,290,871.782228
1129.268428,293,871.931983
1131.372815,295,872.082748
1117.151465,297,872.234616
1121.134851,297,872.386388
1115.019236,288,872.533576
1121.195545,288,872.680595
1123.946695,295,872.831346
1114.44659,296,872.982481
1130.499823,296,873.133878
1131.40707,294,873.283734
1126.433967,291,873.43242
1116.642243,300,873.585883
1115.886435,296,873.737082
1142.520214,293,873.88647
1132.959544,297,874.037967
1128.804886,289,874.185251
1129.215223,295,874.335541
1144.385624,293,874.4828
1120.034607,291,874.627668
1180.757832,295,874.774827
1106.006178,298,874.923922
1129.967616,295,875.071412
1417.529501,328,876.004431
1147.889856,305,876.230078
1135.079254,276,876.434149
1122.891796,283,876.645711
1050.140479,271,876.857093
1150.06845,278,877.065311
1058.330382,261,877.258786
1083.05173,272,877.440552
976.238314,253,877.566728
1056.800968,268,877.700204
1013.133629,260,877.829782
1568.890802,328,877.993121
959.619303,250,878.118438
1024.27199,259,878.247297
1025.474164,261,878.380368
1399.52025,310,878.538581
1019.170545,259,878.670896
1086.274076,273,878.810256
984.503851,253,878.93952
1515.755358,322,879.103964
1004.341559,257,879.235114
1041.274819,265,879.370276
1192.734907,288,879.517128
995.013821,256,879.645061
968.914933,251,879.770731
978.202448,253,879.897402
968.517544,251,880.022961
1105.723644,275,880.160272
943.532077,248,880.284338
1070.308116,268,880.417962
1027.00597,262,880.54868
1019.750761,260,880.678335
959.467343,250,880.803833
1153.805064,284,880.945307
1532.095281,323,881.108568
1498.203983,320,881.272027
994.621651,255,881.402268
1179.506337,289,881.549662
1153.992534,284,881.694628
1146.587411,284,881.841688
1148.142269,284,881.987893
1157.930072,285,882.143792
995.882002,256,882.290738
1057.490395,268,882.443871
932.682787,246,882.584433
1170.440927,283,882.745894
1147.452152,284,882.908219
1509.64609,322,883.092252
952.71232,249,883.234925
953.846029,250,883.378055
926.019744,245,883.518165
1177.122875,287,883.684628
943.669075,248,883.82684
1005.701886,257,883.973397
1185.679215,289,884.129098
1050.497627,267,884.265071
1153.261365,282,884.407848
1155.374291,293,885.436422
958.961562,265,885.660151
1017.60486,262,885.880346
901.553318,236,886.077313
621.992778,193,886.243604
1097.005151,282,886.486776
899.632959,227,886.674404
649.598734,208,886.846569
783.957006,229,887.05683
1014.876613,259,887.202517
752.217402,224,887.32861
1088.482692,269,887.479823
1037.084155,263,887.627744
1033.413194,262,887.780217
957.999498,252,887.931103
784.772095,229,888.065889
1038.929835,262,888.209513
767.718232,227,888.334201
1075.847983,267,888.488275
795.092359,230,888.620558
755.424698,226,888.750585
978.055116,254,888.896766
724.038861,220,889.023595
735.409223,222,889.151623
718.446471,220,889.278191
1116.16926,274,889.435694
959.826062,251,889.580192
912.221397,245,889.721605
716.022417,219,889.846026
763.033299,226,889.974325
893.891007,243,890.109019
744.674444,224,890.225485
835.317489,236,890.344291
747.884862,224,890.456981
899.40834,243,890.583364
731.75016,220,890.70202
844.092102,237,890.830296
707.769651,217,890.946605
745.891688,223,891.066906
1080.262389,269,891.204259
802.152953,231,891.320328
736.521869,222,891.439728
1002.904776,257,891.577224
775.786998,228,891.69609
1062.114933,266,891.84843
985.20232,255,892.010264
1021.756855,260,892.151678
901.253968,244,892.290492
1079.069686,268,892.461744
732.089215,221,892.582118
938.068235,248,892.706282
795.376499,230,892.829435
813.873816,233,892.973042
1031.394465,261,893.10443
737.484272,222,893.215859
1067.794224,266,893.349574
746.795001,224,893.461814
723.679242,220,893.572123
857.1212,246,894.470175
857.897013,234,894.654985
1049.387722,251,894.886371
639.774096,203,895.06155
1170.703857,290,895.336073
876.394903,231,895.551494
798.426511,227,895.769813
776.766898,218,895.985765
913.24029,236,896.279106
1001.816365,258,896.427859
1033.054045,256,896.594016
873.700377,222,896.714212
1036.836121,285,896.879844
971.026973,247,897.007511
925.67966,238,897.127648
856.862555,225,897.247862
906.434879,235,897.384037
993.633785,256,897.513613
985.224829,256,897.643036
1021.89511,264,897.776522
887.320088,226,897.890286
993.132188,257,898.02037
991.198035,257,898.152173
986.509642,258,898.283343
870.979442,224,898.396274
845.27211,230,898.531657
776.843379,215,898.659863
917.568566,237,898.780004
985.651982,251,898.906975
786.507397,219,899.017296
917.777932,237,899.136961
982.648746,255,899.265903
1005.499797,260,899.396983
998.21933,259,899.52823
912.020284,234,899.645831
775.71532,213,899.755237
989.022207,256,899.890326
888.025312,225,900.003946
789.349719,216,900.11271
849.977066,228,900.229761
927.958421,237,900.352137
912.204279,234,900.473218
1058.039865,283,900.619835
828.91738,212,900.748893
1026.336612,247,900.880742
857.804934,225,900.997188
979.315566,251,901.126554
918.556816,237,901.246422
925.598144,238,901.366369
1004.848193,259,901.497452
1023.277651,265,901.65096
988.302616,256,901.803035
1033.608458,267,901.938194
865.149155,226,902.054034
922.636024,235,902.188448
893.146123,234,902.316366
803.824037,208,902.429715
915.74094,237,902.55172
695.614559,195,903.402609
897.821548,248,903.587571
949.696045,247,903.770967
1067.780229,277,903.977738
1115.495065,268,904.17691
612.5208,198,904.327622
871.382999,223,904.499881
654.494879,199,904.654863
1162.707923,296,904.970924
1149.700543,287,905.114952
1130.936388,286,905.258424
1125.273294,284,905.39977
1119.22026,287,905.543061
1117.976186,287,905.685951
1126.235325,287,905.829131
1001.095948,263,905.960184
991.333643,261,906.090476
1132.64773,285,906.23275
1024.596701,267,906.367579
1155.297618,288,906.514498
1117.188193,282,906.65833
1112.57274,284,906.805815
1020.262457,267,906.942295
1115.263229,286,907.088107
1118.773935,283,907.232575
1173.17459,300,907.385674
1136.500897,285,907.531267
1118.202701,286,907.677149
1059.850209,273,907.816391
1140.892427,291,907.964859
1128.896468,285,908.11047
1136.803788,285,908.255914
1130.432161,290,908.404019
1150.051548,292,908.553932
1131.357988,290,908.719669
1087.142485,278,908.878495
1002.393451,264,909.028957
1109.638942,282,909.190014
1118.983649,287,909.353967
1163.108849,295,909.521793
1130.427786,289,909.687314
1131.840316,290,909.85552
1131.398759,291,910.023525
1076.122588,275,910.182248
1114.588994,285,910.347008
1119.292806,283,910.510735
1122.131256,289,910.677778
1042.086293,270,910.832266
1148.757762,293,911.000137
1147.824572,292,911.166795
1138.62744,285,911.319378
1148.597753,291,911.467925
1123.881393,283,911.612341
1043.011936,270,911.750485
1121.969235,288,911.901976
992.815457,261,912.032369
1033.023537,268,912.166151
1128.156784,284,912.307964
1026.753206,273,913.279088
877.533181,235,913.476968
812.374477,229,913.665762
1077.267656,278,913.895242
1034.1437,258,914.108645
1140.451801,272,914.332682
1336.824337,301,914.580632
634.332323,200,914.738175
985.310127,243,914.875941
1047.969027,259,915.013245
916.536452,228,915.127126
938.105834,236,915.244777
1039.142187,260,915.374522
1075.720152,266,915.507648
874.221541,219,915.616724
888.402995,222,915.727398
898.435572,225,915.839552
865.034161,218,915.947983
870.916016,227,916.06501
895.508927,224,916.176502
1054.564955,265,916.309678
940.069549,234,916.428681
1043.234494,267,916.563737
881.21566,221,916.67373
936.146263,236,916.799802
932.217305,235,916.920975
1050.696406,259,917.049951
920.617368,229,917.164286
873.080728,228,917.277786
1083.76413,267,917.416391
978.080605,242,917.554021
962.506557,238,917.689229
735.009709,195,917.799324
913.762459,234,917.932302
955.442685,239,918.068163
844.064722,212,918.188364
748.949541,197,918.299432
874.838789,219,918.424741
873.648052,227,918.556539
889.917083,223,918.685695
913.671879,228,918.817947
1044.857853,266,918.972546
813.049515,206,919.091981
924.958127,230,919.225228
1036.892802,264,919.370537
1041.833368,266,919.508847
704.959201,190,919.606159
732.50098,194,919.705722
870.068316,227,919.822716
1065.583557,263,919.958517
1044.732578,266,920.095897
871.293709,219,920.208687
856.051601,214,920.318834
1043.272989,257,920.451711
919.508568,230,920.567707
1047.183821,265,920.701467
910.255953,227,920.81557
930.488683,231,920.931782
757.958951,204,921.76551
1009.910996,250,921.95119
875.654742,221,922.121036
1223.994522,296,922.349563
378.512539,137,922.455554
1161.778885,269,922.662447
1153.325266,290,922.886019
1119.565555,269,923.09352
1182.790393,281,923.336258
1236.099849,275,923.476995
1086.994293,257,923.609168
1238.866818,276,923.750731
1132.416577,278,923.893512
1152.075608,263,924.028277
1108.277075,262,924.162658
1197.968774,270,924.300806
1097.962363,251,924.429691
1123.584433,264,924.565168
1020.523763,250,924.693825
1210.657169,285,924.840012
1105.25806,260,924.973387
1058.117892,254,925.10401
1174.733812,270,925.242432
1185.167854,273,925.382345
1244.588089,291,925.531537
1126.509154,264,925.666837
1092.512549,259,925.799956
1114.294736,261,925.933808
1046.672092,253,926.063917
1088.028148,257,926.195975
1252.983486,281,926.341508
1226.581869,278,926.484226
1161.61509,264,926.618537
1060.707946,255,926.752936
1151.632857,269,926.888287
1265.499458,294,927.035748
1257.999711,284,927.177732
1190.108601,269,927.32904
1088.956357,258,927.473796
1251.943418,281,927.63507
1154.848781,262,927.782001
1079.483901,257,927.925938
1159.966023,279,928.081898
1126.967113,256,928.225087
1039.590273,253,928.367198
1136.070913,259,928.511925
1097.829373,261,928.65989
1088.267927,250,928.806807
1118.117397,263,928.958041
1106.988791,261,929.106405
1149.744453,261,929.246171
1207.457095,271,929.385711
1125.323529,265,929.535111
1781.038071,347,929.735727
956.161317,243,929.872763
1068.142143,255,930.01642
1111.403678,254,930.16202
1211.302699,285,930.323365
1207.902105,278,931.371276
840.423113,225,931.579039
982.268255,255,931.79921
979.287686,250,932.0004
994.892786,249,932.217138
1168.211936,292,932.497487
1416.121472,311,932.765618
1017.826314,241,933.059026
1263.69317,291,933.20664
876.376732,222,933.330208
1737.673772,345,933.518437
1115.95457,257,933.647905
1141.442179,262,933.778943
1239.197084,279,933.919977
969.105136,234,934.037086
1015.826607,251,934.183357
1031.904691,243,934.312824
1078.477581,250,934.452344
975.452954,236,934.587036
1489.223297,320,934.775155
1246.127394,283,934.947541
1067.856456,248,935.10145
901.295447,227,935.240797
1802.163288,353,935.446175
1796.144041,352,935.659729
899.241535,225,935.78759
938.381205,231,935.918873
1565.477923,327,936.105813
1048.262362,245,936.245971
917.865232,228,936.370396
1664.769236,337,936.551558
1080.691279,250,936.699902
1156.566083,271,936.856978
1160.720987,265,936.999603
1701.220128,337,937.168411
1111.117915,256,937.297356
937.846629,229,937.414021
1317.298905,301,937.565583
894.383548,224,937.678207
1233.368028,291,937.824193
1173.264487,266,937.957417
1105.729563,264,938.090874
939.204873,231,938.207056
845.708585,217,938.31633
1873.207828,363,938.499857
1200.471772,286,938.644446
1129.225509,267,938.778605
1339.855998,304,938.932735
1485.138839,319,939.093938
1097.141613,260,939.225838
982.941729,237,939.345484
1032.287971,243,939.470548
1106.447682,255,939.602058
976.674334,236,939.723088
1152.358722,264,939.856637
1218.292693,275,939.994622
1698.332376,341,940.166122
572.184108,171,940.980275
1065.783289,261,941.175587
1218.609571,299,941.39736
759.871861,204,941.548591
1122.74076,291,941.769404
1163.690962,288,941.983702
1047.534358,257,942.176174
962.205211,240,942.527925
694.384624,206,942.63389
660.355448,198,942.735182
1713.312041,343,942.909191
678.978758,204,943.011558
677.26813,203,943.114002
1157.092153,276,943.259937
664.592267,194,943.356855
685.784094,205,943.460277
871.080309,230,943.575809
768.651454,218,943.685296
673.510491,204,943.787509
686.651313,204,943.889918
1152.27055,274,944.0284
679.411089,204,944.130807
668.70412,199,944.230571
1223.592839,291,944.377258
651.738035,196,944.47655
1810.460372,365,944.663133
1126.299003,266,944.796266
670.296397,201,944.896281
667.575275,199,944.995418
658.33021,196,945.09332
685.294707,202,945.19523
1206.918311,286,945.338432
758.837343,216,945.446578
1033.681333,250,945.571945
1670.455348,336,945.740721
659.713122,197,945.839973
1154.754465,279,945.979609
666.254396,199,946.079053
678.322909,205,946.183866
647.446682,195,946.283483
671.749863,204,946.388595
648.428982,195,946.485932
743.730989,215,946.593808
686.034364,205,946.696571
671.405798,203,946.79851
895.807605,235,946.916656
668.410803,200,947.017556
648.920356,192,947.113647
682.199088,206,947.216748
668.347872,199,947.316223
653.407728,192,947.412244
685.682553,206,947.515185
645.948987,192,947.612036
684.031949,203,947.713636
1236.195265,291,947.858821
1170.682529,278,948.000424
821.303009,223,948.11454
1072.926002,251,949.034451
641.957791,203,949.185253
932.058559,240,949.364282
1466.114145,323,949.60451
1058.284084,265,949.802634
1034.664115,252,949.991036
1159.098815,288,950.205701
1219.44809,295,950.5337
1229.406255,301,950.702523
1115.850729,275,950.866901
1167.60687,284,951.03574
996.610972,254,951.198296
1277.902676,307,951.379407
1157.983147,282,951.555318
1242.712766,298,951.762331
1260.890397,311,952.005819
1286.488594,309,952.221076
1095.495416,270,952.397852
1132.170939,287,952.569187
1229.900351,308,952.751638
1275.750116,308,952.934235
1143.588145,289,953.105356
1182.393475,293,953.270397
1276.738929,308,953.43258
1164.551023,282,953.580241
1158.139632,291,953.73281
1255.051325,304,953.892233
1287.744432,310,954.054702
1103.494156,272,954.196906
1209.276046,290,954.351383
1258.175736,305,954.515003
1223.852905,295,954.672973
1287.527462,310,954.839191
1262.55561,302,955.001084
1068.851356,266,955.143314
1146.030464,289,955.298021
1115.227325,275,955.445046
1168.740118,284,955.596851
1192.410044,288,955.751282
1115.174362,274,955.897794
1200.953938,289,956.052519
1205.507747,290,956.207604
1285.776462,309,956.371753
1284.268635,310,956.534132
1112.039414,273,956.677003
1181.200292,293,956.831088
1280.369768,310,956.993739
1265.149167,306,957.153989
1209.180451,293,957.307379
1257.967785,309,957.469333
1211.30934,292,957.622018
1215.689426,295,957.776625
1095.030495,270,957.920068
1175.946825,285,958.072373
1130.285799,287,958.226741
1116.096768,285,958.379507
1119.213796,286,958.532934
1011.381286,261,959.428851
1080.153158,276,959.632452
987.643701,235,959.806275
1102.06523,289,960.01907
1033.162845,276,960.230725
1086.961863,275,960.441083
798.303927,218,960.60186
1143.215483,281,960.94718
1016.686441,254,961.102792
1231.097631,285,961.274522
1202.283195,277,961.431698
999.849932,252,961.607755
1228.378045,284,961.785878
1337.632479,299,961.964752
1239.619575,286,962.137401
1242.132298,295,962.311274
1210.994163,279,962.474788
1459.133439,318,962.63587
1238.217867,285,962.779221
1060.817958,261,962.909456
1133.497925,278,963.048803
1174.656634,287,963.2112
1179.846323,282,963.376013
1053.814367,260,963.528376
1658.366069,340,963.698592
1044.096384,259,963.828412
1248.652288,296,963.976229
1071.539899,264,964.108823
1016.990365,254,964.236701
1098.362914,268,964.370717
1165.505888,286,964.514892
1174.155096,283,964.656578
1097.435562,268,964.790751
1070.987239,264,964.92402
1135.351018,274,965.062069
1016.347301,254,965.189556
1240.488654,286,965.332672
1173.616858,283,965.498523
1007.493953,253,965.671152
1052.226726,260,965.83597
1137.839223,279,965.996275
1225.007177,284,966.158971
1300.864017,296,966.32799
1128.180377,277,966.485412
1132.549095,280,966.645994
1042.824324,250,966.792951
1149.530565,280,966.953322
1191.289686,290,967.118767
1256.653542,297,967.286229
1235.513248,284,967.446393
1143.000609,281,967.60404
1071.113341,264,967.752308
1149.990791,276,967.908972
1099.629472,268,968.060754
1106.987063,270,968.214696
945.275052,239,968.351854
1142.228415,275,968.506531
825.240411,216,969.55585
1211.228633,289,969.798178
671.043093,183,969.951809
1009.220487,246,970.167014
1005.651724,250,970.417941
1540.062307,322,970.718183
354.383243,132,970.847245
1117.306419,269,971.07641
1008.622746,256,971.321566
1156.894247,287,971.465828
1450.300649,318,971.62734
1101.246766,267,971.760908
1061.032766,257,971.889319
1150.285634,284,972.031406
1079.541068,263,972.162883
737.59357,216,972.272218
1168.367875,283,972.414045
788.173294,223,972.526945
1332.68285,306,972.684367
1134.733338,281,972.828308
1039.958339,253,972.955401
1140.356389,281,973.096748
1014.859698,256,973.225471
1782.980857,368,973.411431
1151.18102,284,973.569127
1786.632816,359,973.770431
651.166002,203,973.883842
1339.851836,300,974.056795
1804.103884,369,974.266372
1075.312672,264,974.417798
1165.114781,283,974.580376
659.472597,207,974.698066
1870.674617,375,974.909339
704.129452,214,975.02347
1144.55586,283,975.165985
638.96506,198,975.265785
1141.362773,280,975.405603
1096.976524,275,975.542833
1019.083952,250,975.667509
655.235429,202,975.768157
1705.741469,348,975.942927
681.673303,210,976.047657
1115.596288,278,976.188689
1132.658593,269,976.325481
980.071635,244,976.449369
674.651979,207,976.55234
1248.276744,297,976.700832
1164.69054,277,976.84015
1213.915848,294,976.987935
1004.05258,249,977.112071
986.799271,244,977.234273
928.352877,237,977.352507
1216.120846,293,977.499021
652.0856,204,977.601552
1045.791097,260,977.731255
1134.63381,281,977.871571
996.001803,254,978.000977
1133.249823,280,978.144341
644.827056,186,978.991574
1172.756678,296,979.211774
960.440403,239,979.391094
925.120146,228,979.58107
966.853685,243,979.784591
765.216355,218,979.966939
1219.703931,298,980.216907
1067.050143,252,980.427302
1080.200143,269,980.668158
1201.513413,295,980.835702
1221.129133,298,981.005022
1057.813877,265,981.154319
1151.694517,282,981.307039
1098.905286,274,981.447119
1079.352413,270,981.584844
1111.913539,289,981.732747
1096.678086,285,981.876856
1148.553759,297,982.02529
1087.641769,270,982.160124
1152.41815,294,982.306943
1190.156175,289,982.45922
1076.533597,269,982.616099
1158.366929,283,982.783709
1095.202562,291,982.937947
1196.281194,293,983.089355
1180.080126,289,983.259729
1060.198263,266,983.402745
1090.943196,285,983.59177
1099.688543,285,983.757669
1106.997952,275,983.904161
1097.828688,285,984.0552
1106.374724,286,984.239741
1106.273308,286,984.423096
1167.912244,286,984.583038
1100.037597,286,984.737944
1114.160158,286,984.899969
1053.929171,291,985.063336
1118.913058,289,985.225665
1154.167606,289,985.387654
1111.628497,286,985.549591
1194.608515,292,985.714557
1085.708196,270,985.867162
1173.371838,286,986.032319
1090.739107,285,986.197869
1086.51068,271,986.354377
1129.81364,288,986.521137
1099.044193,285,986.683842
1077.056497,282,986.836415
1130.68793,278,986.995155
1038.173665,262,987.144272
1031.833405,261,987.293652
1182.550505,289,987.460939
1106.186867,274,987.618883
1122.204101,290,987.786731
1130.703211,287,987.95236
1126.83436,287,988.118301
1184.865253,289,988.283314
1151.82982,296,988.452568
1075.07548,269,989.448406
904.038722,242,989.64972
1207.230677,291,989.892012
1069.499557,253,990.101828
662.84973,188,990.261654
1123.437736,278,990.49812
997.050387,251,990.709187
1035.816012,252,990.916809
1140.584047,270,991.101709
1196.854961,282,991.26021
1148.774078,280,991.417931
987.38571,245,991.555763
1100.421457,263,991.698448
1077.67125,259,991.836181
1080.188851,260,991.972762
1217.64323,286,992.123446
1210.811317,286,992.272924
952.863993,242,992.396271
949.639509,241,992.518933
943.788151,242,992.64917
942.433808,241,992.778775
1126.836843,277,992.92705
1103.61672,264,993.068372
1087.155017,261,993.208469
1168.908509,282,993.359677
1132.383521,269,993.504057
1227.346389,288,993.658697
1067.061008,258,993.794723
976.487281,247,993.924572
1159.794467,282,994.072533
1136.10005,277,994.217914
1203.77229,285,994.367776
1086.831159,260,994.504286
1254.461119,289,994.655849
1138.061785,282,994.804482
1172.645626,276,994.948869
1199.523956,281,995.095799
1298.517901,298,995.253244
1196.592429,284,995.405038
1177.278775,278,995.55387
952.523862,243,995.684252
944.687012,242,995.814306
1206.464882,282,995.965392
1114.511875,267,996.108345
1182.387584,282,996.259384
933.084441,240,996.388334
1206.930514,285,996.54129
1242.427241,289,996.700764
897.810328,235,996.819757
1002.802665,249,996.950323
949.390962,243,997.072627
928.781395,238,997.197799
961.572547,244,997.327231
1159.644795,281,997.472259
1276.922162,292,997.617553
1122.367005,277,997.773334
1203.950286,284,997.950227
1190.104467,279,998.126346
969.584041,245,999.040901
1154.641475,293,999.256437
930.470429,225,999.422069
615.500919,198,999.567523
1029.486681,255,999.757355
1289.376547,293,999.974301
750.237136,222,1000.137398
1141.001606,287,1000.348653
1103.923114,261,1000.511907
1080.746321,256,1000.638221
1163.974158,276,1000.775007
1153.513718,274,1000.911039
1138.789486,280,1001.049686
944.22143,242,1001.169603
1187.180968,276,1001.305846
1163.286157,271,1001.442614
1105.195548,261,1001.574413
1163.765745,283,1001.718166
1109.995058,266,1001.853366
1001.149491,243,1001.976374
1155.758728,275,1002.115651
1230.513669,293,1002.267773
1183.937821,278,1002.414322
1136.529516,272,1002.555595
628.640305,193,1002.653724
1027.764501,253,1002.787653
1154.072154,270,1002.933896
1153.615407,272,1003.102927
810.307438,220,1003.241809
1080.946879,260,1003.373432
1063.968501,254,1003.49894
1167.989439,277,1003.635924
710.403039,211,1003.740476
926.281279,233,1003.85598
1049.921797,255,1003.989671
1175.726089,284,1004.170178
1090.184741,264,1004.301576
704.480068,209,1004.404926
690.523976,207,1004.507332
1141.074323,281,1004.64621
1266.997304,297,1004.79307
822.08022,223,1004.903348
924.807386,240,1005.022483
969.437468,246,1005.144589
946.706135,243,1005.265105
1101.753121,265,1005.39601
740.436906,212,1005.513799
1096.24537,265,1005.680969
719.110188,210,1005.785087
857.975244,233,1005.900583
666.964887,203,1006.000954
1103.423871,260,1006.129655
1180.090751,279,1006.267969
1184.195564,286,1006.409409
1081.198899,262,1006.539176
1148.409709,274,1006.67486
670.41102,204,1006.776383
1148.931557,269,1006.909565
725.773351,218,1007.866715
1191.375141,290,1008.138065
1051.78581,269,1008.364856
986.103861,237,1008.559641
1135.319964,284,1008.792972
1048.9138,265,1009.014499
646.47958,193,1009.177122
671.688781,200,1009.335966
891.198191,231,1009.535614
905.158987,232,1009.653708
881.268633,228,1009.769389
1085.944835,256,1009.899294
1050.185788,265,1010.033958
961.8566,242,1010.157331
960.704862,241,1010.280358
848.076154,225,1010.394866
927.801628,236,1010.515012
1069.213675,255,1010.644524
1067.255362,262,1010.778308
934.189347,237,1010.899008
1017.744526,261,1011.031889
899.777025,232,1011.15017
1089.229918,252,1011.278576
854.234154,226,1011.393778
870.90396,228,1011.509931
1036.995806,256,1011.640149
1067.478037,263,1011.773397
1068.225558,262,1011.904478
1011.860986,250,1012.029538
921.56236,235,1012.146805
929.110999,234,1012.263614
910.495778,233,1012.379894
1077.022324,251,1012.504597
1050.03915,261,1012.634518
1048.531722,256,1012.762248
857.505646,226,1012.875121
1074.757312,253,1013.000536
1072.065478,259,1013.129466
996.949356,262,1013.260367
1060.479619,258,1013.389355
1018.779893,258,1013.518558
1052.580632,257,1013.646913
1077.46433,261,1013.77726
849.491884,225,1013.889413
848.029344,225,1014.001916
1071.780776,260,1014.137138
1077.285089,262,1014.275364
1051.861365,262,1014.408979
1004.574689,249,1014.533269
837.244618,224,1014.6449
1067.019746,259,1014.777104
1048.036495,255,1014.907364
1053.377429,255,1015.037556
1052.120303,257,1015.168557
932.488414,237,1015.289245
1015.688289,262,1015.422864
932.231842,236,1015.543394
1076.53483,261,1015.676905
1038.481819,245,1016.55896
1053.823986,255,1016.756892
1181.080114,282,1016.963635
758.712662,222,1017.126492
853.27552,247,1017.312065
1051.319038,274,1017.521227
1129.268097,267,1017.724415
835.740292,229,1017.899009
632.545431,197,1018.031906
1217.084869,296,1018.183123
972.301015,249,1018.31023
1228.427672,292,1018.458721
1211.881969,292,1018.607557
995.509228,251,1018.735346
661.559268,205,1018.841304
650.505176,203,1018.945893
1145.787873,283,1019.087001
926.042262,244,1019.208508
640.511597,198,1019.306846
1206.604502,293,1019.457024
1033.590649,257,1019.605391
882.474016,239,1019.742178
1188.048713,279,1019.911796
612.871999,191,1020.019418
860.307207,236,1020.15397
644.672945,200,1020.263057
1006.968936,253,1020.3963
627.698039,195,1020.50003
594.816345,185,1020.596927
1268.365068,292,1020.752942
1187.322627,275,1020.893454
715.48638,215,1021.007566
993.954565,251,1021.159829
1068.916319,261,1021.309824
1225.988172,291,1021.465609
644.974966,201,1021.575103
1200.747447,289,1021.723578
844.345701,235,1021.848049
631.211945,197,1021.951384
598.12228,186,1022.048967
639.935483,200,1022.153811
1272.998378,291,1022.306802
861.622509,232,1022.428712
983.808108,250,1022.56028
1208.605273,293,1022.714477
647.086954,200,1022.835611
630.190432,197,1022.954015
1216.942763,295,1023.126046
1182.369637,278,1023.292861
630.80753,196,1023.404908
1224.359296,296,1023.571605
1207.511109,291,1023.726896
626.659884,195,1023.828952
609.176579,189,1023.929348
610.460955,189,1024.029401
881.15837,239,1024.152581
618.069434,192,1024.247978
995.74451,251,1024.384023
794.82759,229,1025.337706
1145.377312,288,1025.639026
1195.992239,281,1025.865412
1053.462541,262,1026.067564
726.768926,201,1026.226006
881.404996,238,1026.423795
1075.883192,276,1026.643665
1021.457501,260,1026.869996
719.910007,211,1027.023818
693.75527,199,1027.146905
953.248499,241,1027.280352
673.368584,204,1027.388023
966.104218,246,1027.520824
678.40049,200,1027.633571
1010.195051,269,1027.781406
682.584925,198,1027.884022
939.521462,240,1028.010107
963.758245,250,1028.145786
1032.222875,254,1028.297509
937.49682,256,1028.454765
807.549629,221,1028.570918
969.60899,250,1028.699479
979.383271,249,1028.830738
684.322506,199,1028.935187
691.293927,198,1029.039106
696.078697,200,1029.143987
770.136854,218,1029.258574
966.615804,258,1029.394555
931.133367,255,1029.529016
750.93885,214,1029.641447
695.294904,199,1029.740173
716.407367,197,1029.839454
1036.467709,257,1029.968784
824.719766,223,1030.082686
682.711739,205,1030.187112
919.349412,237,1030.308467
682.173915,204,1030.412355
975.660003,261,1030.545569
1055.213925,264,1030.680295
967.863999,246,1030.806093
977.00938,254,1030.935656
1002.821407,253,1031.065101
932.63621,254,1031.194866
691.932068,198,1031.295631
965.088453,263,1031.42994
990.870024,261,1031.563116
714.185139,199,1031.664011
942.216074,242,1031.786698
849.442609,226,1031.899407
972.393169,260,1032.029065
683.882623,200,1032.13177
950.472023,256,1032.262529
968.317816,247,1032.386968
932.824263,253,1032.522066
694.005675,200,1032.627899
977.334711,256,1032.773839
694.24347,199,1032.884748
965.462353,264,1033.020037
499.53706,164,1033.877017
701.270568,206,1034.05401
1235.885849,303,1034.285596
1265.114894,296,1034.503098
1060.027845,272,1034.703105
1015.62594,265,1034.898509
993.851018,252,1035.083824
1063.851597,277,1035.288419
597.66502,186,1035.402382
564.249527,176,1035.490989
560.436059,173,1035.581449
559.448269,174,1035.675107
550.884107,170,1035.767526
551.556015,172,1035.859905
562.841409,175,1035.956278
619.476753,190,1036.063192
600.623131,189,1036.166668
580.2916,183,1036.262692
623.458737,192,1036.363116
553.544154,172,1036.453165
568.049846,174,1036.54433
560.450633,174,1036.635276
593.660052,187,1036.735931
602.819682,190,1036.846713
606.047857,192,1036.953282
576.702798,173,1037.048873
576.450999,177,1037.142253
563.601152,171,1037.228688
553.456865,173,1037.314263
618.417561,193,1037.409792
624.112522,194,1037.506171
569.141142,175,1037.592756
561.626488,175,1037.67942
556.551458,175,1037.778
585.684562,181,1037.872767
553.471644,171,1037.963127
610.589993,191,1038.064503
606.785989,193,1038.166563
569.861924,173,1038.258855
611.520463,193,1038.362223
603.734294,190,1038.464147
570.9453,175,1038.553379
596.493728,186,1038.649712
572.182572,173,1038.738436
587.810048,184,1038.832209
562.278561,175,1038.919402
563.077739,172,1039.004111
554.291334,170,1039.088203
558.297307,171,1039.172771
555.693952,172,1039.257983
555.380625,170,1039.342146
567.675983,176,1039.4291
571.895633,176,1039.51618
589.590469,184,1039.607315
557.235536,169,1039.691027
550.087991,172,1039.776379
578.325053,175,1039.862971
552.638303,170,1039.948685
700.9492,199,1040.892122
967.651719,240,1041.090507
1061.871353,255,1041.297107
1098.930145,272,1041.511188
855.12528,228,1041.689126
1109.866635,281,1041.915981
923.037227,244,1042.111316
858.424571,236,1042.288407
990.794178,250,1042.49809
990.339033,249,1042.621673
876.594168,236,1042.738714
1174.420246,277,1042.876041
1019.55005,254,1043.001934
1206.681265,286,1043.14357
1195.141944,277,1043.280522
1011.450571,252,1043.407831
1208.613356,287,1043.553422
1292.926958,296,1043.704099
1158.09159,274,1043.853381
1071.242365,281,1044.012653
1654.299893,338,1044.198752
1104.769525,265,1044.343498
1097.671817,284,1044.49015
1151.18484,273,1044.633196
1690.336109,342,1044.811913
1078.281045,283,1044.957853
1139.230747,284,1045.108314
1649.191537,338,1045.282682
1207.487437,286,1045.434133
1184.006302,280,1045.609112
1184.368939,285,1045.769148
1109.692356,266,1045.927984
1106.916855,266,1046.082035
1161.473276,286,1046.270431
1272.322355,294,1046.456157
1185.705487,279,1046.631598
1028.650519,254,1046.777413
731.773388,219,1046.907546
1076.075809,281,1047.071088
932.27862,243,1047.199059
1066.596108,260,1047.331228
1615.659119,332,1047.50564
1161.997525,283,1047.655917
1174.894426,285,1047.810435
1112.11531,283,1047.961163
907.025556,240,1048.088164
1209.110016,284,1048.238686
1100.781987,282,1048.388054
1105.675182,267,1048.534841
1209.035223,287,1048.699867
1196.850739,283,1048.861398
1205.309234,284,1049.014285
1126.248741,268,1049.147334
1206.381808,283,1049.289052
1122.9675,268,1049.422875
1375.356327,308,1049.57677
1135.843629,271,1049.712548
1161.855113,274,1049.848885
1184.536987,277,1050.94706
1201.365536,285,1051.186915
926.567959,239,1051.39282
957.351868,240,1051.628151
1093.822597,260,1051.880611
980.135859,239,1052.101097
1019.383459,251,1052.297917
1004.298298,253,1052.770203
617.360987,204,1052.891893
616.055876,204,1053.011445
596.181044,192,1053.118928
1408.467628,311,1053.292883
591.86426,190,1053.398859
601.304085,195,1053.507818
591.546764,189,1053.613352
1228.073284,289,1053.774854
934.578579,244,1053.910552
611.652078,200,1054.016345
618.039659,203,1054.118388
620.451197,203,1054.220852
618.581341,204,1054.324242
1484.800608,315,1054.483923
1142.014211,281,1054.626477
1090.050517,283,1054.770286
700.914489,216,1054.879991
1749.637694,363,1055.064734
1109.99759,280,1055.207088
1141.486178,269,1055.343642
618.678261,204,1055.447191
1842.443869,369,1055.635206
591.814654,190,1055.731884
596.72468,192,1055.829388
1222.8913,293,1055.982255
1135.569941,269,1056.138471
1136.414343,269,1056.285151
1226.167013,287,1056.459208
615.655737,205,1056.577005
1182.25094,288,1056.73592
1221.83929,285,1056.899387
586.505286,187,1057.003314
856.017362,234,1057.130148
605.069137,197,1057.233289
635.141944,207,1057.338492
1209.113319,288,1057.483499
599.821677,194,1057.579577
1756.314367,361,1057.758984
1736.314329,359,1057.93699
1292.345857,291,1058.081057
607.301488,199,1058.179693
1077.647543,263,1058.309828
1132.720524,268,1058.442711
1776.905805,362,1058.624177
1139.948818,280,1058.766628
1219.006631,292,1058.915486
1779.659557,356,1059.096097
596.421913,192,1059.193126
601.237196,195,1059.291986
1188.337572,288,1060.204695
631.49103,193,1060.346183
910.838445,219,1060.507085
974.323211,247,1060.689166
1217.354249,292,1060.904421
1244.621902,298,1061.123803
833.099957,222,1061.287114
924.24773,237,1061.467651
950.072868,247,1061.647646
779.211727,226,1061.775762
885.675805,239,1061.919748
848.42822,235,1062.050101
864.754922,237,1062.179739
1213.483481,290,1062.330567
1109.937182,266,1062.470196
1145.540338,272,1062.624075
971.774392,249,1062.796762
763.134282,225,1062.929531
1197.459458,282,1063.092446
910.469351,242,1063.231058
869.326507,238,1063.352207
1139.880186,272,1063.489156
763.667062,225,1063.601527
780.663919,226,1063.71429
802.724246,229,1063.828349
753.379586,224,1063.943657
1020.306209,255,1064.085309
1154.60388,276,1064.22245
1189.472943,283,1064.363256
956.161254,248,1064.486834
1136.130134,279,1064.629991
1130.649649,270,1064.77725
912.319145,243,1064.926561
911.58045,242,1065.070949
879.280442,238,1065.210997
763.885922,225,1065.341898
1093.655148,263,1065.49188
1186.743813,283,1065.646791
886.43587,240,1065.781578
1130.059061,269,1065.926349
897.934851,241,1066.0558
789.323346,227,1066.176044
1196.181698,283,1066.325887
1195.113213,284,1066.479748
1124.521753,269,1066.621633
802.419313,229,1066.745595
974.13541,249,1066.892642
1150.832145,269,1067.058079
769.333924,225,1067.175275
760.670951,224,1067.293317
998.805175,252,1067.425692
763.318021,225,1067.547301
1123.238136,268,1067.688656
1047.799089,257,1067.824105
804.358783,229,1067.943155
763.027718,225,1068.054938
740.634498,222,1068.166478
1062.383677,260,1068.299833
1267.01577,314,1069.254628
1024.50531,253,1069.44191
994.656716,253,1069.634583
1217.675678,294,1069.851534
1179.185419,282,1070.064027
1133.224441,283,1070.272661
1038.798939,261,1070.468679
692.963692,191,1070.657597
791.053154,208,1070.761793
1180.362327,262,1070.892001
691.23344,190,1070.986024
1119.166621,251,1071.110852
668.118882,185,1071.204617
652.7628,183,1071.295653
602.122728,176,1071.383145
683.946656,189,1071.477064
807.512371,214,1071.583407
661.425786,182,1071.674406
710.214654,192,1071.770797
675.77542,186,1071.865475
738.09694,199,1071.98975
683.764891,188,1072.117643
668.862265,185,1072.236388
675.422028,186,1072.37572
660.527945,181,1072.489407
694.102405,191,1072.591941
673.426603,186,1072.688662
787.349035,206,1072.794182
1079.489642,244,1072.946401
710.222323,192,1073.080149
1071.356933,242,1073.273193
634.347882,179,1073.404554
968.226809,231,1073.575277
727.664706,197,1073.708242
795.349455,207,1073.839257
802.572599,208,1073.96104
716.418344,195,1074.078955
660.166345,184,1074.184276
756.275665,201,1074.298017
657.502683,181,1074.400476
787.209049,206,1074.517602
702.247372,192,1074.628963
1098.149075,250,1074.769996
730.034495,196,1074.881005
1082.898769,246,1075.02122
716.909878,193,1075.129394
667.712068,185,1075.233396
828.546771,235,1075.366162
1131.989684,256,1075.51096
666.567427,185,1075.615076
723.993209,194,1075.728488
813.995366,211,1075.874455
717.165898,193,1076.008303
698.583756,191,1076.142072
628.404132,178,1076.252237
1081.54395,268,1076.404529
1127.129619,253,1076.547075
834.584319,213,1077.48666
1224.777288,299,1077.709289
915.264501,239,1077.886745
635.305803,204,1078.036869
607.761552,184,1078.171985
633.000123,188,1078.311334
1052.617714,258,1078.511473
588.946296,186,1078.690766
955.859815,258,1079.114434
989.745004,270,1079.253838
666.722581,199,1079.356868
669.44099,201,1079.465321
695.83545,210,1079.585537
686.326403,206,1079.706602
752.903188,215,1079.83664
639.185958,185,1079.94462
1021.843988,247,1080.073486
641.011406,195,1080.176925
633.204728,188,1080.274738
637.756812,186,1080.368582
1013.610428,260,1080.500953
982.082794,264,1080.640499
973.722097,259,1080.773482
640.44677,188,1080.871114
684.7974,205,1080.997179
648.196004,193,1081.106783
673.74448,206,1081.21813
624.107006,186,1081.315969
645.185659,196,1081.414155
652.916883,196,1081.511728
670.695051,202,1081.612785
644.293554,190,1081.707311
649.684397,197,1081.806037
638.016936,184,1081.897502
972.229967,256,1082.025276
648.992474,189,1082.119343
659.92668,197,1082.217286
649.947431,193,1082.313161
640.647536,189,1082.407059
640.696194,193,1082.502923
654.808126,195,1082.599816
681.550906,206,1082.704308
637.511622,189,1082.800382
1012.743371,250,1082.927658
648.171202,191,1083.024571
676.087456,207,1083.13003
631.435469,185,1083.223886
632.789677,191,1083.320972
664.320913,198,1083.42155
683.860544,204,1083.525258
627.192995,191,1083.622285
645.141874,190,1083.718838
1004.650844,246,1083.84325
674.962945,201,1083.943071
648.949498,188,1084.036353
669.387101,202,1084.136725
679.56454,203,1084.23767
980.894208,262,1084.368757
573.539657,172,1085.349376
1276.602757,298,1085.611259
1116.353847,281,1085.849119
1363.668618,306,1086.112676
1209.129435,287,1086.360453
1366.603266,304,1086.629371
602.521235,183,1086.787288
1144.232926,265,1087.101299
1134.871701,278,1087.2618
1180.932351,274,1087.409803
1129.794325,275,1087.568825
1164.498946,269,1087.71765
1132.928645,264,1087.858579
1136.086924,276,1088.005258
1003.774227,246,1088.135425
1140.160506,273,1088.281186
1153.118047,268,1088.449845
1101.545121,258,1088.614096
1028.037997,249,1088.758612
1158.057211,271,1088.917081
1164.697458,271,1089.065242
1135.04341,278,1089.20593
1173.444333,276,1089.350095
1152.427925,284,1089.500563
1136.772884,275,1089.642034
875.649311,232,1089.764183
1163.12507,283,1089.912491
1142.882116,275,1090.052087
1155.741946,268,1090.195925
1159.231607,269,1090.343954
1043.965477,252,1090.481424
1027.774959,249,1090.619323
1146.137649,276,1090.780324
1072.158674,254,1090.928184
1148.638333,268,1091.084055
1170.954721,272,1091.241101
1175.233863,285,1091.390038
1023.869423,250,1091.515235
1179.0887,288,1091.660228
919.356579,237,1091.779938
1192.401498,281,1091.922137
1147.648015,278,1092.062472
1171.818674,271,1092.198614
1174.061691,272,1092.341785
883.592982,233,1092.464028
1183.142155,286,1092.615129
1137.391952,274,1092.753247
1128.606524,274,1092.89118
1173.284854,270,1093.026508
1161.617699,271,1093.165226
917.664656,237,1093.284334
1156.381487,267,1093.418375
1164.031572,269,1093.555333
1149.87827,267,1093.690688
1156.883865,283,1093.834401
1158.156579,272,1093.971607
1168.815072,271,1094.108356
1081.358454,255,1095.093298
1070.995972,272,1095.318724
661.340675,196,1095.485924
627.173004,201,1095.652516
640.93471,203,1095.821339
728.379242,195,1095.984251
976.517312,239,1096.18882
1240.839594,287,1096.411114
1146.261361,274,1096.705662
665.339304,210,1096.811852
1218.72702,293,1096.958768
1247.663231,296,1097.107635
885.296931,240,1097.226734
1011.134737,255,1097.353976
1210.664814,288,1097.527366
1041.089935,259,1097.685106
1095.224282,265,1097.837009
1205.298407,291,1098.004812
1582.006771,332,1098.176627
1177.95815,278,1098.316573
1114.016913,268,1098.449372
1072.9119,261,1098.581149
1223.668382,289,1098.724504
891.295699,241,1098.844448
881.440786,236,1098.979624
1037.724945,257,1099.129389
1439.336351,318,1099.313892
1141.740408,273,1099.473737
1062.211059,261,1099.626014
1077.407325,263,1099.779578
1104.940165,268,1099.935035
1256.761131,296,1100.107662
1235.739931,293,1100.277478
1007.924615,254,1100.425517
1141.797706,273,1100.569548
1207.879196,287,1100.714594
910.045743,238,1100.840257
1135.902477,280,1100.988076
1211.349991,288,1101.15274
660.469201,208,1101.281284
1186.841637,289,1101.436279
1195.36166,279,1101.583076
1145.026755,281,1101.729764
1207.385829,282,1101.86955
990.752532,253,1101.997513
1001.714731,255,1102.16084
825.432751,234,1102.289818
1098.33474,266,1102.455608
1053.419623,259,1102.61039
937.032982,247,1102.758721
1020.68784,257,1102.908399
1102.208018,267,1103.059948
1148.026349,271,1103.218447
1220.949505,290,1103.411837
1011.384355,255,1103.56028
924.673983,245,1103.692986
929.278772,246,1103.823048
1219.890672,294,1103.973021
639.066749,202,1104.826012
700.620946,193,1104.968289
1129.197977,282,1105.177389
1082.798025,253,1105.363923
1029.608236,257,1105.555701
1220.341269,293,1105.780303
751.164837,222,1105.945134
1192.523453,293,1106.16108
1003.262471,250,1106.33738
1222.682626,280,1106.476948
1209.39288,277,1106.614497
1082.886364,282,1106.756507
1166.085966,270,1106.890989
1224.981989,282,1107.031181
1239.107817,283,1107.171941
1218.432083,279,1107.311011
1243.928817,289,1107.455687
1115.339737,283,1107.597107
1178.250814,286,1107.73969
1240.866741,291,1107.884987
1200.725209,277,1108.022738
1086.931468,260,1108.152247
1249.496161,293,1108.298281
1111.974012,282,1108.439033
1172.18337,268,1108.572121
1202.336592,286,1108.714412
1223.782719,280,1108.854062
1233.280629,284,1108.998359
1093.5259,260,1109.130223
1239.704007,287,1109.276308
1240.696035,290,1109.423909
1226.463741,282,1109.567471
1085.760869,259,1109.698983
1520.997321,323,1109.863505
1232.510513,288,1110.008069
1226.228838,283,1110.149091
1237.600941,284,1110.290339
1236.238126,287,1110.432963
1237.341432,285,1110.574768
1227.502944,282,1110.715062
1068.232842,257,1110.842942
1069.631349,279,1110.981988
1203.087123,278,1111.11999
1241.227925,288,1111.263026
1079.221062,259,1111.391587
946.663094,244,1111.513366
1429.234869,311,1111.668503
1220.811235,287,1111.811866
1201.401275,287,1111.955052
1331.438454,301,1112.104982
1214.10811,278,1112.243617
1155.041838,280,1112.38318
1058.66355,256,1112.51283
1160.552152,285,1112.658235
1194.666851,274,1112.797374
1180.455082,270,1112.939707
1196.927114,286,1113.082799
1185.420023,272,1113.225215
1209.780545,282,1114.118771
1143.367696,264,1114.321637
1048.645334,252,1114.522742
1229.068916,298,1114.773361
948.66649,250,1114.97014
1183.510013,295,1115.211436
1619.438833,354,1115.514774
1055.182719,273,1115.735398
787.518834,222,1115.858908
642.142477,183,1115.958297
1028.265863,261,1116.098299
651.369991,186,1116.195858
691.752074,193,1116.297328
670.2834,189,1116.425622
645.7513,185,1116.54271
684.110907,192,1116.650069
940.05766,238,1116.78399
692.505537,193,1116.893558
653.936082,185,1116.994556
1041.050126,261,1117.12578
731.688074,202,1117.228304
634.713618,181,1117.318336
674.472158,190,1117.413478
1006.470634,256,1117.54711
737.336139,201,1117.649361
686.243851,190,1117.743834
678.68576,190,1117.846562
703.463056,195,1117.963277
612.286258,177,1118.06012
653.502112,185,1118.166866
627.681691,182,1118.264451
1007.684085,260,1118.395194
691.770671,193,1118.491268
921.782418,235,1118.608874
844.170419,217,1118.719122
683.43504,191,1118.814149
722.119103,199,1118.913633
701.318094,195,1119.016762
739.083291,203,1119.123276
700.624108,195,1119.231233
653.109775,186,1119.344237
723.381426,199,1119.482824
657.725571,187,1119.613317
720.542265,200,1119.728946
710.506563,197,1119.840223
638.014365,182,1119.944812
1012.315907,249,1120.086285
819.894233,213,1120.210222
977.384313,248,1120.355854
915.871906,239,1120.517454
654.825436,187,1120.639431
668.643506,190,1120.762292
1019.373743,265,1120.936479
906.381256,233,1121.086671
989.396474,250,1121.236137
670.291001,190,1121.331892
716.166471,198,1121.432948
723.681473,197,1122.413067
1256.420068,290,1122.65559
1043.466171,264,1122.853886
971.656114,247,1123.044733
965.881152,244,1123.22741
1111.45023,279,1123.467273
1065.919483,281,1123.708405
1062.321579,259,1124.035591
1081.76968,272,1124.172877
663.762508,204,1124.276298
1100.034177,271,1124.412856
1108.439067,272,1124.55087
1075.259503,273,1124.688953
1094.067267,263,1124.820323
1025.84684,252,1124.94616
1152.370998,272,1125.082714
1053.00492,258,1125.213337
1128.788496,272,1125.352366
1114.383739,270,1125.490051
1050.797361,267,1125.627425
1131.691635,271,1125.762988
1137.927469,270,1125.916509
1188.062237,273,1126.070151
1131.033182,267,1126.220921
1134.888824,269,1126.372013
1099.124345,274,1126.526217
1034.323133,255,1126.672096
1197.491971,277,1126.83156
1126.553721,274,1126.988012
1119.014372,275,1127.14519
1141.440553,272,1127.319983
1198.448308,290,1127.506682
1237.904007,295,1127.696423
1127.688632,274,1127.861155
1009.418523,251,1128.002203
1048.378413,254,1128.146493
1029.675815,253,1128.289493
1004.942672,248,1128.448989
1393.473791,307,1128.64408
1068.886746,269,1128.806326
1143.045453,273,1128.945931
1356.183067,304,1129.097202
1156.134052,281,1129.237796
1211.051427,280,1129.376937
1105.412396,264,1129.509087
1095.654748,271,1129.644385
1114.348563,274,1129.780952
1029.008321,252,1129.908249
1051.878561,258,1130.036842
1344.535188,303,1130.187977
1007.573214,252,1130.3164
1086.542167,262,1130.449215
1111.556404,272,1130.584957
1152.593592,274,1130.722355
1041.629943,254,1130.851699
1077.275506,257,1131.000418
1086.629695,270,1131.158277
715.995659,205,1131.997259
901.323456,237,1132.172039
878.346353,227,1132.340835
960.562775,240,1132.518217
1020.720939,270,1132.717804
1063.056316,254,1132.906037
1082.805014,263,1133.100168
1129.320723,271,1133.308073
661.232845,200,1133.50783
637.159313,193,1133.618013
1093.996199,250,1133.754038
1184.288456,271,1133.888482
656.774096,198,1133.986639
707.44122,209,1134.091125
1156.68353,265,1134.226963
982.596129,235,1134.351289
1239.381391,290,1134.506628
1245.543239,288,1134.672815
1247.146617,295,1134.836202
1143.356119,261,1134.965897
707.474161,208,1135.069209
640.716152,195,1135.16597
1202.716226,273,1135.302028
696.928881,206,1135.405184
637.517236,194,1135.501473
1048.025891,245,1135.623552
676.384294,203,1135.727563
1216.37804,278,1135.889117
641.423706,193,1135.999066
1206.04096,288,1136.162884
679.587548,203,1136.27714
1087.632616,250,1136.418173
659.61615,200,1136.532595
633.815639,193,1136.641604
1078.313735,259,1136.78872
1229.041518,284,1136.957066
666.819803,201,1137.084354
1148.083226,262,1137.250383
804.654704,229,1137.396416
743.599053,212,1137.531082
669.452094,200,1137.647086
639.231766,194,1137.770059
629.383192,191,1137.873902
1219.215842,289,1138.021646
645.479979,195,1138.117938
624.779198,190,1138.211817
1243.340214,287,1138.355528
1261.653902,288,1138.498063
1126.96647,257,1138.626005
1231.499078,284,1138.76684
704.632211,207,1138.870417
1223.016076,280,1139.009466
1171.496104,269,1139.143721
1241.273423,292,1139.288834
1246.016826,291,1139.434397
1236.301616,294,1139.589109
635.961359,192,1139.693965
818.705189,220,1139.805361
1106.120461,253,1140.707563
1118.016218,285,1140.917948
1130.486245,265,1141.114799
893.453863,232,1141.308075
1039.809322,261,1141.517079
973.57834,263,1141.738424
1065.632768,257,1141.947727
1120.654238,282,1142.286808
983.854312,255,1142.413942
1103.848642,273,1142.567755
1078.418805,268,1142.70998
1061.392138,266,1142.842747
1047.762532,280,1142.981922
980.703273,254,1143.10931
1082.999924,280,1143.2494
1032.915632,262,1143.379509
1086.471933,269,1143.513621
861.081823,241,1143.635912
1117.006078,278,1143.796922
921.12922,248,1143.940835
991.959404,256,1144.082573
1112.495662,276,1144.220879
1259.207391,306,1144.373681
844.09153,239,1144.493444
900.836736,245,1144.633337
1116.905301,276,1144.791896
1073.184507,268,1144.947216
1571.696851,337,1145.133739
1124.497899,278,1145.27252
1037.529633,277,1145.431863
1046.33837,280,1145.579268
1121.353787,280,1145.726306
1037.304001,276,1145.872135
1050.997741,280,1146.020754
1062.175539,285,1146.1715
1016.092629,259,1146.308122
1051.201593,265,1146.447869
951.657792,251,1146.588961
1069.280914,268,1146.742961
1110.913529,275,1146.889133
1123.634372,283,1147.033017
1041.432359,274,1147.172673
932.168104,248,1147.301259
1126.750834,282,1147.449976
1004.801913,258,1147.586056
1045.131208,277,1147.73795
1121.129954,278,1147.898201
1024.660577,260,1148.04931
1117.229469,276,1148.194872
1570.990054,337,1148.372814
1163.61328,293,1148.528047
1024.88059,261,1148.665638
1124.458768,279,1148.812742
1115.146937,277,1148.953084
1016.882509,261,1149.100343
1131.41024,286,1149.267092
1310.739612,312,1149.435341
937.310167,248,1150.320647
1090.877323,278,1150.565184
763.152042,222,1150.751765
1262.404681,296,1151.004402
850.094065,219,1151.176859
852.254563,234,1151.349209
1024.011858,259,1151.549923
1150.456778,284,1151.77809
1151.7235,275,1151.957765
1099.901439,275,1152.118999
984.616296,235,1152.23692
1079.424692,262,1152.377945
839.052331,209,1152.482208
1088.756525,275,1152.621333
883.713455,217,1152.730593
1087.554984,263,1152.862068
1151.579636,274,1152.998617
923.057794,224,1153.109784
1120.128842,276,1153.253644
1090.149821,263,1153.384707
856.525473,211,1153.489609
1129.721706,278,1153.630317
957.191649,240,1153.752903
1073.754287,259,1153.885636
1048.924528,246,1154.008338
1107.905645,275,1154.145394
969.062141,232,1154.260726
1131.234147,268,1154.392845
862.511762,213,1154.5009
1117.018896,266,1154.633611
865.36314,214,1154.740431
956.246934,240,1154.860008
916.846428,223,1154.97139
995.946222,236,1155.091383
885.69487,217,1155.199816
1153.006208,271,1155.337476
964.022579,231,1155.455733
1105.367994,276,1155.596806
895.711672,219,1155.708143
870.446036,213,1155.816296
1137.84294,269,1155.953427
1120.6632,261,1156.085677
1133.208454,278,1156.224071
862.831924,213,1156.337892
857.762475,211,1156.459366
921.429692,223,1156.578607
1088.626935,276,1156.732107
1033.592601,243,1156.859874
1118.332988,272,1157.001263
994.621173,236,1157.124834
1017.478371,249,1157.254294
1117.268096,276,1157.396203
1131.419104,267,1157.546257
1076.481322,252,1157.691194
1031.421869,244,1157.833092
1090.56247,255,1157.961647
1124.106362,274,1158.121317
1016.566179,240,1158.262669
950.164196,230,1159.306879
1168.178894,282,1159.544888
1127.946795,277,1159.775258
941.079296,226,1159.983643
636.858887,191,1160.155979
788.00613,223,1160.322454
601.269354,178,1160.471291
1120.546295,275,1160.691365
1175.950468,276,1160.965344
914.027939,239,1161.086152
1170.241089,282,1161.227177
1152.842462,288,1161.37245
1021.066432,251,1161.499452
1033.27253,253,1161.638878
1185.964052,279,1161.803173
1166.780962,285,1161.969929
1146.149017,287,1162.113683
964.808129,245,1162.237749
1165.779008,284,1162.3836
1164.543639,281,1162.528349
1077.691043,259,1162.659732
1159.92338,282,1162.801716
1188.800108,280,1162.955848
1180.455611,277,1163.135537
1166.924506,275,1163.317236
1023.533544,252,1163.473356
1157.899664,273,1163.636482
1034.1857,254,1163.783684
1151.35388,275,1163.961834
1184.57509,279,1164.121772
1180.348365,281,1164.280004
1058.274167,256,1164.435431
1172.453126,275,1164.599711
1168.62335,282,1164.759025
1095.230423,262,1164.902696
1169.477537,284,1165.061756
1140.958563,270,1165.196925
1050.097957,255,1165.324419
1185.913797,279,1165.465752
1183.723807,278,1165.61973
1173.55342,276,1165.765192
1164.752638,289,1165.909619
1017.153248,251,1166.035204
1080.542386,260,1166.166107
1178.033565,278,1166.311672
1147.174466,282,1166.477516
1171.171604,282,1166.623309
1035.501351,252,1166.753341
1165.858838,285,1166.898004
1109.93629,265,1167.031531
1146.596905,271,1167.167065
1121.621954,268,1167.304579
1182.358732,281,1167.452658
1254.063841,298,1167.609516
1140.481372,272,1167.768399
995.847969,248,1167.913237
1176.182489,279,1168.060433
1051.196331,255,1168.192628
1105.983821,265,1169.267688
923.588635,241,1169.46745
1121.310515,268,1169.683419
1223.28162,289,1169.914751
624.529333,188,1170.08655
932.772143,245,1170.298487
1087.842376,257,1170.493827
1278.936503,303,1170.876806
919.510692,230,1170.999996
1180.057804,278,1171.159481
1118.604014,258,1171.308627
1181.778798,276,1171.452262
1037.01658,258,1171.581494
1129.402458,267,1171.71401
649.545819,201,1171.814788
993.433391,239,1171.93395
700.637877,207,1172.037127
1082.631514,255,1172.18001
702.63975,207,1172.297473
1123.064205,267,1172.451946
711.332474,210,1172.560511
1113.120943,266,1172.693921
1165.375518,281,1172.848861
1122.131432,267,1173.015075
1203.018785,285,1173.197361
667.202671,205,1173.329249
664.214063,203,1173.445274
1063.624086,251,1173.587543
631.912042,194,1173.698705
1093.933272,256,1173.847395
1154.734763,271,1174.004012
643.331309,199,1174.120148
641.24624,197,1174.235885
1113.656457,266,1174.40083
1021.545515,243,1174.539161
1153.134244,287,1174.68753
627.224241,193,1174.785555
1175.297643,280,1174.936735
1176.157176,271,1175.073144
1250.474864,294,1175.221523
1200.618371,284,1175.364608
1180.540751,291,1175.51339
1183.46369,277,1175.660675
1532.949062,329,1175.830579
857.313056,224,1175.943837
1179.096596,277,1176.083617
1156.396154,286,1176.227983
1159.274107,283,1176.373071
1155.869002,285,1176.516644
1320.83137,303,1176.669317
1216.260752,285,1176.812635
1190.045394,278,1176.956557
1267.134036,295,1177.107361
1182.719304,273,1177.248156
1180.298512,277,1177.407233
1184.506449,277,1177.568486
1110.224843,266,1177.720131
610.854249,186,1178.581244
1002.458218,247,1178.766243
953.400013,238,1178.951289
1005.442826,253,1179.14781
1237.677895,291,1179.365699
1064.966467,261,1179.5835
589.188174,183,1179.744501
1021.432566,251,1179.956935
894.01042,218,1180.208467
832.478655,207,1180.325578
1026.632413,269,1180.479081
1071.592444,262,1180.627434
1062.358783,251,1180.76925
989.438592,236,1180.902068
1027.98332,244,1181.040047
1078.428998,262,1181.182705
1080.585309,256,1181.312964
1065.28909,262,1181.443429
1038.304686,246,1181.567196
1011.163073,272,1181.702922
1036.166877,245,1181.826379
1029.533322,244,1181.948096
1022.602114,243,1182.071112
1028.51502,268,1182.206863
1082.520712,262,1182.337241
1069.83099,261,1182.467399
1011.471948,273,1182.603655
1086.957489,261,1182.734791
864.389063,213,1182.840967
910.010009,221,1182.954085
1035.573015,267,1183.091129
937.62607,226,1183.206762
1052.068063,265,1183.340546
1050.578209,248,1183.466762
1088.279794,257,1183.598653
1078.805809,256,1183.728617
1033.827027,273,1183.86931
1028.174519,267,1184.003384
1001.655426,272,1184.139878
1065.407562,252,1184.267341
1077.472574,260,1184.404271
983.116464,235,1184.52838
1068.254456,254,1184.656575
1073.894949,253,1184.782794
1073.887741,255,1184.909868
1038.426643,273,1185.046248
1014.764632,271,1185.182845
1034.871677,246,1185.305473
1039.211385,246,1185.428908
1071.982272,261,1185.560882
1080.762518,255,1185.689141
972.687833,232,1185.808992
1041.340483,248,1185.936455
1011.474905,241,1186.058791
1065.516995,264,1186.191147
990.254741,236,1186.308568
1020.326575,268,1186.443501
1052.85632,249,1186.570432
614.000701,173,1187.406589
859.098913,223,1187.572828
1048.657163,273,1187.776157
664.739611,200,1187.926677
999.741646,254,1188.117222
1186.219612,287,1188.328397
1003.706147,247,1188.510585
1096.558394,266,1188.708435
1116.537427,270,1188.952081
1039.611638,274,1189.090123
1062.722305,258,1189.218638
1044.952608,253,1189.344867
1019.237072,249,1189.471758
1061.658426,262,1189.605065
1055.23623,263,1189.737039
1052.551624,255,1189.866988
1024.967683,268,1190.001241
1052.454286,261,1190.134169
1025.730066,249,1190.262282
1120.559112,271,1190.40043
1049.500522,257,1190.532492
1040.996837,274,1190.673656
1116.766047,270,1190.809271
1023.805781,269,1190.947751
1115.227008,270,1191.08733
1053.356171,256,1191.215909
1095.264225,269,1191.355008
1037.879434,263,1191.512678
1058.350692,261,1191.665365
1069.67333,265,1191.820366
1050.804153,260,1191.971857
1065.139016,258,1192.125622
1118.361208,273,1192.282527
1082.874683,268,1192.436276
1052.570453,261,1192.587381
1062.863873,262,1192.738759
1056.773023,260,1192.887416
1100.585508,270,1193.045155
1057.308142,262,1193.215375
1033.808759,251,1193.37902
1060.239995,257,1193.530538
1055.03881,256,1193.66155
1076.659366,265,1193.809099
1050.408757,256,1193.95807
1057.378031,262,1194.12429
994.717049,246,1194.282156
1056.583687,263,1194.439229
1056.25431,265,1194.601925
1114.847102,270,1194.760847
1072.223344,266,1194.90545
1114.870954,270,1195.042961
1044.508273,252,1195.171456
1076.511965,266,1195.30905
1055.613084,265,1195.449795
1040.272442,251,1195.580586
1055.124311,258,1195.711693
1071.74483,266,1195.845676
1016.987055,249,1195.971345
881.82466,215,1196.940937
941.225343,241,1197.142607
1095.623022,252,1197.358809
1108.68729,259,1197.562992
1115.523662,262,1197.760161
1111.888808,289,1197.977704
1003.756627,259,1198.17099
914.675668,233,1198.346084
1041.970833,261,1198.518445
1053.494937,269,1198.654088
1042.416527,262,1198.787083
997.622986,245,1198.916424
1042.037854,265,1199.067918
1034.172532,254,1199.21149
921.799131,226,1199.341105
1040.349038,269,1199.497351
1024.024382,250,1199.645246
964.368951,241,1199.782646
896.31274,223,1199.908825
951.784422,239,1200.045872
1026.691778,250,1200.187779
1047.235469,260,1200.339084
1057.30564,255,1200.487833
1010.080194,243,1200.62951
990.763077,240,1200.765687
1040.038194,252,1200.912398
963.574962,235,1201.045928
1008.669386,242,1201.184345
1057.411215,257,1201.328403
985.143727,243,1201.457683
1035.505886,269,1201.593269
1000.680832,246,1201.717277
939.171527,236,1201.841784
1014.290464,248,1201.973733
1034.417652,255,1202.102636
954.205059,239,1202.225985
955.424422,233,1202.345399
1031.185955,251,1202.477546
968.535901,241,1202.602153
965.356695,242,1202.726341
1050.791438,270,1202.863133
969.667404,242,1202.987637
990.610325,245,1203.114627
1066.718276,260,1203.244816
847.771662,215,1203.355254
982.292281,238,1203.477371
1002.895982,242,1203.601578
1055.218155,257,1203.732373
1079.039268,271,1203.869319
958.352962,233,1203.986824
955.598505,239,1204.109603
969.074378,242,1204.2332
946.585676,238,1204.354988
972.519517,242,1204.48096
1041.251387,260,1204.613774
945.62154,237,1204.735763
938.874666,237,1204.85763
1053.194084,257,1204.988209
1010.17831,249,1205.975625
1214.004529,277,1206.219438
1247.141414,299,1206.473055
928.679126,228,1206.670258
1070.948741,270,1206.910161
1092.651483,257,1207.136813
1032.434288,266,1207.363097
1165.490918,292,1207.67481
1181.532309,291,1207.820218
1251.865677,305,1207.972208
1166.622656,280,1208.112616
1178.170616,294,1208.259983
1086.383814,282,1208.404003
965.003791,252,1208.538881
1172.233014,287,1208.693197
1461.382286,325,1208.864835
1104.605517,283,1209.013761
1230.506381,295,1209.1689
1088.619941,285,1209.319904
1083.204947,279,1209.46675
1007.268294,257,1209.601671
1188.251793,296,1209.75677
1174.926162,279,1209.913324
1105.912339,285,1210.07678
1228.627705,293,1210.249802
1041.789768,261,1210.401158
1175.22494,285,1210.565022
1219.74849,293,1210.732086
1281.282671,301,1210.906286
1220.42109,284,1211.073312
1130.649159,271,1211.230617
1172.148989,285,1211.395222
1102.226288,283,1211.55758
1172.117097,280,1211.735888
1080.415103,282,1211.917636
1070.259903,265,1212.078807
1083.613836,285,1212.239852
1156.516575,275,1212.39717
808.115354,226,1212.520337
1265.332844,305,1212.677268
1613.970217,341,1212.848043
1073.078192,280,1212.988236
1066.582035,264,1213.120407
1196.768684,298,1213.273244
1165.810655,279,1213.412711
1182.709893,295,1213.579154
1010.493791,257,1213.728751
1264.826518,301,1213.906026
876.50638,235,1214.045159
1020.086211,258,1214.187971
1079.506218,281,1214.329728
1507.2315,326,1214.494914
1197.296115,297,1214.643776
1147.196096,274,1214.783515
1073.459325,279,1214.925835
1292.251882,307,1215.083627
1171.125366,287,1215.232292
584.155075,180,1216.116815
1187.413915,283,1216.32781
1176.002856,284,1216.53882
1242.472306,296,1216.786848
1084.419353,250,1217.014215
1035.208288,264,1217.220546
950.849497,242,1217.406775
1038.108299,269,1217.759907
968.364354,250,1217.907318
791.943733,228,1218.039336
1039.068552,259,1218.19452
1006.290191,250,1218.341216
951.834604,240,1218.481493
939.436843,239,1218.624897
1056.786217,262,1218.79406
865.564979,233,1218.944408
860.066516,231,1219.078663
976.688345,250,1219.223649
1038.458807,258,1219.375066
948.874979,240,1219.516377
1059.883795,263,1219.666938
1045.557543,257,1219.815589
1036.141565,268,1219.968531
1037.843028,269,1220.108909
1034.152859,268,1220.242816
933.434056,247,1220.36642
1036.687049,269,1220.501778
1007.108264,256,1220.631575
999.002286,249,1220.756252
948.228005,247,1220.879194
976.194821,245,1221.001453
1031.008003,258,1221.131048
1037.77312,269,1221.26591
1055.902177,263,1221.397472
815.029962,231,1221.512803
1034.739018,268,1221.64681
1089.457615,266,1221.781559
781.192085,225,1221.893669
1041.763087,260,1222.023298
1204.796655,277,1222.167827
975.817592,251,1222.293009
996.090907,253,1222.420285
1042.636073,268,1222.554282
1047.151984,262,1222.684906
937.730119,238,1222.806818
1026.574239,268,1222.944678
1019.16482,253,1223.073653
1036.921873,266,1223.208431
1158.574707,272,1223.344891
780.887023,224,1223.456845
1044.005042,265,1223.593508
1064.408475,262,1223.727404
949.729719,242,1223.851249
1350.629261,287,1223.994292
895.457593,235,1224.11339
782.473887,225,1224.22636
953.319396,240,1224.346373
1036.236758,253,1225.284374
1001.378359,232,1225.460984
719.584936,210,1225.619555
1192.805055,293,1225.839843
1117.699962,269,1226.0429
1106.074162,262,1226.23742
1292.55406,300,1226.461047
1081.541191,256,1226.779335
1090.699321,258,1226.91077
964.142463,241,1227.031245
1001.494036,247,1227.154632
1020.670825,266,1227.289746
1020.074363,250,1227.41585
938.65967,237,1227.535931
1071.542109,260,1227.667868
1069.249182,265,1227.801185
977.74319,242,1227.925156
1073.189884,265,1228.057615
989.825181,244,1228.179413
1070.296549,261,1228.310642
1088.15285,256,1228.441105
1077.523323,262,1228.573834
1011.145024,248,1228.703419
1085.044792,263,1228.836618
993.450165,245,1228.967407
1034.845261,253,1229.101273
1025.357743,267,1229.242991
1067.864575,260,1229.380071
973.566921,242,1229.509144
1050.9087,256,1229.646787
968.137597,241,1229.784996
1026.650618,266,1229.936729
947.974843,238,1230.072576
964.535018,241,1230.210933
1007.372158,268,1230.365809
1006.490482,266,1230.516389
1063.506053,259,1230.664739
993.601978,245,1230.804737
938.956044,237,1230.941596
1096.460189,266,1231.096163
1021.303333,249,1231.24026
1079.29908,262,1231.391853
947.059128,238,1231.528074
1086.748831,263,1231.677784
1106.407562,265,1231.8282
1063.753057,260,1231.977593
1073.845638,262,1232.127199
996.269787,246,1232.269707
1066.871441,261,1232.419012
1051.212104,257,1232.566505
1056.11597,271,1232.721627
1037.181215,253,1232.869688
1011.530658,268,1233.022707
1055.458029,257,1233.161604
973.587602,242,1233.285778
1048.330605,256,1233.415793
1022.486934,251,1233.543292
703.95538,197,1234.386894
1121.297919,275,1234.589753
1098.412747,270,1234.795236
1116.576244,270,1234.998759
1218.513102,279,1235.205368
1196.750913,295,1235.429993
1017.135048,253,1235.616348
1124.419922,274,1235.921471
1126.973504,274,1236.057987
1105.433575,263,1236.188762
702.34255,212,1236.294915
1091.099768,276,1236.433512
979.596654,252,1236.559681
967.508385,251,1236.685925
1122.26045,275,1236.82417
1231.305122,296,1236.974684
1110.80558,271,1237.109849
1121.116353,273,1237.24613
1231.870587,296,1237.393872
1072.984744,280,1237.53434
1106.02195,273,1237.671283
1097.000924,266,1237.806928
1038.268463,261,1237.938523
1043.895993,262,1238.07076
1065.434111,258,1238.199374
1074.134195,281,1238.339497
1111.799917,280,1238.479043
1114.450088,271,1238.616243
1044.780121,256,1238.743662
1068.741792,280,1238.882927
879.494151,234,1238.99986
1070.893441,278,1239.138491
955.397331,249,1239.263595
1073.39034,280,1239.403047
1001.149718,255,1239.531505
997.074138,255,1239.661412
1112.462868,271,1239.799279
1076.117429,279,1239.939054
1241.477809,298,1240.08744
1157.61479,278,1240.225842
658.586889,204,1240.327357
1123.562768,272,1240.463552
701.156275,212,1240.569117
1118.737498,272,1240.704534
1249.386475,304,1240.856116
1110.655673,269,1240.991385
1045.459214,261,1241.122169
1014.865085,259,1241.254145
1118.26949,283,1241.399112
1070.517999,278,1241.542791
1087.385997,266,1241.678344
1146.474151,288,1241.822788
1064.995911,278,1241.961194
1218.460004,301,1242.114789
999.740748,256,1242.244558
1107.822564,268,1242.378774
1068.108493,280,1242.520336
729.59096,225,1243.386186
1199.405168,283,1243.597325
986.312564,244,1243.779413
1070.643423,264,1243.974419
1010.431254,256,1244.163791
1028.575908,253,1244.352311
1214.862782,280,1244.561129
984.661404,248,1244.882928
1109.228976,267,1245.018017
1204.033073,286,1245.161074
995.774411,249,1245.287058
1056.587535,256,1245.422097
1123.022994,270,1245.566025
1224.619219,283,1245.714847
1106.062344,265,1245.85542
1200.944791,289,1246.008504
1045.544739,255,1246.146861
1001.038863,251,1246.298785
978.635423,247,1246.444452
1216.068137,288,1246.600062
1099.231147,264,1246.735063
1190.343168,275,1246.879781
964.621529,246,1247.009804
1070.414119,259,1247.147149
979.22146,247,1247.278421
1107.582489,266,1247.419112
977.029322,248,1247.550179
1096.477294,264,1247.685931
1231.84969,290,1247.832217
1107.64103,267,1247.966334
1017.746154,252,1248.092084
1104.48966,266,1248.224672
1135.911161,271,1248.360344
1105.769269,265,1248.493229
988.0975,248,1248.617872
1090.77922,263,1248.748708
1113.775332,268,1248.888468
1002.044958,251,1249.020856
1114.428424,268,1249.163753
1142.571409,268,1249.308657
1060.523864,258,1249.444291
1214.217021,283,1249.593452
1098.070821,264,1249.728117
1119.324763,268,1249.861179
916.056753,241,1249.981334
1115.813702,267,1250.114632
1198.88889,284,1250.257955
1092.665287,262,1250.388015
1117.554781,269,1250.522715
1226.093647,290,1250.667659
1298.723975,298,1250.816699
1006.437352,250,1250.948381
1083.102031,260,1251.089494
966.391007,246,1251.219816
1143.697221,268,1251.360987
1043.472267,256,1251.497678
1172.342934,272,1251.642707
879.64932,234,1252.609784
1076.126397,263,1252.811143
940.265203,237,1252.989389
1056.619299,254,1253.196106
1058.374329,264,1253.428392
961.060856,239,1253.613356
1113.844264,260,1253.808669
1153.29184,282,1254.021045
1059.998264,260,1254.193361
1118.246782,269,1254.351805
934.686671,241,1254.490329
912.810267,237,1254.611952
1048.581869,258,1254.744187
956.600744,244,1254.868052
1009.331976,252,1254.995134
1050.284287,259,1255.124061
1098.791751,266,1255.259432
1048.981333,258,1255.390565
972.588024,246,1255.514314
901.7809,236,1255.631758
1052.774692,257,1255.759447
859.245633,232,1255.874864
890.750629,235,1255.992503
1007.096573,251,1256.117733
998.373487,250,1256.2425
1038.221695,256,1256.370171
976.127786,247,1256.493286
1116.261407,269,1256.62927
1115.180301,268,1256.767054
1135.957013,274,1256.908956
847.721886,230,1257.043669
1023.990965,253,1257.205736
1007.634833,251,1257.361401
1101.476652,267,1257.514597
995.373315,249,1257.656171
1126.206479,272,1257.811019
861.951461,232,1257.945733
1028.561126,255,1258.113317
1052.059683,257,1258.276613
1054.694487,258,1258.423103
1119.060171,271,1258.577178
879.154996,234,1258.711666
1052.466223,257,1258.853564
975.304222,246,1258.980483
1080.819643,264,1259.117284
1069.367072,261,1259.250481
1129.145636,271,1259.39049
1007.303622,251,1259.517531
1017.382547,253,1259.645513
1107.066611,268,1259.782021
1119.817186,269,1259.920041
1008.155175,252,1260.047596
1114.890853,269,1260.182348
870.268541,233,1260.298709
1060.289316,260,1260.429476
1052.225934,259,1260.560947
1117.286897,270,1260.695972
1112.76351,270,1260.831366
767.288934,222,1261.70895
1163.097157,285,1261.926529
930.211503,232,1262.099992
998.284551,248,1262.288004
941.084699,240,1262.472633
1062.844969,264,1262.70488
903.817119,236,1262.904318
1124.199381,284,1263.120764
1163.018611,285,1263.333596
1045.439557,257,1263.484214
1157.169548,285,1263.629163
803.995864,214,1263.737172
982.492167,248,1263.862389
1028.321146,248,1263.990326
1103.795405,262,1264.121809
1094.633432,263,1264.254089
1102.202764,264,1264.3869
1032.335736,248,1264.513529
1067.742272,261,1264.645522
1081.655348,257,1264.774668
1111.977211,263,1264.906476
915.430273,230,1265.022509
1130.800472,270,1265.161161
1034.573338,256,1265.291686
1079.812702,257,1265.420731
989.555489,250,1265.546951
1160.660555,275,1265.686157
1103.334751,264,1265.818791
954.932946,244,1265.942183
1036.023361,249,1266.067966
1184.118344,280,1266.228704
1073.241072,256,1266.371363
1006.06337,251,1266.499021
1073.910097,263,1266.631074
1289.981824,299,1266.781911
927.430161,242,1266.904366
997.077138,250,1267.030095
957.233168,236,1267.148116
1080.41322,257,1267.276299
1159.546181,286,1267.419566
1038.578211,256,1267.550938
819.604455,216,1267.65998
1117.258911,268,1267.794279
1119.279704,268,1267.931034
956.456372,236,1268.052855
1043.997074,257,1268.184077
1140.188708,274,1268.321796
1121.074471,265,1268.454895
1234.398958,293,1268.602285
1035.513459,256,1268.733702
891.280288,237,1268.868986
1075.033215,260,1269.001034
1077.89709,258,1269.132068
1186.011624,285,1269.278341
1186.946155,281,1269.422956
1104.632071,262,1269.555512
976.880574,240,1269.677115
946.242836,244,1269.809429
1152.74199,282,1270.860407
1254.525426,285,1271.096564
1169.430655,283,1271.334814
935.484124,235,1271.538129
1542.097359,322,1271.818835
1002.666082,253,1272.04668
1153.889789,275,1272.308241
1132.565103,265,1272.551829
1084.977306,269,1272.690347
1123.016962,262,1272.820687
1118.729982,265,1272.954828
1139.73023,267,1273.095745
1128.700338,264,1273.235958
1122.477799,273,1273.380937
1128.749623,264,1273.519855
1098.920799,267,1273.657836
1083.170004,256,1273.785274
1087.131876,268,1273.919817
1133.514725,266,1274.051947
1144.948505,267,1274.185473
1137.998507,277,1274.32637
1152.146671,268,1274.460443
1084.103056,264,1274.593235
1110.490606,265,1274.726408
1090.017543,270,1274.862256
1096.199432,267,1274.995434
1137.996313,265,1275.12726
1144.115821,268,1275.261514
1083.316595,266,1275.396548
1138.081007,266,1275.530409
1125.082538,263,1275.661683
1135.910908,265,1275.793577
1086.94403,269,1275.92813
1115.00746,262,1276.059494
1132.832261,265,1276.19236
1053.718275,252,1276.318712
1116.378765,275,1276.456245
1128.919443,264,1276.58855
1140.120792,267,1276.734818
1082.099861,263,1276.890449
1083.234306,256,1277.054971
1099.395779,271,1277.22172
1119.090111,275,1277.385756
1103.698152,264,1277.521751
1147.717348,268,1277.662946
1109.731526,268,1277.805362
1146.504123,268,1277.947625
1085.783974,269,1278.086437
1079.271453,269,1278.223041
1132.664254,266,1278.355792
1122.740689,271,1278.491329
1138.733827,266,1278.624691
1100.694436,270,1278.762932
1084.281147,268,1278.902223
1062.192562,253,1279.029374
1140.935243,266,1279.176351
1148.258598,268,1279.360512
1144.119961,271,1280.385691
908.917175,236,1280.582931
906.371948,240,1280.78304
1086.817917,270,1281.011747
1008.89912,266,1281.215138
986.162088,263,1281.409719
986.994783,252,1281.597414
1046.627041,259,1281.92583
1055.616753,261,1282.061148
991.261448,263,1282.210093
1093.121478,267,1282.363864
984.161442,267,1282.502759
1038.882762,257,1282.632591
1039.512121,259,1282.775647
1045.739913,261,1282.923659
1098.919918,268,1283.076926
1010.242219,246,1283.216175
1081.342706,263,1283.365228
996.979383,245,1283.504688
1041.667943,258,1283.654165
996.484335,260,1283.800158
1046.982909,262,1283.94817
1078.714929,259,1284.09367
1028.204582,251,1284.235929
1053.988346,263,1284.384171
1035.602459,258,1284.52516
987.620547,262,1284.658881
984.218036,265,1284.791878
1041.430944,251,1284.918065
1063.212019,262,1285.048944
1034.624776,258,1285.177626
1044.306617,258,1285.305641
1007.450706,246,1285.429323
1065.444822,264,1285.563087
1071.267592,255,1285.692915
1056.680386,256,1285.823435
1042.5888,258,1285.962816
1053.647282,261,1286.11115
1050.682456,260,1286.245503
1059.399492,261,1286.3767
1037.876184,260,1286.508994
1020.940939,248,1286.639393
1077.140776,263,1286.771255
1044.385031,252,1286.898838
1081.903417,263,1287.031762
1077.422985,262,1287.167216
1039.898894,255,1287.304564
1054.655685,262,1287.445927
1055.481227,260,1287.579526
1058.361809,256,1287.70971
1036.870009,257,1287.841691
1082.399275,257,1287.970356
1052.092243,256,1288.101558
1087.616785,266,1288.241364
1063.95899,262,1288.381572
1044.546764,260,1288.519509
1044.214966,261,1288.657239
1037.737182,257,1289.583687
915.197488,233,1289.756509
953.901308,243,1289.940522
1099.783605,262,1290.135785
717.048349,201,1290.283688
1007.075309,248,1290.475557
1626.376889,328,1290.716901
1091.78837,254,1290.905207
1159.135196,259,1291.062488
1175.926216,265,1291.1955
1249.079196,282,1291.335772
835.797777,217,1291.444206
778.293238,206,1291.547913
1008.439082,240,1291.669003
1240.098561,293,1291.82487
1250.191991,294,1291.988153
854.118428,220,1292.114553
1149.252962,259,1292.266799
1061.3629,246,1292.396471
819.283886,214,1292.503299
831.881614,216,1292.614356
952.818296,231,1292.730659
1231.842394,275,1292.869875
1059.051601,245,1292.995365
1160.992693,261,1293.126921
1103.240596,252,1293.255217
999.986879,239,1293.376004
1153.189134,269,1293.51319
1020.395948,241,1293.634932
843.909735,216,1293.746617
1424.680724,313,1293.904593
1022.578927,241,1294.027077
1239.611605,278,1294.169578
869.429896,222,1294.281337
1234.346285,274,1294.420281
1076.193981,249,1294.547455
1248.558978,293,1294.696511
869.94018,222,1294.811217
1262.330458,287,1294.95706
1266.275441,295,1295.108178
1081.530495,249,1295.237161
990.009598,237,1295.358899
1283.822548,295,1295.508635
1248.32932,281,1295.65314
1033.636211,242,1295.776917
966.472051,234,1295.897882
1042.755061,242,1296.018619
1473.653652,317,1296.179818
877.185854,223,1296.292424
1219.949027,273,1296.434409
840.802808,215,1296.547396
1182.784699,266,1296.68286
1286.280313,294,1296.832417
1261.275836,297,1296.987399
874.089104,219,1297.097529
1263.936961,296,1297.248109
1231.531168,291,1297.397067
1079.830646,248,1297.523152
940.771056,229,1298.416672
1088.563893,274,1298.624807
1097.23685,281,1298.846416
1116.279965,259,1299.062838
1345.056686,306,1299.32861
1154.156822,265,1299.553846
1051.940005,255,1299.768823
1159.351117,277,1300.106061
1405.157091,318,1300.289714
1360.604157,312,1300.466574
1040.459085,261,1300.616891
1076.347959,266,1300.772938
1168.125334,285,1300.931214
1110.702729,267,1301.068209
1055.045794,263,1301.200561
1220.193981,299,1301.349386
1166.137533,280,1301.489841
1168.046621,280,1301.630399
1339.577339,312,1301.786378
1099.796891,280,1301.925577
1330.083956,309,1302.079498
1125.803836,284,1302.223529
1097.375047,267,1302.356148
1177.603589,276,1302.494146
1117.430274,283,1302.635097
1024.552287,259,1302.763733
1169.52481,287,1302.927871
1012.28765,258,1303.076049
1182.933507,278,1303.232345
1178.650308,283,1303.377854
1145.974698,278,1303.52282
1354.766528,312,1303.682968
1107.028469,269,1303.823819
1075.899697,266,1303.958637
1616.907187,339,1304.154248
1175.171657,286,1304.319379
1115.362026,279,1304.491063
1186.569999,282,1304.651358
1040.505458,261,1304.799849
1053.174945,262,1304.947315
1115.958061,278,1305.117806
1655.138298,343,1305.312715
1170.270651,281,1305.472919
1110.049839,279,1305.638637
1382.464229,317,1305.816359
1164.805856,276,1305.96616
1181.794603,279,1306.109251
1142.780039,273,1306.249246
1272.016363,304,1306.406103
1193.275467,283,1306.548303
1217.288583,298,1306.705079
1177.239288,281,1306.852779
1482.849906,326,1307.026071
1117.294625,279,1307.172931
1165.447464,281,1307.320521
1028.763727,250,1307.453508
1020.292648,258,1307.588537
655.771353,211,1308.453058
1056.313678,256,1308.645203
1189.569439,292,1308.860452
851.965884,237,1309.041418
881.644988,228,1309.241228
1023.693641,245,1309.437098
1231.728903,276,1309.644988
1103.316748,245,1309.83208
1026.069175,251,1310.01263
992.162705,246,1310.138782
1068.21757,253,1310.283681
873.23657,228,1310.418177
932.4231,237,1310.552786
1002.9906,248,1310.694025
1058.100255,255,1310.851022
943.202832,237,1311.005098
932.821691,237,1311.157296
878.902583,230,1311.289121
1040.973306,255,1311.435228
996.220733,249,1311.576884
877.764272,230,1311.707787
896.857862,231,1311.838091
912.627026,234,1311.963783
1030.892223,254,1312.093333
838.121149,225,1312.206819
1060.386862,259,1312.337348
865.1121,228,1312.454781
1096.349196,258,1312.598938
1011.018753,249,1312.739073
925.834325,235,1312.873708
1018.675305,249,1313.01627
1040.657118,264,1313.165287
998.255981,262,1313.312551
1042.216318,257,1313.456821
942.020652,237,1313.59028
897.791528,232,1313.722049
1091.302898,257,1313.86625
923.568466,236,1313.999175
914.777743,235,1314.131732
868.618271,229,1314.262093
865.333865,228,1314.395059
866.697667,228,1314.541214
933.411698,237,1314.691837
912.272226,233,1314.833676
1016.802932,249,1314.979498
923.551387,236,1315.11294
868.739112,228,1315.241816
1030.087356,254,1315.38948
896.587476,232,1315.52051
1066.399163,260,1315.667944
885.747169,230,1315.799288
854.932731,227,1315.928761
867.556087,229,1316.053991
905.796372,233,1316.17494
1138.145133,267,1316.308608
884.502627,230,1316.424128
998.790729,247,1316.550495
877.014825,229,1316.680804
809.84908,208,1317.588869
1187.409251,282,1317.805142
1192.413233,286,1318.023792
861.376916,219,1318.197993
980.889584,243,1318.400146
1038.999691,259,1318.65716
729.255728,212,1318.8713
1028.697431,259,1319.092939
1120.336329,270,1319.326891
1128.416898,272,1319.481224
787.262227,226,1319.609072
996.58123,251,1319.756131
1161.028573,282,1319.92835
1131.881426,273,1320.086585
1110.772376,268,1320.234049
1111.644906,269,1320.377726
1027.585239,255,1320.512829
992.352698,251,1320.646255
988.077313,250,1320.774416
1050.425598,259,1320.915862
978.707916,249,1321.078866
922.213301,242,1321.238944
1114.956932,269,1321.408249
1149.572725,279,1321.567042
1060.782097,260,1321.713471
1148.218385,279,1321.871145
1020.215728,254,1322.014284
839.982684,232,1322.14599
1145.454424,275,1322.300097
1133.767813,275,1322.454417
1007.475058,252,1322.595546
902.150856,239,1322.723888
901.675462,239,1322.844573
1098.727,266,1322.980885
1104.401136,268,1323.11766
991.004058,250,1323.245684
786.726546,226,1323.358582
1011.622164,253,1323.484895
1008.97168,253,1323.611163
999.773279,252,1323.736881
998.544755,251,1323.863156
1122.716481,270,1323.997914
1155.862862,280,1324.137302
1099.942013,266,1324.270322
1147.777826,279,1324.40932
914.847824,241,1324.530612
997.658464,251,1324.655771
1150.813128,280,1324.796951
829.629355,231,1324.91444
1017.812747,254,1325.044322
923.03924,242,1325.165112
1064.281014,261,1325.295306
981.27619,249,1325.420162
1139.748964,275,1325.557227
1018.47124,254,1325.685018
1110.180513,268,1325.818228
978.338894,249,1325.942164
1153.620549,278,1326.080354
693.579514,201,1327.049628
1164.337622,271,1327.282081
1205.794814,293,1327.533546
1145.858951,270,1327.765195
867.559565,235,1327.964884
708.975009,206,1328.145356
559.89783,170,1328.292211
1086.955406,264,1328.528483
1129.54404,274,1328.820704
976.729415,247,1328.960611
1098.383106,266,1329.111745
1142.63359,280,1329.272144
1126.100171,272,1329.426757
1073.950808,263,1329.576872
1069.541172,261,1329.727223
942.003596,241,1329.865142
989.362882,248,1330.007396
961.650965,244,1330.142401
1134.677251,272,1330.28451
1063.753105,259,1330.414389
969.326581,245,1330.54095
1133.613044,276,1330.683816
977.857438,246,1330.807868
1137.435853,273,1330.945126
1046.866098,256,1331.075695
1117.698444,270,1331.212166
1153.892545,280,1331.353084
1090.03392,264,1331.486649
1142.521817,279,1331.630933
1167.660884,275,1331.777297
1116.753603,269,1331.92108
1142.36895,277,1332.061018
1063.081451,260,1332.196131
1082.148978,264,1332.33197
1118.302103,269,1332.484289
1156.35159,284,1332.636186
1020.882967,252,1332.767381
1100.044612,267,1332.903972
1079.164331,263,1333.036887
1135.735338,271,1333.177098
1020.072452,252,1333.30538
1010.644156,251,1333.435174
1091.759454,265,1333.570859
1078.423509,262,1333.706855
961.508692,244,1333.832887
1012.579725,252,1333.962185
925.914164,239,1334.085548
1069.015646,261,1334.220591
979.054874,246,1334.347299
1147.751562,275,1334.487563
1136.56628,277,1334.629674
1102.890495,267,1334.76756
1128.546824,271,1334.905215
931.909924,240,1335.031311
962.43613,244,1335.156005
1164.489058,286,1335.30211
900.720059,237,1335.420845
990.533321,248,1335.547671
1092.145791,259,1336.447182
1032.425251,257,1336.641371
1029.099672,252,1336.835101
928.00954,233,1337.010407
898.974574,233,1337.188939
1071.156198,251,1337.382048
1138.537187,266,1337.584969
944.932939,239,1337.768558
805.071977,227,1337.940432
712.189368,215,1338.049497
859.000133,233,1338.169186
769.156975,222,1338.281513
860.130894,233,1338.400544
997.063088,246,1338.541094
872.340965,232,1338.677437
751.304383,220,1338.809008
742.149988,219,1338.924654
710.208356,215,1339.034586
1137.866341,265,1339.169278
961.342179,241,1339.291381
864.290083,231,1339.408245
959.180574,245,1339.547067
946.156185,243,1339.690253
977.116421,247,1339.838812
948.424746,243,1339.965925
710.352507,215,1340.074499
854.202862,232,1340.191842
791.858348,225,1340.307503
712.487449,216,1340.419207
1043.787647,251,1340.546353
974.891037,246,1340.673431
1195.414095,273,1340.810444
763.813575,222,1340.922211
879.104072,235,1341.041843
717.986718,216,1341.150993
1033.145046,254,1341.279824
801.760549,225,1341.392988
768.25997,221,1341.505383
960.406682,241,1341.629726
856.546283,233,1341.751881
1031.433248,253,1341.881757
1032.415294,253,1342.012071
1203.203394,274,1342.151785
720.329119,217,1342.263615
711.474967,216,1342.37291
749.644909,220,1342.487396
977.094159,247,1342.623574
710.270666,215,1342.748983
741.169559,219,1342.870403
748.22396,220,1342.984442
1059.027181,253,1343.128188
720.177046,216,1343.250536
720.570101,217,1343.374403
704.775028,215,1343.496019
878.84369,236,1343.63083
800.78419,226,1343.764972
961.905683,242,1343.90263
710.392341,215,1344.024865
776.211223,217,1344.990352
1179.85342,264,1345.213346
748.588503,218,1345.395749
1093.643664,260,1345.613481
1190.703173,271,1345.838725
1225.440194,287,1346.077923
791.689696,222,1346.251096
983.895908,244,1346.432576
1018.336292,252,1346.622345
1022.191316,255,1346.751789
919.163255,235,1346.870689
981.58948,245,1346.998627
966.411934,242,1347.125658
1039.784022,254,1347.263031
1016.077625,251,1347.391971
1022.886822,252,1347.526776
954.447874,241,1347.648255
962.121891,242,1347.775376
978.104424,244,1347.90327
981.001838,245,1348.029062
978.276359,244,1348.152432
1135.476848,266,1348.288034
756.392599,215,1348.398818
978.215484,245,1348.522275
757.955325,215,1348.630384
894.795682,230,1348.746246
763.129843,216,1348.855018
817.384805,222,1348.967435
1009.351147,250,1349.093556
852.035572,227,1349.21242
812.834165,221,1349.341646
938.823694,237,1349.480449
778.086904,217,1349.604787
965.536653,243,1349.727182
983.93215,245,1349.851221
963.599424,242,1349.974209
949.034509,239,1350.094481
752.47586,215,1350.202834
930.030183,234,1350.320961
1047.542224,255,1350.450773
943.265797,238,1350.572707
977.112306,244,1350.696715
955.310227,240,1350.818877
978.754194,245,1350.942475
970.967404,243,1351.075548
995.191795,249,1351.241651
1013.479746,250,1351.414129
955.077818,241,1351.566793
791.172742,219,1351.699401
1013.825465,250,1351.844927
988.283543,247,1351.99133
978.534609,244,1352.130349
943.133331,239,1352.26463
1002.634573,248,1352.408965
1005.792176,248,1352.552126
829.776962,224,1352.683537
976.883538,245,1352.823137
796.868082,219,1352.947125
674.659654,199,1353.94392
997.703833,250,1354.153079
1129.383605,275,1354.382924
836.497787,225,1354.575498
1304.306889,299,1354.829704
880.342586,222,1355.01126
1032.65953,261,1355.210898
941.391741,242,1355.391303
1121.006322,270,1355.595573
1100.504,267,1355.730764
1099.717315,268,1355.865631
1103.543734,267,1355.998902
1116.356322,270,1356.133536
1034.127561,256,1356.260889
1131.55067,275,1356.400246
1126.119381,272,1356.538809
757.023894,222,1356.651777
1113.104769,269,1356.788512
894.728279,238,1356.908226
1138.755179,277,1357.050605
876.70684,237,1357.171713
805.798421,228,1357.288017
1120.134646,270,1357.425379
1084.301712,264,1357.559951
1113.556662,270,1357.695581
1024.62585,254,1357.82245
1012.776816,252,1357.948569
824.654686,230,1358.063407
1092.28007,266,1358.197226
1083.89509,264,1358.331027
1015.00019,253,1358.46013
747.766524,221,1358.572699
1070.663818,262,1358.705923
1122.4738,272,1358.842934
1082.965129,263,1358.974141
942.508629,244,1359.096042
1070.670133,261,1359.226178
1105.074667,268,1359.36072
1106.140784,269,1359.495486
794.125251,226,1359.608394
847.68291,233,1359.724729
1135.958652,277,1359.862786
844.474102,232,1359.979439
1002.393369,251,1360.104734
1092.625168,265,1360.236776
1091.51554,265,1360.371477
1045.943791,257,1360.503001
877.496213,236,1360.622994
1047.34748,257,1360.753923
786.940218,226,1360.86901
1120.150377,272,1361.010309
1079.693448,262,1361.143537
1143.718365,280,1361.285892
1106.647198,268,1361.421603
920.406463,241,1361.542781
1020.355352,252,1361.668489
773.209242,224,1361.780628
1037.775543,256,1361.911913
689.923582,198,1362.89255
1062.096542,268,1363.119173
1094.162662,258,1363.340024
1034.910082,250,1363.549552
935.452089,243,1363.752431
880.612877,231,1363.948179
984.409815,248,1364.158799
1162.407588,284,1364.393264
813.728627,217,1364.589016
1179.468242,270,1364.744108
1292.378213,294,1364.911411
1270.424656,287,1365.077066
761.140308,222,1365.204373
1275.186869,289,1365.367181
1168.180138,268,1365.518255
1262.878852,286,1365.684031
1261.892083,285,1365.849797
941.418825,241,1365.990021
1102.470629,253,1366.141818
1279.341266,290,1366.310881
1268.764843,289,1366.474575
802.722641,226,1366.608375
1143.377019,259,1366.764001
1297.966044,294,1366.931782
734.563925,219,1367.057732
1209.872329,272,1367.217658
1264.786848,288,1367.384
1272.349983,287,1367.549623
813.476662,228,1367.680241
1153.282674,261,1367.830201
752.302744,221,1367.957104
895.687827,237,1368.095501
1185.232488,269,1368.246469
1141.079168,261,1368.392609
813.933254,228,1368.520563
1249.877594,282,1368.679236
1112.599156,254,1368.822602
1050.62452,246,1368.965129
959.550946,243,1369.106497
1204.910122,272,1369.26432
1000.213212,240,1369.402071
836.227549,232,1369.534762
1284.877077,291,1369.698672
1179.621087,267,1369.849762
929.692009,240,1369.984982
1000.477771,247,1370.12574
1267.053122,284,1370.289683
1186.589851,270,1370.442251
1160.566337,268,1370.592624
1172.860536,269,1370.742435
976.430448,237,1370.870087
1132.142029,258,1370.999326
1278.799489,292,1371.144436
1111.887682,254,1371.273808
1061.455545,247,1371.399899
1157.839929,263,1371.532861
803.948111,228,1371.648201
1052.397399,247,1371.777739
665.406347,196,1372.639992
910.655911,233,1372.812127
1181.280551,275,1373.015877
792.102737,227,1373.184299
1144.060615,269,1373.382898
704.707731,209,1373.537303
1220.266487,286,1373.750129
1022.093993,267,1373.950437
1229.632402,274,1374.165599
1245.513397,282,1374.308982
1107.606951,250,1374.433564
1239.38044,290,1374.578109
1259.128827,291,1374.723104
1136.193258,264,1374.857477
1240.397599,290,1375.003861
1222.541719,274,1375.140485
1252.735296,283,1375.286273
1070.553808,245,1375.409218
958.228813,231,1375.525018
820.032319,211,1375.630516
1107.702028,250,1375.75796
1327.810296,298,1375.909853
1228.257746,288,1376.05543
1010.53707,238,1376.174825
917.999931,226,1376.289815
885.290479,220,1376.399768
1224.739897,274,1376.540077
1259.522044,294,1376.692664
1271.747272,296,1376.845244
1262.76732,294,1376.995204
1011.191633,238,1377.121143
1252.771451,292,1377.278095
1250.307337,289,1377.433378
1100.366671,249,1377.564774
1227.151299,289,1377.717841
927.035276,226,1377.836529
881.509147,220,1377.948533
1254.183819,285,1378.094247
1354.302411,301,1378.248314
1240.661001,277,1378.389535
1227.629386,289,1378.536852
955.545164,229,1378.65483
1252.320623,293,1378.801498
1217.852201,287,1378.956675
1256.775937,296,1379.128576
894.05126,221,1379.256539
961.97831,231,1379.376539
1213.382322,288,1379.519983
965.874696,232,1379.636649
975.127426,234,1379.754585
1221.23337,287,1379.897596
930.003391,226,1380.01412
1241.570311,281,1380.158921
921.954712,224,1380.271795
1224.8965,274,1380.410386
882.273493,220,1380.521302
1238.374018,290,1380.669125
1217.874806,288,1380.81507
1166.6431,265,1381.919643
1144.077083,265,1382.142759
774.383956,219,1382.326988
917.305791,240,1382.535786
1058.644833,258,1382.751535
885.930164,229,1382.938047
879.547385,229,1383.112001
1152.759134,274,1383.324178
938.747452,236,1383.563455
947.260572,243,1383.716304
918.680145,237,1383.864062
896.965221,229,1384.011534
913.435266,236,1384.177673
931.510168,235,1384.33739
890.077015,233,1384.470244
943.439434,238,1384.606082
885.598072,227,1384.735901
909.042473,238,1384.877616
984.405289,248,1385.039713
939.196787,237,1385.195702
938.122753,235,1385.339339
911.720382,235,1385.460282
940.834315,237,1385.581725
948.465778,237,1385.701641
918.647414,236,1385.825307
924.32315,234,1385.947436
891.524065,233,1386.069472
888.465866,227,1386.189021
994.545611,249,1386.317544
955.085044,239,1386.438788
875.600418,226,1386.553223
977.528029,245,1386.677311
964.614511,241,1386.802135
949.642728,242,1386.925188
911.333724,235,1387.044501
897.492919,237,1387.16493
962.05649,245,1387.290996
885.880724,226,1387.405763
931.844447,235,1387.526097
929.066406,235,1387.646574
820.05143,229,1387.79638
913.341808,231,1387.954686
911.666962,235,1388.121998
929.660124,236,1388.299588
868.747722,225,1388.469532
826.559631,230,1388.623134
892.360755,233,1388.761626
920.49189,232,1388.897139
889.762128,233,1389.039959
919.694596,233,1389.192483
938.672876,237,1389.349158
925.857853,233,1389.500182
904.691594,236,1389.652937
943.964383,237,1389.795608
883.903064,226,1389.918133
882.243955,236,1390.04493
896.004535,228,1390.162176
898.166488,229,1390.27814
834.329742,214,1391.170757
1007.792418,238,1391.34563
1202.243162,276,1391.565271
838.48935,222,1391.761666
1149.055194,273,1391.989161
880.438962,234,1392.161356
943.647904,236,1392.335236
782.551502,217,1392.494722
1134.426665,269,1392.741845
1119.161743,265,1392.883928
1043.055287,252,1393.028811
1116.428671,265,1393.182074
1136.060674,269,1393.323204
1018.086716,248,1393.447143
1030.931518,250,1393.572127
1078.024446,258,1393.700429
980.937452,245,1393.83339
1038.873004,251,1393.977885
1133.913349,268,1394.134572
1056.968867,253,1394.282057
1095.689377,262,1394.427242
1106.837608,263,1394.558433
1154.31202,279,1394.697145
973.102059,244,1394.81852
1046.263771,251,1394.957168
948.670067,240,1395.078804
1109.695623,264,1395.222891
1122.710225,266,1395.359935
1191.8811,277,1395.497828
1114.033736,265,1395.629757
1110.967597,264,1395.761247
1120.445998,265,1395.893696
1060.281025,255,1396.020744
929.333991,237,1396.139164
972.251588,243,1396.265395
1067.447945,256,1396.411313
1129.472547,268,1396.562379
1147.223372,270,1396.707683
1079.236807,258,1396.839887
1089.355113,260,1396.972157
1091.612378,260,1397.104467
1101.709728,262,1397.238093
1158.248173,273,1397.398577
1131.638904,267,1397.552828
1022.986085,248,1397.689635
1075.756826,257,1397.817542
1085.578639,259,1397.946508
1064.871096,254,1398.072788
1126.702774,266,1398.205521
1033.518523,251,1398.3308
1115.655165,265,1398.462934
1169.944665,271,1398.597795
1069.475282,255,1398.724483
1087.216012,260,1398.853614
1143.000908,270,1398.987539
1093.427394,260,1399.116444
1041.623064,252,1399.241747
1099.353814,261,1399.372423
967.60015,245,1400.359588
1077.645995,274,1400.614108
1195.89236,282,1400.878078
946.876501,233,1401.06168
964.727546,237,1401.242785
1033.139201,254,1401.436628
819.521599,228,1401.610556
1041.971389,256,1401.80309
717.560157,219,1401.95273
722.635897,219,1402.061696
973.786767,249,1402.185621
946.359485,246,1402.308295
936.253839,245,1402.430348
950.354921,243,1402.551427
924.378366,243,1402.672587
745.64404,222,1402.782972
1043.184868,259,1402.912147
968.207095,249,1403.036066
753.62524,222,1403.146656
743.543457,222,1403.257819
785.875444,228,1403.374034
979.603854,250,1403.501292
958.714801,248,1403.627505
936.343053,245,1403.752257
898.806045,240,1403.874836
737.782717,222,1403.987808
786.413339,228,1404.104084
767.32678,226,1404.219024
842.048847,232,1404.337211
965.562847,247,1404.462976
794.887869,228,1404.579177
822.427862,231,1404.696577
878.595791,239,1404.818166
732.258185,220,1404.930132
735.006672,221,1405.042593
842.565427,232,1405.160632
741.409206,221,1405.281029
978.250333,250,1405.420917
723.151621,219,1405.548025
969.153311,249,1405.692828
836.216354,233,1405.827078
752.489111,223,1405.955946
734.273698,220,1406.071965
888.970792,238,1406.190647
732.708281,220,1406.300288
735.417665,221,1406.410345
723.976533,219,1406.522822
1031.021476,257,1406.651206
944.33956,245,1406.774162
805.124696,229,1406.888275
728.044863,220,1406.997734
942.321797,245,1407.135518
782.616804,226,1407.254789
1030.210278,257,1407.384097
727.152897,219,1407.496049
706.575448,217,1407.604118
1030.012618,257,1407.732437
1008.086313,253,1407.858613
1321.27964,307,1408.936049
853.521671,237,1409.13422
1141.424241,275,1409.36336
1025.813844,251,1409.572702
1040.422304,275,1409.818696
1162.645562,280,1410.059402
660.128777,202,1410.228312
1010.592338,248,1410.569255
986.823546,263,1410.721379
1076.946804,258,1410.871014
1052.171145,244,1411.006253
1053.211551,257,1411.13995
1112.903248,264,1411.272109
1097.03295,267,1411.405915
942.491476,241,1411.526924
1024.653023,267,1411.660619
1093.63927,252,1411.796992
1028.414928,251,1411.943291
1085.666773,261,1412.097636
1055.115608,255,1412.233757
1088.838617,258,1412.364069
974.390069,261,1412.498824
1101.679991,267,1412.636312
1008.240236,264,1412.772261
968.871262,262,1412.907335
1082.569586,258,1413.040442
1043.721386,242,1413.165425
1069.226593,261,1413.300169
1044.365924,253,1413.430609
1059.107953,256,1413.562371
954.309703,242,1413.687205
1085.066892,264,1413.823496
1065.66901,276,1413.965714
1070.395723,256,1414.097603
1025.979004,268,1414.235794
1064.349465,273,1414.376571
1022.298886,250,1414.504933
962.580029,259,1414.637845
1097.335673,260,1414.77116
1005.564448,265,1414.907339
1104.052309,254,1415.0379
1085.639605,261,1415.172576
1072.261249,263,1415.308226
1074.063335,263,1415.443927
1040.138334,252,1415.573777
1096.207628,252,1415.703396
1071.995248,261,1415.837966
1076.410175,259,1415.97099
976.651178,262,1416.105917
966.076243,262,1416.241395
1099.870951,271,1416.3816
1039.305044,253,1416.512227
1026.71844,270,1416.651626
1049.597298,263,1416.786522
1098.844313,266,1416.920707
1058.882161,258,1417.050426
1031.994695,266,1417.184164
1057.476592,246,1418.176187
607.115044,181,1418.32517
924.952982,236,1418.52215
1566.181274,334,1418.800934
832.478907,232,1418.993835
899.786232,247,1419.199366
723.578088,200,1419.364638
1041.919557,258,1419.579065
912.377074,228,1419.816079
890.076334,223,1419.940693
880.915171,222,1420.059425
824.78323,220,1420.172445
874.052925,225,1420.28793
807.884557,218,1420.399244
857.939161,223,1420.513478
825.432032,219,1420.625252
913.694846,230,1420.743122
842.75705,222,1420.857379
896.68844,230,1420.975357
937.133647,233,1421.094814
883.959435,228,1421.211761
945.877639,235,1421.332241
1003.378862,248,1421.459649
988.87531,244,1421.584796
912.831833,230,1421.702768
829.23995,220,1421.820975
880.948428,227,1421.939382
855.119083,222,1422.053274
841.286069,221,1422.166634
964.66941,239,1422.29207
822.446981,219,1422.409232
856.564531,224,1422.527664
912.478437,229,1422.647948
840.221605,222,1422.764786
884.672259,221,1422.880289
894.768021,230,1423.001041
997.437495,247,1423.128428
904.837179,228,1423.24694
899.227552,228,1423.363801
887.307996,223,1423.481353
890.793476,225,1423.597949
939.035064,234,1423.718372
798.127657,217,1423.82935
839.581398,221,1423.939763
839.803998,221,1424.050489
858.749139,223,1424.1621
819.335118,224,1424.27652
1012.795895,251,1424.405787
884.737033,226,1424.521749
840.09539,222,1424.632997
903.518229,230,1424.752932
1018.651947,251,1424.882493
971.81731,241,1425.003349
905.289621,228,1425.117744
819.727649,219,1425.227211
818.667718,219,1425.336702
886.250279,223,1425.448185
858.119773,223,1425.559609
1001.167935,245,1426.4468
1016.203076,246,1426.66144
907.717224,234,1426.856653
1122.487273,261,1427.050842
972.811619,235,1427.225588
1001.26269,258,1427.446668
1047.191848,265,1427.645558
958.119681,244,1427.826352
1016.765381,252,1428.009095
945.489595,242,1428.130973
878.431708,241,1428.25151
861.298769,225,1428.375108
815.86985,218,1428.496623
911.170534,238,1428.6164
1092.168242,253,1428.758967
893.445512,228,1428.877529
886.637889,228,1428.992049
990.421288,249,1429.123534
812.537899,231,1429.239238
824.623373,219,1429.353296
870.805349,226,1429.485906
1010.922174,249,1429.617647
988.875773,243,1429.738074
997.404912,249,1429.86166
1011.168122,249,1429.98529
996.672679,252,1430.110525
888.623441,228,1430.223454
868.195608,226,1430.335726
1012.104918,248,1430.46106
932.751129,236,1430.591365
921.971902,240,1430.730663
939.048647,237,1430.869391
888.473506,233,1431.002017
1005.222372,248,1431.130043
1013.318349,249,1431.25434
855.189024,225,1431.367435
884.506573,228,1431.481156
886.330563,227,1431.617115
906.964469,233,1431.758683
863.473767,224,1431.908581
924.422288,237,1432.07269
871.805903,231,1432.226271
1022.171806,250,1432.367299
948.409027,247,1432.507484
926.308973,237,1432.640247
1014.25485,252,1432.78343
928.595007,242,1432.919045
866.426033,225,1433.044923
872.235257,226,1433.175558
1005.995964,251,1433.335807
940.644672,237,1433.489209
844.231022,221,1433.628011
950.009889,242,1433.769217
1012.225123,249,1433.896381
869.138149,226,1434.014617
970.237608,241,1434.139996
931.239627,242,1434.266559
782.695687,229,1434.386405
800.416928,205,1435.24312
1014.308002,248,1435.426738
794.362738,227,1435.603409
883.958054,238,1435.790019
1008.404941,240,1435.993165
1050.325969,264,1436.223343
1073.763284,256,1436.418666
904.72617,219,1436.580633
987.652936,252,1436.836342
1015.93113,251,1436.98171
945.543388,240,1437.120101
1002.76325,262,1437.265606
1006.504506,265,1437.406011
1007.13905,248,1437.537047
1002.489298,254,1437.672202
1006.154326,251,1437.804986
989.07966,260,1437.939998
970.688763,243,1438.061548
981.057852,244,1438.184315
916.925718,224,1438.298871
998.405343,261,1438.432996
977.78194,245,1438.562571
969.498443,244,1438.691504
997.198684,252,1438.827406
1012.070556,254,1438.961707
997.13278,253,1439.097322
950.151001,240,1439.223985
1017.468622,260,1439.361518
957.703296,234,1439.484916
1016.425546,254,1439.619184
998.228565,247,1439.750445
1001.535535,253,1439.885238
989.568407,264,1440.025533
865.230461,213,1440.13844
1020.162245,259,1440.278645
991.453141,247,1440.40778
1004.554523,254,1440.538879
961.229596,241,1440.664997
1006.518928,264,1440.797153
947.269048,240,1440.919214
1002.872248,265,1441.051832
997.331681,248,1441.17809
998.742673,247,1441.304115
1009.111346,253,1441.431219
992.741132,260,1441.562231
1010.002551,248,1441.692853
994.319711,244,1441.8165
1004.852534,254,1441.943975
1004.243623,252,1442.070232
1006.426159,253,1442.19692
946.156283,231,1442.314544
998.509855,252,1442.442099
1002.014799,246,1442.565116
981.422115,245,1442.687809
977.715208,240,1442.80795
1010.636394,255,1442.938124
1007.412212,262,1443.069762
1011.323608,255,1443.20542
691.946525,188,1444.089327
685.664724,200,1444.257303
860.902793,234,1444.455064
1133.101371,286,1444.6948
1009.044236,250,1444.904769
1204.584412,266,1445.123433
1053.635831,266,1445.374942
993.206484,251,1445.619907
1042.755862,257,1445.866376
1227.802521,291,1446.028733
1094.081092,264,1446.168092
980.22817,249,1446.2928
1021.559791,254,1446.419336
1032.244444,255,1446.546476
1206.885739,288,1446.690843
1078.386075,262,1446.822186
1002.970854,240,1446.941666
1056.434494,258,1447.069958
1047.690506,257,1447.201613
1095.440657,266,1447.33488
1192.184073,290,1447.482058
1207.911498,292,1447.63039
1209.090412,282,1447.774367
1041.659938,257,1447.905332
1091.705939,257,1448.035804
976.735186,236,1448.154845
1112.040437,259,1448.28355
1028.892673,254,1448.410127
1018.905834,253,1448.537292
1073.258372,250,1448.662798
1034.430164,255,1448.790196
1196.919078,290,1448.934561
1059.896694,259,1449.06334
1086.495179,264,1449.194345
1036.664439,244,1449.316739
1092.982102,265,1449.448245
1103.167771,257,1449.575863
1161.699997,266,1449.708654
1220.497044,291,1449.854637
1159.972108,274,1449.99082
1208.566863,294,1450.137497
1080.209662,263,1450.268284
1096.729185,257,1450.3961
1079.530025,261,1450.526916
1220.430995,289,1450.671149
1212.327866,288,1450.8148
1083.832318,263,1450.948637
1034.602646,244,1451.073509
1201.5151,281,1451.213343
1047.641522,257,1451.34152
1223.380931,284,1451.482886
1015.264591,242,1451.603342
1033.367084,256,1451.731783
1053.414052,258,1451.860403
1043.802202,257,1451.989041
1019.765795,253,1452.116119
1223.533515,290,1452.261749
1070.514382,260,1452.391129
1186.820276,275,1453.386613
1063.112438,275,1453.615883
1125.089844,280,1453.850106
841.071375,234,1454.050899
1177.311765,292,1454.271626
980.764486,237,1454.461287
850.36168,239,1454.663811
1036.599742,264,1455.006124
991.441536,257,1455.151449
1022.250098,262,1455.300713
1059.020389,268,1455.452055
686.893073,212,1455.572346
1072.772043,279,1455.732019
1201.453098,301,1455.903392
1017.150861,262,1456.05448
991.640457,256,1456.201871
1086.306834,273,1456.358987
1014.203098,261,1456.509717
1022.927018,263,1456.659764
1100.520568,287,1456.825466
1084.725493,280,1456.986335
1075.121505,272,1457.141196
1087.751224,283,1457.300501
1027.895674,276,1457.45539
1154.766213,293,1457.620118
1043.589437,266,1457.773022
1073.696667,272,1457.929511
979.89918,254,1458.080077
1036.430333,264,1458.242732
969.558927,252,1458.392761
1092.378349,281,1458.560976
970.844208,253,1458.712103
971.279385,255,1458.858877
929.367565,247,1459.004086
1082.229698,283,1459.172836
1052.79784,280,1459.32624
1022.138212,262,1459.459618
1043.888251,277,1459.597595
1164.266014,296,1459.745555
1030.873382,267,1459.87854
1126.582743,289,1460.023069
1006.449261,252,1460.149196
1022.838383,262,1460.279733
1021.35314,264,1460.411358
978.204297,253,1460.537467
1125.246194,289,1460.682866
995.866843,257,1460.81222
1134.905444,290,1460.969633
1096.935105,273,1461.127027
989.435889,256,1461.274922
1074.006324,276,1461.432017
1024.564091,265,1461.58366
1040.983308,277,1461.745497
1064.029263,282,1461.907426
1200.781698,300,1462.078084
972.945463,253,1462.2222
950.094639,250,1462.363466
579.648546,183,1463.309585
772.986697,220,1463.495194
1040.211411,252,1463.708432
1006.886677,251,1463.919318
864.710298,218,1464.107299
1108.040365,261,1464.320636
1085.213398,274,1464.524915
924.128664,244,1464.70629
1211.832592,296,1464.982588
981.529562,261,1465.113822
1053.356988,260,1465.245277
1134.352597,289,1465.392239
1045.56059,259,1465.539756
1113.875821,269,1465.690989
1110.966493,279,1465.849307
1054.818193,257,1465.996524
1114.447381,278,1466.158283
1012.702767,262,1466.307388
1005.69032,263,1466.45841
1064.686929,257,1466.613279
1082.389644,275,1466.778597
1032.10404,267,1466.93172
1044.598801,258,1467.070563
1057.678443,258,1467.202567
1006.487961,262,1467.337395
1011.220239,261,1467.469365
1077.914051,251,1467.595925
1113.845446,270,1467.732192
1047.176479,268,1467.867786
989.755083,266,1468.002628
1147.979211,290,1468.15064
1090.550197,269,1468.292328
1075.645588,254,1468.421668
1040.059641,268,1468.560273
1062.083688,258,1468.696191
1066.100261,248,1468.828093
1015.568217,261,1468.965695
1163.560284,288,1469.111447
1071.503432,260,1469.2455
1058.859507,257,1469.37569
1083.73745,249,1469.503503
1057.424435,262,1469.636276
1009.322107,261,1469.776573
1085.639142,275,1469.93247
1042.629855,260,1470.083738
1057.226635,245,1470.224967
1063.004522,260,1470.375922
1042.462183,272,1470.533412
1062.539185,262,1470.697854
1043.062288,268,1470.871551
1047.380148,267,1471.039896
1195.643751,294,1471.210299
1059.061756,262,1471.361496
1198.943729,294,1471.529853
1167.154766,289,1471.705525
1056.804862,269,1471.868187
1048.292571,258,1472.016753
1035.827265,258,1472.148768
727.18506,194,1473.064512
995.450228,249,1473.270428
940.356917,232,1473.45108
859.910591,231,1473.625092
1072.44848,276,1473.831314
1123.786534,263,1474.025006
1160.198585,281,1474.234989
858.211754,231,1474.40825
1019.263248,248,1474.612201
1058.570858,261,1474.743018
747.084397,196,1474.840585
896.619053,230,1474.956363
1063.248878,258,1475.085489
872.907028,226,1475.198401
927.086792,234,1475.315571
883.871914,228,1475.429758
1051.143174,259,1475.561226
749.677226,197,1475.659128
1067.003359,256,1475.788661
779.697219,205,1475.893226
1070.30669,258,1476.025436
972.201275,240,1476.147932
1059.233807,261,1476.278888
842.218378,215,1476.386415
1056.807953,259,1476.516393
757.674807,201,1476.616585
1052.692832,261,1476.748421
894.439733,229,1476.862884
971.200186,239,1476.983581
1055.18379,259,1477.113555
763.592712,200,1477.21323
937.077935,231,1477.329632
867.637805,226,1477.442698
756.962718,201,1477.543242
892.360627,229,1477.658086
764.463273,203,1477.759542
817.696492,211,1477.864988
755.985561,199,1477.964587
833.359165,213,1478.070769
808.224716,210,1478.176868
1067.189652,259,1478.306892
1056.32826,261,1478.437666
758.463209,200,1478.538401
1013.259286,247,1478.662179
925.405047,233,1478.778678
755.149227,201,1478.878852
788.418898,206,1478.981638
886.80775,228,1479.098004
765.895822,203,1479.199124
1007.439727,246,1479.32323
723.518765,190,1479.417825
909.793657,231,1479.533905
755.261833,200,1479.633716
1019.722817,249,1479.759272
1074.401335,258,1479.888621
761.983673,202,1479.989355
797.584531,208,1480.093372
748.839077,199,1480.192631
840.728385,224,1481.04298
1154.824623,300,1481.264965
1110.240192,262,1481.458551
1074.332606,262,1481.653286
1119.830779,279,1481.863152
1186.654383,283,1482.080108
1159.290469,288,1482.294516
1042.457939,254,1482.544888
871.49557,228,1482.659534
799.047754,208,1482.764352
800.05272,232,1482.880409
788.786819,216,1482.989213
983.453082,243,1483.110478
880.672236,235,1483.22766
848.481994,219,1483.338056
893.229333,244,1483.459948
993.220129,245,1483.582755
838.988029,214,1483.691991
821.775896,222,1483.805978
769.410516,216,1483.916475
817.668327,222,1484.027791
861.203533,220,1484.138543
786.802086,205,1484.240804
851.447273,225,1484.353495
850.939286,218,1484.462556
796.739768,205,1484.56593
865.010799,221,1484.676525
954.184594,240,1484.796656
801.906077,221,1484.907482
706.319099,187,1485.000942
762.043814,202,1485.102997
849.614698,219,1485.212773
825.08765,212,1485.319793
884.439628,229,1485.434631
746.872327,198,1485.533729
793.012523,207,1485.63731
926.962781,243,1485.75999
932.137072,240,1485.880113
732.427426,193,1485.976769
765.914535,214,1486.083785
782.058179,205,1486.186167
848.926093,225,1486.30201
790.02425,206,1486.405011
868.670018,235,1486.522859
937.900198,240,1486.642966
961.692215,240,1486.763745
753.207352,200,1486.863912
854.081538,226,1486.978071
753.538252,198,1487.076874
746.851009,196,1487.174558
776.70062,217,1487.282906
1008.044199,247,1487.406414
854.371096,223,1487.519193
766.913851,213,1487.625424
908.452652,238,1487.744317
925.669828,244,1487.866208
789.706814,228,1487.980572
702.081438,185,1488.934412
1061.857525,272,1489.159995
1040.441585,253,1489.370471
1111.723922,272,1489.595091
1291.879412,301,1489.844005
1059.67746,257,1490.057087
1019.713961,269,1490.263748
1004.364753,247,1490.600549
1031.079802,251,1490.743336
1104.829558,281,1490.905518
1120.034906,268,1491.061528
1123.199289,268,1491.213982
1131.114876,272,1491.367538
1128.49429,278,1491.524894
1144.700635,277,1491.686568
1126.118319,281,1491.850302
1119.598581,271,1492.005365
1125.999837,269,1492.162307
1135.557583,271,1492.308992
1123.050522,275,1492.450475
1108.039098,264,1492.583825
1148.465338,275,1492.722503
1048.546252,253,1492.85158
1127.275365,271,1492.991277
1120.668716,281,1493.135914
1136.741055,275,1493.276448
1136.228069,272,1493.413486
1136.690988,272,1493.55013
1129.281703,274,1493.689511
1119.009961,283,1493.835445
1094.749453,280,1493.977564
1127.280192,271,1494.115758
1130.85268,271,1494.252202
1120.794573,267,1494.386699
1034.20569,252,1494.513809
1099.836729,281,1494.65657
1094.973082,261,1494.79124
1121.547673,269,1494.930029
1126.582097,269,1495.068521
1126.292786,274,1495.208368
1129.419632,282,1495.350819
1031.537386,251,1495.477082
1102.486248,281,1495.62181
1093.446551,261,1495.760701
1120.779757,268,1495.900861
1133.932313,276,1496.042179
1083.409857,259,1496.174007
1132.99519,275,1496.314426
1142.966087,273,1496.452212
1130.261564,275,1496.590448
1129.852582,275,1496.730972
1135.097052,277,1496.873029
1000.578095,246,1496.997214
1033.645864,252,1497.127039
1133.165493,276,1497.276361
1106.103877,263,1497.437121
1135.099989,273,1497.598107
1009.350561,249,1498.580325
1108.957766,260,1498.77843
1195.977406,288,1499.000106
1170.146999,275,1499.211354
1243.350867,280,1499.421587
1105.958726,276,1499.627993
915.103068,235,1499.809255
946.976797,235,1500.081805
1016.116298,245,1500.206505
763.458093,211,1500.314942
766.562908,210,1500.4215
1162.215186,259,1500.554698
1175.54773,261,1500.68736
1023.131272,246,1500.822158
782.819833,215,1500.9329
953.634384,236,1501.054186
918.965809,231,1501.173253
994.833121,243,1501.300349
1080.629673,263,1501.444386
1323.586768,276,1501.606514
768.674575,211,1501.725669
1001.842582,243,1501.863494
1079.369419,249,1502.009046
1009.556096,244,1502.14904
1027.558408,246,1502.288783
932.903766,233,1502.422221
1188.234791,262,1502.572706
917.0487,231,1502.707219
918.58325,231,1502.841074
1080.102457,252,1502.983747
1283.646683,275,1503.132137
832.773204,213,1503.240112
1014.79114,244,1503.361691
1014.933857,245,1503.487119
1321.280661,276,1503.62716
924.446835,232,1503.756588
771.956496,213,1503.879305
790.409889,215,1504.00669
1107.753816,255,1504.158781
831.284387,213,1504.282176
1296.755605,276,1504.440537
798.223078,214,1504.564287
1006.535333,243,1504.704401
1197.918026,262,1504.854988
1340.22863,277,1505.013345
936.660491,234,1505.147565
1120.412165,264,1505.300385
1031.898709,245,1505.444165
1136.175287,258,1505.59238
925.522023,232,1505.727587
1013.689448,244,1505.866946
849.045389,217,1505.991827
948.23637,235,1506.129485
908.821993,230,1506.259599
979.128615,242,1506.396323
938.999971,234,1506.528293
1086.685389,263,1506.677866
1014.925534,249,1507.709259
1008.517936,251,1507.918695
686.37746,192,1508.077561
1124.049698,267,1508.301309
1098.424967,288,1508.536527
866.561384,229,1508.707831
1054.565808,255,1508.90822
1092.508486,252,1509.130672
1124.478843,281,1509.354239
1194.484195,291,1509.501312
1153.470525,291,1509.6528
1126.149358,281,1509.817164
1065.213009,266,1509.973817
1040.255787,261,1510.110587
1133.010182,277,1510.249097
1212.848998,299,1510.399113
1185.03449,289,1510.545075
1146.663141,289,1510.690832
1117.853633,278,1510.832733
1038.526368,260,1510.96526
1048.853262,262,1511.097071
1162.243134,290,1511.242955
1202.995183,295,1511.392077
1084.687376,268,1511.526865
1144.598889,278,1511.66638
1082.529806,269,1511.807348
1125.842991,281,1511.9549
1138.75755,284,1512.097866
1135.634278,278,1512.238539
1134.846578,281,1512.38097
1044.078456,261,1512.513672
1132.616184,280,1512.657638
1133.472107,287,1512.807155
1140.360297,280,1512.951785
1147.666445,278,1513.094271
1176.434392,294,1513.243165
1206.968784,297,1513.398794
1141.801881,277,1513.543939
1064.778912,266,1513.685301
1264.28124,303,1513.839779
1186.473601,295,1513.991592
1212.889621,296,1514.144446
1144.854226,287,1514.289068
1121.899373,277,1514.428051
1036.473241,260,1514.558468
1425.999641,318,1514.742799
1153.720246,290,1514.911984
1172.585249,292,1515.068564
1046.708334,262,1515.200813
1135.278756,283,1515.344699
1186.359056,295,1515.493969
1052.057906,263,1515.62852
1084.378862,269,1515.763706
1141.964311,281,1515.908307
1040.469785,260,1516.041573
1040.149796,260,1516.175622
1040.844057,260,1516.309515
1066.786125,266,1516.444229
1056.025787,269,1517.458019
1133.252132,266,1517.680568
1202.958786,283,1517.914479
1265.306349,309,1518.171514
1136.790864,290,1518.412858
1038.10915,253,1518.622339
1000.171885,259,1518.836664
1227.009012,290,1519.085948
1072.868211,267,1519.218373
1130.65864,279,1519.35776
1143.413422,275,1519.495734
1102.111278,270,1519.632634
1128.654724,280,1519.775057
1121.095437,273,1519.913715
1255.923351,302,1520.064113
1185.522777,294,1520.210173
1258.860233,299,1520.358699
1178.230391,294,1520.50596
1210.285561,292,1520.652548
1535.780192,331,1520.817417
1149.402802,287,1520.960486
1142.471381,286,1521.104022
1145.630499,286,1521.246755
1174.175769,291,1521.392128
1060.060925,265,1521.527269
1155.146477,278,1521.668809
1051.903805,263,1521.802494
1195.530169,292,1521.948625
1255.484766,302,1522.099194
1223.043535,300,1522.248452
1240.926958,297,1522.397483
1204.295349,295,1522.544356
1177.709724,292,1522.689886
1141.095896,284,1522.831442
1197.025114,293,1522.978369
1513.063901,323,1523.151227
1160.247215,289,1523.297379
1195.233013,285,1523.439474
1171.326367,278,1523.578904
1190.147669,284,1523.740323
1214.777178,297,1523.908734
1072.2925,266,1524.060421
1092.343743,269,1524.214033
1068.75915,265,1524.367871
1164.174738,281,1524.528662
1065.389155,266,1524.682421
1113.927998,272,1524.835016
1505.458635,328,1525.019497
1166.851071,288,1525.181206
1155.452464,288,1525.344713
1159.187184,279,1525.502269
1069.445408,266,1525.653235
1134.021088,275,1525.808262
1137.230151,277,1525.965061
1146.42292,283,1526.122653
1113.827521,271,1526.265085
1135.336608,285,1526.410877
1015.119096,250,1527.344547
913.583016,220,1527.507679
1005.335296,260,1527.701004
913.476494,236,1527.875381
875.988886,237,1528.05248
1015.430467,248,1528.243448
1091.90145,282,1528.459662
868.725685,239,1528.646546
996.01001,257,1528.842761
1021.828922,261,1528.975068
1033.664802,264,1529.107262
1065.334259,271,1529.242564
1067.809086,282,1529.383709
1153.664543,290,1529.529207
1035.606345,265,1529.662423
1064.818644,270,1529.798991
1126.013631,285,1529.96605
1117.936806,283,1530.108648
1249.61971,301,1530.260078
1098.863193,281,1530.403994
1094.467145,275,1530.541463
1118.35735,285,1530.683836
1035.352942,265,1530.817014
1109.232317,281,1530.96077
1010.892161,259,1531.090073
1160.436687,292,1531.236017
1147.126176,289,1531.380464
1098.734403,278,1531.519822
1108.76273,279,1531.658924
1036.934358,265,1531.804408
1097.459089,286,1531.975521
1046.566825,267,1532.132844
1013.794891,260,1532.285542
1121.368697,282,1532.449914
1101.332426,281,1532.610839
1125.238598,286,1532.773694
1097.686675,288,1532.940979
1022.480231,262,1533.093324
1021.132752,261,1533.246018
1045.069369,266,1533.402796
1170.74927,289,1533.568367
1103.306429,275,1533.717068
1066.577572,283,1533.859538
1043.796458,266,1533.993073
1070.572012,281,1534.135283
1161.087811,291,1534.285275
1106.159402,281,1534.427142
1088.679097,286,1534.575778
1056.125033,269,1534.716826
1013.930206,260,1534.849075
1045.246492,266,1534.985358
1113.783302,286,1535.132521
1138.290514,290,1535.2816
1105.913646,276,1535.423099
1172.991067,289,1535.569293
1370.291155,314,1535.728504
1113.024383,278,1535.868417
1246.040052,302,1536.020569
587.513174,185,1536.87731
888.736102,238,1537.077755
1022.98532,268,1537.302301
897.74561,225,1537.489714
846.031612,221,1537.675742
979.818421,248,1537.886341
966.012013,240,1538.0871
1406.1873,312,1538.3482
1455.756196,319,1538.635118
1134.009765,283,1538.794399
1160.732859,287,1538.956094
1223.576193,287,1539.119366
1105.821069,277,1539.269418
1059.312766,261,1539.406122
1161.806447,278,1539.544713
1046.243921,258,1539.674499
1189.539848,283,1539.837017
1332.264989,300,1540.010111
1127.652274,273,1540.166815
1164.17298,287,1540.337738
1055.218333,260,1540.487563
1178.047167,290,1540.657575
1082.976686,265,1540.807679
1065.130521,263,1540.955472
1171.419928,286,1541.116735
1179.94865,280,1541.275637
1162.68586,278,1541.435185
1515.86169,318,1541.6179
1113.62435,269,1541.778177
1164.459165,284,1541.945102
1157.009603,282,1542.104452
1069.853347,263,1542.253404
1385.553842,308,1542.429125
1157.815128,279,1542.587775
1064.060466,262,1542.73651
1164.172217,285,1542.900486
1298.675206,303,1543.074724
1243.01365,296,1543.244873
1176.374459,289,1543.412588
1171.131584,287,1543.577746
1137.897648,272,1543.73166
1393.802552,311,1543.909067
1100.678076,267,1544.063893
1162.001057,284,1544.227612
1166.659481,288,1544.395119
1063.606148,263,1544.549876
1054.140277,260,1544.718684
1053.683749,260,1544.885186
1163.435849,282,1545.051395
1152.134312,277,1545.212055
1083.596477,265,1545.36161
1131.515473,281,1545.520027
1159.216131,279,1545.699305
1170.177948,284,1545.870801
1542.934867,327,1546.04091
1209.015919,293,1546.207559
1172.077476,286,1546.37138
1187.312413,291,1546.53734
1150.130285,273,1547.621937
878.034197,224,1547.841645
865.339416,220,1548.055701
1025.621412,265,1548.279597
1046.049599,249,1548.48671
1121.228074,275,1548.720419
1058.69011,270,1548.978916
1012.685046,244,1549.362581
1152.787898,250,1549.488011
938.893541,229,1549.602624
977.967984,233,1549.71906
1145.085698,249,1549.846725
986.590267,234,1549.963799
1103.421648,244,1550.086106
1122.937144,246,1550.209094
958.01875,232,1550.328045
919.613494,226,1550.441928
1165.527451,253,1550.569284
1112.255553,245,1550.692436
1113.020112,245,1550.815599
1090.52566,249,1550.941205
995.838414,238,1551.062577
1208.407171,260,1551.195704
1157.07796,255,1551.325542
992.446378,234,1551.445107
1064.296981,249,1551.572538
1140.857223,248,1551.700156
1030.953554,237,1551.822575
1014.286137,243,1551.946578
1143.244746,249,1552.073884
1133.637885,248,1552.200331
1122.221885,252,1552.329798
1132.194921,252,1552.457643
1140.624504,249,1552.58281
959.382771,231,1552.698812
1143.291058,249,1552.826023
1158.031517,252,1552.955419
1134.299539,248,1553.0798
1192.107142,258,1553.211751
1087.321982,249,1553.339424
995.508922,242,1553.46365
916.24064,226,1553.576766
938.717171,229,1553.69144
924.209608,227,1553.804988
1000.747274,235,1553.922435
965.078043,232,1554.039284
1142.300294,249,1554.165304
910.183996,225,1554.277734
924.440682,227,1554.391241
924.393989,227,1554.504942
1134.944739,248,1554.628391
1150.114618,250,1554.754957
1135.171496,248,1554.879596
1207.712339,260,1555.014359
1108.096304,245,1555.139923
1043.468174,247,1555.265226
1173.012775,254,1555.392905
1007.063505,231,1556.246687
896.956226,243,1556.42915
1037.129679,259,1556.623888
738.205206,203,1556.779325
1035.129354,256,1556.987864
935.090353,241,1557.174004
1022.469295,266,1557.375254
1002.073993,251,1557.562268
1027.751238,256,1557.776408
1032.355073,271,1557.914554
1046.669005,261,1558.045301
1056.551406,271,1558.181523
1012.741592,258,1558.310991
1028.024939,256,1558.439713
1044.473835,260,1558.572782
1040.869326,259,1558.703261
1041.28566,268,1558.838324
981.238407,270,1558.973778
1018.810008,257,1559.103698
1049.818528,271,1559.23961
1069.247147,273,1559.37656
1032.878605,262,1559.509506
1036.872122,265,1559.643674
1032.461338,255,1559.775949
981.755685,267,1559.927408
1031.663987,261,1560.067845
1023.643222,257,1560.19985
1014.41501,264,1560.341261
1044.115109,258,1560.480727
1026.382701,254,1560.614435
1017.038783,265,1560.750561
1016.53584,265,1560.887057
1041.819253,268,1561.028986
1035.061428,257,1561.158906
1012.829559,256,1561.290719
988.464635,268,1561.425442
988.370171,257,1561.556258
990.938816,259,1561.689409
1007.855226,261,1561.822775
1022.257907,264,1561.957799
1036.862698,257,1562.10292
984.84267,270,1562.254283
992.231321,266,1562.38944
1021.344829,259,1562.524315
1004.483639,263,1562.664978
1017.3056,257,1562.814995
994.546282,263,1562.967098
1016.661614,258,1563.116224
1043.048253,267,1563.273158
1017.554869,258,1563.422952
1029.973496,259,1563.572474
995.07864,264,1563.727664
1017.865948,258,1563.87605
1024.162287,259,1564.024775
1035.584448,258,1564.171138
1018.085128,256,1564.317082
1035.485043,255,1564.461865
993.580542,264,1564.610343
1014.651487,268,1565.54605
1060.227153,280,1565.758467
1295.27875,279,1565.971236
846.249372,230,1566.146171
1024.76964,260,1566.338331
1095.284989,269,1566.536336
1148.141975,282,1566.745082
997.126945,247,1567.013756
1139.528626,279,1567.152658
1076.437218,259,1567.28235
1094.826827,262,1567.413712
1068.372104,258,1567.542223
1102.508702,264,1567.673484
1007.034661,248,1567.796967
1129.947161,272,1567.933185
1131.448713,280,1568.072674
1132.904534,271,1568.207757
1121.189995,268,1568.341134
1136.880062,276,1568.479423
1001.665644,248,1568.604272
958.433623,242,1568.7278
987.14574,246,1568.853572
943.1048,241,1568.976665
1178.59442,282,1569.120737
1127.241368,271,1569.255669
1037.437417,254,1569.382478
1146.722865,279,1569.521456
1069.829647,258,1569.650688
1141.348535,277,1569.789666
1116.361545,266,1569.921803
1083.762573,260,1570.051569
970.093388,244,1570.180202
1129.067398,272,1570.324267
1139.103898,272,1570.467505
1082.950112,261,1570.604978
1146.183667,281,1570.756113
1139.879738,281,1570.907293
1176.738322,286,1571.05053
982.260595,246,1571.173146
1228.227388,288,1571.316474
1075.49304,258,1571.444796
1135.999971,280,1571.584939
975.688465,244,1571.706317
1133.980672,273,1571.842663
1140.396196,280,1571.990192
1027.301338,251,1572.121725
1150.449386,273,1572.258196
1151.318478,282,1572.398274
1131.497434,279,1572.536973
986.573959,245,1572.659205
1072.865397,259,1572.789958
996.826751,247,1572.913425
986.961638,246,1573.035887
1134.920546,272,1573.174757
1330.313369,299,1573.333247
1126.358073,270,1573.470381
1029.319396,252,1573.59613
1083.30248,258,1574.539355
1055.974873,257,1574.74843
1114.762573,279,1574.96027
1077.474971,270,1575.162513
1188.737395,257,1575.358904
924.8201,245,1575.546263
1025.616739,240,1575.729048
888.871458,233,1575.902037
1169.602572,284,1576.063379
1150.828357,282,1576.204528
1425.699132,304,1576.357696
1298.27767,290,1576.502568
1630.874901,330,1576.670698
1807.065137,357,1576.877858
1100.726583,281,1577.040967
1298.924051,296,1577.210763
1017.120268,274,1577.371551
1228.762828,287,1577.540355
1805.264609,354,1577.741598
1105.267519,279,1577.899788
1466.700856,314,1578.079288
1332.549411,293,1578.247393
1029.583358,275,1578.403017
1627.732161,329,1578.589801
1627.410251,330,1578.779108
1017.349449,273,1578.933899
1078.322119,278,1579.091381
1496.999246,317,1579.27189
1190.279126,286,1579.434641
1170.461897,283,1579.594553
1577.348403,325,1579.777886
1156.017361,283,1579.938076
1310.742277,293,1580.103362
1209.026265,289,1580.266651
1046.302807,276,1580.412705
1522.621166,315,1580.571438
1603.790544,328,1580.73513
1166.095787,283,1580.876587
1252.61816,290,1581.02143
1798.372802,357,1581.200538
1154.726158,276,1581.33824
1204.756188,284,1581.481257
1191.568056,282,1581.621896
1132.080657,282,1581.764307
1330.343557,295,1581.912382
1927.105239,377,1582.100653
1842.873576,369,1582.285041
1235.930662,292,1582.43131
1289.2899,288,1582.575128
1129.37662,281,1582.715388
1186.923557,282,1582.856774
1327.861378,294,1583.005703
1977.580136,383,1583.201386
1328.88988,294,1583.351777
1234.292581,288,1583.499609
1638.042195,330,1583.664415
1314.715928,292,1583.810179
1101.107618,280,1583.949782
1184.954857,292,1584.844654
872.426367,226,1585.011154
936.217754,230,1585.203945
994.776466,245,1585.410221
1064.673496,262,1585.635364
833.679586,219,1585.825341
1092.394095,261,1586.046205
1055.471934,268,1586.271296
900.677809,244,1586.461207
954.030752,251,1586.60463
922.687953,247,1586.745208
983.77879,254,1586.890441
1021.315416,261,1587.0376
958.915114,250,1587.179684
961.262904,252,1587.321928
1060.984875,267,1587.472218
1047.797527,265,1587.62165
1105.459922,278,1587.778975
976.799356,254,1587.921311
1109.545079,274,1588.075063
1008.196044,257,1588.225088
1003.666753,259,1588.37535
1022.424173,261,1588.52433
1014.064262,259,1588.672303
1112.783931,283,1588.833581
999.613337,256,1588.980344
900.666879,243,1589.118084
1116.921397,283,1589.277253
834.729483,234,1589.408554
990.965242,257,1589.553721
1117.925244,284,1589.713473
1109.24058,276,1589.870093
865.42165,238,1590.007089
905.635301,243,1590.146367
1112.046036,274,1590.30054
1122.484471,285,1590.460865
997.537143,257,1590.605175
818.979955,233,1590.731884
1114.888173,281,1590.8745
1113.065867,281,1591.014852
878.841982,240,1591.134502
996.218277,257,1591.262793
952.436703,251,1591.388774
906.781014,244,1591.510353
942.420931,249,1591.635481
962.270631,252,1591.765848
1042.736132,263,1591.916987
1046.90591,264,1592.07843
1124.765281,287,1592.242826
899.628533,243,1592.380789
1113.800137,280,1592.541012
1115.732358,277,1592.701231
1040.947856,263,1592.852464
1053.618085,265,1593.004473
795.600208,230,1593.138007
935.842615,247,1593.279587
997.086332,258,1593.426712
969.127746,253,1593.570685
1082.395414,295,1594.639329
1108.323096,266,1594.862884
1112.073879,280,1595.095399
1101.53501,269,1595.30512
1006.181708,248,1595.490678
1063.584973,253,1595.678434
1120.330034,264,1595.876167
988.303724,264,1596.149144
1040.634996,274,1596.286632
1047.532297,276,1596.426049
1050.418733,276,1596.564363
1397.827825,334,1596.733734
1047.968475,274,1596.870887
1230.072903,309,1597.026851
1037.48406,272,1597.162747
1372.0034,331,1597.329523
1047.915197,276,1597.470711
1054.547949,278,1597.61317
1044.880928,276,1597.751847
1102.724649,292,1597.898846
1056.210687,282,1598.041825
1111.889558,291,1598.190122
1039.48776,272,1598.327087
1391.827379,332,1598.494889
1425.137116,333,1598.663018
1358.224641,329,1598.830578
1544.738844,349,1599.007248
1518.791601,341,1599.182359
1245.014943,314,1599.340993
1073.846151,287,1599.486648
1081.153304,291,1599.633726
1762.220477,366,1599.81859
1053.567355,279,1599.959117
1059.13096,279,1600.101003
1054.854304,281,1600.242566
1324.611212,320,1600.404972
1098.746985,290,1600.551067
1094.2724,289,1600.698361
1053.42723,282,1600.844186
1109.70273,290,1600.993477
1113.451804,292,1601.143878
1032.367966,285,1601.288737
1052.221062,281,1601.429816
1522.239405,341,1601.602243
1056.944434,282,1601.744983
1354.948552,323,1601.908092
1123.477786,295,1602.057244
1401.861751,335,1602.225988
1225.73974,310,1602.383558
1377.774821,327,1602.551699
1061.825119,292,1602.699012
1047.800744,277,1602.838783
1062.026236,284,1602.982493
1150.625854,300,1603.149912
1054.108255,281,1603.309558
1599.562439,347,1603.508198
1050.043111,275,1603.665938
1097.621394,291,1604.683244
1150.350301,294,1604.917718
932.148902,233,1605.091843
1051.608353,273,1605.301569
1152.068663,289,1605.520175
797.092897,214,1605.67923
1111.871287,264,1605.87526
1041.827353,257,1606.160085
1072.05196,270,1606.296126
1278.307314,293,1606.444443
1052.307556,258,1606.576108
1058.873117,256,1606.704905
1275.337125,296,1606.853864
1275.945976,296,1607.006177
1065.97378,272,1607.14469
1055.899866,259,1607.276223
1211.955642,288,1607.421055
1236.068047,296,1607.569858
1069.417686,258,1607.699751
1042.206268,268,1607.835998
1278.290597,298,1607.985953
803.741361,231,1608.102871
1087.785041,269,1608.238739
1276.459227,296,1608.388588
1056.998041,276,1608.527974
1062.43813,260,1608.661775
1058.825804,261,1608.796762
1191.1609,284,1608.942843
1058.95282,258,1609.074614
1081.571585,274,1609.212497
857.228108,245,1609.336296
1056.31721,256,1609.467221
1074.882336,269,1609.602653
1240.233302,293,1609.749848
821.933158,236,1609.869369
1059.985876,256,1609.999331
1075.896677,260,1610.130524
1165.527992,284,1610.273541
1026.422857,271,1610.410039
1069.561665,258,1610.541559
1059.25331,261,1610.674184
1058.255049,256,1610.803497
1061.490164,257,1610.936654
1092.348339,271,1611.07287
981.371041,250,1611.198583
794.807356,232,1611.315135
1258.431476,297,1611.465818
1064.285696,259,1611.596059
1267.236488,297,1611.746328
1062.478109,257,1611.875442
1153.814532,281,1612.017656
1270.770441,296,1612.165569
1251.596152,294,1612.312822
1201.147893,285,1612.455806
1057.4196,257,1612.584834
1063.01325,258,1612.715579
969.200021,251,1612.841975
1190.867395,289,1613.742195
976.265228,244,1613.924067
1060.653039,291,1614.13973
1027.358457,255,1614.329065
984.082753,268,1614.529384
1144.797555,276,1614.734971
1061.61742,287,1614.955207
1189.089198,292,1615.216428
1134.540043,280,1615.35657
1152.455925,276,1615.494626
1150.287615,282,1615.637155
1146.995788,282,1615.778149
1133.023678,288,1615.922679
1150.674255,287,1616.066209
1146.908998,287,1616.210771
1129.869455,287,1616.354795
1148.049123,282,1616.496831
1149.479194,287,1616.644291
1155.743713,288,1616.79267
1139.063094,285,1616.936298
1181.017905,291,1617.082346
1130.09525,287,1617.226899
1131.702605,275,1617.364737
1132.570972,284,1617.508107
1149.512442,287,1617.652185
1114.891918,267,1617.786128
1157.830852,290,1617.932554
1174.010327,287,1618.077827
1150.796374,284,1618.219803
1158.009154,286,1618.365548
1146.169846,278,1618.508116
1137.595167,279,1618.650753
1152.791455,286,1618.794311
1184.147597,291,1618.940592
1179.726649,291,1619.086672
1161.723252,290,1619.23418
1184.983586,292,1619.382693
1148.542765,287,1619.52774
1164.107193,285,1619.671884
1148.526032,289,1619.819426
1164.61358,285,1619.962744
1142.864154,280,1620.103721
1129.99474,284,1620.250362
1178.424065,292,1620.401823
1137.467945,287,1620.547604
1131.179499,287,1620.692922
1153.675797,283,1620.83489
1142.607389,285,1620.978176
1143.673428,275,1621.117236
1131.056387,284,1621.260485
1143.858446,286,1621.404548
1135.671806,272,1621.541287
1140.298179,288,1621.688547
1135.014795,285,1621.832464
1142.784601,276,1621.973131
1143.138582,282,1622.118411
1177.067033,291,1622.268454
935.236441,237,1623.223499
1064.16576,258,1623.439408
1094.56422,294,1623.683149
1051.767329,257,1623.895618
1064.357112,246,1624.100955
1048.932611,268,1624.323097
1246.911048,287,1624.564772
1800.216384,367,1624.959674
1185.879808,279,1625.119431
1671.878329,342,1625.316751
1523.552395,322,1625.501413
1181.800408,281,1625.662936
1182.619662,282,1625.825067
1358.683014,307,1626.000774
1152.703648,282,1626.163702
1522.636568,320,1626.350595
1185.332317,282,1626.509443
1705.502707,348,1626.706205
1307.802043,302,1626.878107
1677.763008,343,1627.080665
1647.178324,338,1627.281587
1206.345019,283,1627.450037
1193.340503,284,1627.619983
1658.050197,339,1627.822204
1582.660224,328,1628.020682
1189.056782,283,1628.189834
1531.868188,325,1628.372841
1162.711058,284,1628.523038
1179.229685,279,1628.670866
1345.878049,302,1628.825808
1143.735297,281,1628.967097
1731.315041,354,1629.143429
1206.782662,282,1629.284246
1176.816317,277,1629.423162
1179.826021,277,1629.561306
1191.212772,281,1629.70143
1243.977985,296,1629.849018
1809.911607,351,1630.025103
1360.784592,307,1630.17837
1201.56291,282,1630.318772
1180.875999,278,1630.456989
1698.866521,346,1630.630039
1452.092761,316,1630.788038
1322.96632,299,1630.937367
1158.359364,284,1631.079239
1696.262286,345,1631.254376
1193.06564,280,1631.393678
1248.326169,289,1631.537904
1657.098863,336,1631.70514
1157.347549,284,1631.847969
1182.788926,279,1631.987055
1265.038011,291,1632.13236
1200.533335,279,1632.271328
1183.146544,279,1632.411771
1400.081249,310,1632.566703
1485.14522,319,1632.726628
1196.371394,279,1632.868502
1692.228425,344,1633.829234
850.156946,232,1634.000218
859.068661,237,1634.175161
989.279414,248,1634.359721
1080.219484,257,1634.549274
1008.596488,265,1634.74472
1025.452364,253,1634.93275
1080.325311,263,1635.232088
1083.226788,263,1635.363189
1154.379581,281,1635.504223
1145.19478,274,1635.640486
1109.490299,267,1635.773546
1013.988826,253,1635.899505
1163.497146,286,1636.042743
1085.592385,264,1636.174177
1000.462772,251,1636.299981
1150.377559,283,1636.44441
1035.446605,256,1636.576162
915.739255,239,1636.697395
1156.230325,281,1636.845134
1002.628181,252,1636.978248
995.212839,251,1637.110648
1055.91912,259,1637.248511
1160.73831,282,1637.397181
949.192945,245,1637.526595
960.042577,246,1637.656348
1167.647283,292,1637.811307
1150.11027,276,1637.957008
990.818388,251,1638.089332
1123.960842,270,1638.234453
1152.248405,279,1638.384235
1034.777774,256,1638.514386
979.371779,249,1638.638785
1143.743005,279,1638.777291
990.061435,250,1638.902105
1101.736919,267,1639.036487
1151.888052,280,1639.176454
1159.875729,286,1639.318823
1159.56484,280,1639.458236
1161.169273,279,1639.597215
1056.35894,259,1639.72708
1102.915326,266,1639.85965
1161.61912,283,1640.000731
1151.771221,279,1640.139588
960.221974,246,1640.263036
1057.200398,259,1640.392139
1095.061652,265,1640.524122
938.500728,243,1640.645036
1168.726612,285,1640.787208
1160.947375,282,1640.931344
1158.340918,284,1641.075819
1141.784346,277,1641.216388
1172.923713,288,1641.366709
1162.7256,284,1641.511656
1175.0674,289,1641.655607
1154.493909,280,1641.795443
1174.770821,290,1641.939977
939.099543,246,1642.854722
1033.914601,254,1643.042171
1069.986865,263,1643.250897
1101.111078,265,1643.472283
1049.609083,260,1643.694688
1000.927486,275,1643.92861
1059.967285,262,1644.147017
1117.083046,286,1644.509498
1048.551882,262,1644.65802
1106.247044,282,1644.817577
1102.493169,285,1644.977946
971.854937,248,1645.109767
908.794967,243,1645.231736
1050.433194,263,1645.363522
1108.495182,279,1645.503371
1113.476583,289,1645.649127
1087.316305,258,1645.778857
956.672569,250,1645.904286
1066.737319,256,1646.032757
962.767644,250,1646.158134
985.349339,253,1646.286188
1104.56518,272,1646.4229
1057.641174,264,1646.570234
1095.295104,279,1646.731648
1105.597934,272,1646.888675
1072.497686,256,1647.033279
1087.159455,268,1647.184891
1068.458564,257,1647.330569
1018.418704,258,1647.477357
1097.146276,271,1647.630862
1138.40478,292,1647.79609
1100.446981,279,1647.953844
910.442916,243,1648.091909
1069.54256,257,1648.237476
1087.434023,278,1648.393905
1077.716516,269,1648.536597
1095.120125,276,1648.681167
1103.327242,284,1648.823901
963.215422,248,1648.948323
943.604582,248,1649.072789
1087.237557,268,1649.216127
1063.176378,256,1649.347809
1087.723589,270,1649.48348
1061.667594,266,1649.616497
1004.52071,256,1649.744562
1097.677176,276,1649.887297
1100.632317,283,1650.028793
961.277902,250,1650.156615
1112.452327,281,1650.30223
934.324469,246,1650.427602
1120.64917,290,1650.573118
944.761501,246,1650.700751
998.03064,255,1650.830827
1121.195617,289,1650.978051
1106.789791,285,1651.121401
1036.262796,254,1651.248092
964.018075,251,1651.372914
913.817223,250,1652.249595
1105.773403,262,1652.450613
1199.870709,284,1652.688268
1419.843839,282,1652.928588
1162.593185,282,1653.166705
974.119739,249,1653.38097
1018.743213,257,1653.602691
1073.327215,282,1653.930825
1207.980402,295,1654.098798
1075.456837,283,1654.256186
1187.051767,294,1654.407093
1138.893918,275,1654.546134
1114.039809,288,1654.691702
1066.062857,284,1654.837413
1169.923576,291,1654.988729
1156.007906,279,1655.136604
1111.601767,271,1655.297979
1125.479475,288,1655.464647
1176.07085,291,1655.622516
1131.522181,276,1655.765226
1116.602719,273,1655.905856
1074.581603,281,1656.051485
1135.46088,279,1656.200411
1200.193109,294,1656.374846
1085.235727,267,1656.544344
1068.23696,284,1656.70919
1063.926676,280,1656.874234
1157.145362,282,1657.035974
1052.502956,261,1657.185341
1222.662193,297,1657.35571
1073.063556,284,1657.517107
1141.89246,277,1657.673533
1067.091543,284,1657.833729
1207.048676,295,1657.997918
1258.756936,301,1658.152739
1131.188679,281,1658.292687
1089.457296,285,1658.434709
1092.911621,284,1658.576207
1158.950083,288,1658.72144
1089.435371,285,1658.863929
1152.214438,279,1659.00315
1054.423485,264,1659.134705
1062.188963,281,1659.276119
1022.542509,256,1659.403645
1177.105131,294,1659.55036
1090.060895,284,1659.692197
1092.778828,269,1659.827867
1144.228523,279,1659.967943
1097.352287,270,1660.102645
1065.739182,284,1660.244562
1069.295593,284,1660.387352
1074.120506,285,1660.529938
1215.294474,296,1660.677646
1151.09428,285,1660.819696
1196.127488,294,1660.966403
1231.279946,295,1661.114747
1132.242221,284,1661.257348
1083.379126,283,1662.14762
1268.992935,280,1662.355049
950.082247,237,1662.532832
1134.854808,266,1662.736512
977.083497,245,1662.930799
837.134991,227,1663.110196
1039.407419,245,1663.30261
1019.811766,251,1663.500772
1163.262412,265,1663.661797
1061.183874,251,1663.796411
843.208571,226,1663.918133
1070.593406,252,1664.052951
1175.214229,267,1664.192712
1013.019023,246,1664.321869
917.448091,233,1664.444486
1222.176138,277,1664.590775
916.330335,234,1664.713947
1167.266457,266,1664.853162
1011.286534,245,1664.983568
1199.556453,271,1665.127608
1208.000332,272,1665.272346
977.830406,242,1665.397284
875.62966,229,1665.514405
884.219639,231,1665.633838
1211.8471,272,1665.781121
1074.558513,253,1665.916325
1103.248815,257,1666.049448
903.546337,232,1666.170751
959.359987,239,1666.296957
1064.235389,252,1666.429647
1053.948959,251,1666.565671
1166.418074,266,1666.706904
884.000709,231,1666.82856
1084.721017,254,1666.963278
1164.688879,266,1667.104575
978.413725,242,1667.230618
962.118507,241,1667.352954
1223.530123,275,1667.495983
907.114737,232,1667.616496
1142.91903,261,1667.748984
853.692609,227,1667.861362
934.357578,236,1667.98316
1054.230762,251,1668.108124
1092.965368,255,1668.23636
1117.546066,259,1668.365483
1029.833367,248,1668.491769
960.755697,240,1668.612936
855.178152,227,1668.725361
965.745173,240,1668.84641
1091.601506,255,1668.973665
1136.465007,261,1669.105713
1209.659244,272,1669.239793
1115.271367,258,1669.367048
872.060078,229,1669.482313
1044.572549,250,1669.608091
829.817702,224,1669.721262
1145.761137,263,1669.85469
1033.050813,248,1669.980139
1225.626826,267,1670.865465
1117.345941,294,1671.083257
1009.105855,253,1671.273125
1131.357131,266,1671.470193
1149.580302,271,1671.669783
1020.227634,250,1671.856815
1237.505797,272,1672.060296
1258.251316,280,1672.341736
1253.045122,286,1672.485954
1253.370142,285,1672.627679
1235.3828,279,1672.766161
1261.010807,288,1672.909905
1113.857746,258,1673.039249
1257.238603,285,1673.186692
1235.5677,278,1673.327396
1268.626961,291,1673.473017
1210.289542,274,1673.612116
1136.94461,262,1673.742281
1281.412131,291,1673.887059
1251.779774,286,1674.029254
1206.428435,287,1674.172943
1510.551305,311,1674.329966
1262.32624,290,1674.47576
1145.834461,264,1674.607763
1246.064972,280,1674.75038
1132.284947,260,1674.883366
1266.815973,291,1675.027333
1213.123841,274,1675.163144
1189.236269,271,1675.297843
1233.93746,286,1675.440299
1108.776184,281,1675.580921
1120.475219,258,1675.710228
1241.641723,280,1675.849392
1213.976847,272,1675.984481
1255.159548,284,1676.126893
1255.959985,286,1676.269343
1246.697913,284,1676.411269
1257.030585,282,1676.55471
1171.486147,267,1676.690965
1266.353091,292,1676.83709
1191.431812,271,1676.975137
1261.269798,287,1677.11799
1254.933058,282,1677.257715
1256.203499,286,1677.400519
1246.716496,285,1677.542205
1154.743897,283,1677.683602
1188.046228,285,1677.825073
1254.853266,285,1677.967397
1245.607089,281,1678.10756
1133.81671,261,1678.237262
1153.111149,266,1678.369451
1255.924235,285,1678.512689
1259.720991,288,1678.655788
1268.507395,289,1678.799678
1254.958839,291,1678.944177
1192.892487,269,1679.078666
1143.110375,283,1679.219398
1148.966548,287,1680.113657
1055.196769,271,1680.315169
1118.977113,276,1680.525424
979.476531,248,1680.708928
1110.5031,271,1680.910673
1209.705594,293,1681.12672
1028.792613,267,1681.323437
1113.549342,282,1681.577504
1103.820624,280,1681.71849
1128.374451,271,1681.854085
1194.064548,289,1682.002831
1136.33209,278,1682.142973
1103.817034,283,1682.284953
1133.963636,271,1682.420165
1055.349298,277,1682.558808
1192.072696,289,1682.704648
1140.51963,280,1682.845238
1129.492181,285,1682.988661
1131.189758,288,1683.133018
1069.787886,279,1683.273405
1132.31107,276,1683.413342
1136.757439,279,1683.555307
1043.121968,257,1683.686444
1110.542547,285,1683.832077
1141.898586,286,1683.976411
1164.550297,285,1684.119619
1048.380048,276,1684.257711
1125.75269,285,1684.400344
1142.930671,284,1684.543504
1088.372233,280,1684.683321
1051.589576,277,1684.821844
1120.944174,281,1684.962325
1142.363685,278,1685.102107
1121.468722,282,1685.242985
1074.118284,278,1685.383274
1139.741856,272,1685.521932
1118.412043,287,1685.668504
1135.041236,283,1685.811054
1116.708731,285,1685.953664
1133.432149,272,1686.08965
1074.65396,279,1686.229035
1118.627463,283,1686.377059
1097.073907,278,1686.523889
1101.765176,280,1686.671749
1119.033629,268,1686.813488
1085.656093,279,1686.96153
1125.173507,285,1687.112018
1129.848017,277,1687.257936
1154.279945,284,1687.407647
1149.479429,285,1687.55715
1145.973221,282,1687.706173
1081.010776,279,1687.853644
1123.608548,279,1688.000809
1066.037397,277,1688.147781
1141.637195,284,1688.297368
1063.35844,279,1688.444268
1078.253713,281,1688.585592
1380.783954,306,1689.522842
1179.428521,276,1689.738856
1189.678696,267,1689.943996
887.402702,239,1690.119815
1068.1423,264,1690.314119
1024.459773,251,1690.499985
1046.460848,257,1690.691029
1181.36833,297,1691.004049
1173.702558,289,1691.151307
1253.861942,310,1691.305836
1165.327132,288,1691.454145
1165.036723,287,1691.605745
1135.990378,289,1691.755094
1179.081497,291,1691.900536
1117.906672,281,1692.040929
1143.7306,280,1692.185723
1147.70681,291,1692.333089
1142.892881,288,1692.476979
1154.221602,287,1692.620578
1132.491611,286,1692.769206
1174.931963,295,1692.925785
1140.105112,278,1693.074242
1165.151092,291,1693.227437
1135.299727,289,1693.383099
1139.110471,273,1693.527719
1128.141336,271,1693.667623
1147.112616,281,1693.815825
1155.195213,297,1693.969175
1180.470747,290,1694.117365
1144.417987,288,1694.263874
1160.791789,286,1694.407388
1165.582244,296,1694.557796
1152.95057,290,1694.705487
1139.511287,280,1694.856896
1148.242702,290,1695.01093
1141.940064,287,1695.155264
1160.383321,287,1695.307219
1172.285481,288,1695.462035
1144.400698,273,1695.608831
1147.863439,278,1695.759171
1153.770072,284,1695.910246
1149.83905,287,1696.065121
1141.734368,276,1696.208474
1153.192832,284,1696.361122
1136.560203,288,1696.505847
1136.813105,272,1696.643007
1160.235599,286,1696.796095
1171.606196,296,1696.952709
1174.99064,288,1697.097251
1128.34048,288,1697.242678
1168.064566,289,1697.389734
1158.28997,288,1697.536407
1145.191156,275,1697.676655
1145.038701,280,1697.819486
1140.960217,281,1697.961955
1142.868561,293,1698.108073
1193.409387,296,1698.2652
1081.904346,283,1699.177825
1173.38659,294,1699.40014
1152.205352,288,1699.6135
1169.1575,287,1699.826371
1036.766061,256,1700.018779
1111.212029,286,1700.232738
971.618997,243,1700.415645
1220.007605,264,1700.640903
1143.183778,255,1700.768201
1018.318984,240,1700.888858
1015.261016,241,1701.01063
1041.79756,242,1701.131446
996.499745,238,1701.250156
1189.941941,258,1701.378256
1186.971153,260,1701.507409
1186.734286,257,1701.644358
1376.295529,277,1701.806468
1177.027435,259,1701.955908
1176.590476,259,1702.098278
1073.225129,260,1702.250654
1179.034967,258,1702.399591
988.081002,237,1702.518223
1188.869784,258,1702.646579
1300.664819,272,1702.80005
1144.313399,252,1702.928279
1178.070563,259,1703.071153
1137.005195,255,1703.219561
998.296957,240,1703.358279
1032.382674,241,1703.481153
1203.308864,258,1703.609518
1164.280112,267,1703.742627
1052.734096,248,1703.866524
998.951961,238,1703.986544
1196.711979,259,1704.115733
997.803608,240,1704.235534
1188.437037,261,1704.373222
1092.953202,249,1704.519026
1193.033028,258,1704.670001
1234.88531,265,1704.811275
1185.306175,268,1704.948223
1202.179189,263,1705.082665
1178.773314,257,1705.212793
1196.089877,262,1705.343697
1095.72208,264,1705.475387
1130.223567,266,1705.608243
1011.976346,243,1705.731019
1179.025831,258,1705.859869
1187.124332,261,1705.990247
1179.546999,260,1706.120243
1017.443985,240,1706.24023
984.632753,237,1706.359777
1129.33535,251,1706.492797
1173.456209,259,1706.645521
1209.217551,263,1706.805131
1182.624369,258,1706.956742
1186.240687,257,1707.087482
1190.646694,258,1707.216329
1017.543839,250,1708.160637
1087.705603,288,1708.377874
609.119787,185,1708.51418
1060.701354,259,1708.711205
1112.479046,270,1708.914696
1024.144216,266,1709.114778
1058.177863,249,1709.304688
1153.237082,267,1709.511294
1853.626278,362,1709.717869
1235.409968,281,1709.861186
1233.679592,280,1710.004125
1203.877495,274,1710.141333
1201.99878,274,1710.279614
1181.591936,286,1710.425236
1170.583852,285,1710.570564
1165.594299,285,1710.714732
1267.342627,291,1710.863113
1749.579363,345,1711.035057
1184.561062,286,1711.178031
1256.56172,284,1711.319598
1195.364009,286,1711.46313
1250.423162,284,1711.605795
1232.772806,279,1711.748597
1083.697234,279,1711.890116
1136.659774,282,1712.031804
1228.436453,279,1712.172064
1251.834406,283,1712.313067
1111.218878,280,1712.452913
1240.858174,281,1712.593012
1116.235411,280,1712.734689
1256.611774,283,1712.875896
1231.433581,282,1713.016864
1089.643062,278,1713.156886
1232.607124,292,1713.312224
1214.631341,286,1713.463053
1305.5184,290,1713.611122
1839.472024,362,1713.794144
1222.61858,291,1713.941986
1233.477986,281,1714.085046
1234.056734,280,1714.227991
1322.905088,299,1714.378062
1244.673225,283,1714.519481
1230.946362,279,1714.658703
1193.85291,288,1714.803818
1211.602762,275,1714.941224
1245.973917,282,1715.089249
1240.593953,282,1715.237951
1188.347232,288,1715.391009
1224.530112,279,1715.540498
1220.06926,277,1715.684181
1199.436211,287,1715.827851
1219.888033,289,1715.975053
1146.790011,282,1716.11899
1225.915407,290,1716.267787
1232.966361,281,1716.411959
1243.974916,281,1716.55418
1211.469037,289,1716.701446
1695.305616,336,1716.872368
1206.108123,290,1717.914506
1079.60694,261,1718.132447
1131.660061,266,1718.355136
1156.272993,291,1718.601546
1073.932264,264,1718.824561
1127.709846,267,1719.058567
1231.461586,306,1719.324454
855.099276,230,1719.5619
1083.61646,259,1719.714141
963.208295,242,1719.853419
933.420751,239,1719.986744
802.335915,223,1720.101105
1082.817977,258,1720.231926
778.828779,221,1720.344483
1051.954101,254,1720.475527
1201.435603,279,1720.617757
986.024146,245,1720.741384
1062.597603,256,1720.872373
1038.781202,252,1721.000777
1044.505734,254,1721.131485
907.837196,236,1721.253669
1190.341843,281,1721.398289
1192.929271,275,1721.539477
1121.839487,263,1721.673771
1083.976204,259,1721.808026
1194.140605,275,1721.957434
805.085573,224,1722.086572
1177.384672,273,1722.245517
1029.797122,251,1722.392237
912.00881,237,1722.528816
1059.442961,254,1722.67674
831.489018,226,1722.805272
1185.64258,275,1722.960939
1098.989598,260,1723.107804
1075.75113,257,1723.258057
1021.367441,250,1723.401979
963.758304,242,1723.55882
1148.777938,268,1723.737512
940.561482,239,1723.891515
972.82923,243,1724.050765
1106.492875,262,1724.214953
968.495257,243,1724.361216
1071.399331,256,1724.511368
932.629876,239,1724.650332
811.29272,225,1724.780009
799.118155,223,1724.893435
955.253276,241,1725.023652
812.204235,225,1725.140827
1186.837907,274,1725.279091
1017.318918,249,1725.421938
1092.503834,259,1725.573518
1072.642594,257,1725.722585
1153.846655,269,1725.859289
985.107603,245,1725.98298
1089.884087,259,1726.112697
1011.280814,249,1726.237141
1020.686406,250,1726.363487
1173.970006,280,1727.338692
1032.090099,269,1727.545441
1095.259476,259,1727.736384
1233.809089,302,1727.960193
1330.359394,298,1728.187476
1150.174405,288,1728.439676
1208.428021,275,1728.672424
1013.284335,270,1728.911235
1085.292304,266,1729.064784
994.496899,261,1729.214691
1035.95189,262,1729.365383
1078.809738,265,1729.516204
1001.048948,260,1729.664254
983.513407,262,1729.813171
1006.037221,257,1729.962342
1090.286259,267,1730.118504
998.62099,261,1730.26688
1036.799198,274,1730.422807
1071.658395,265,1730.574317
1046.77323,263,1730.724002
1026.199749,260,1730.872262
1027.739342,261,1731.022659
997.924531,265,1731.177024
1008.311879,258,1731.320007
1056.05012,267,1731.457257
1041.499125,270,1731.593804
1123.247376,268,1731.730498
1121.333785,267,1731.864768
1046.968812,271,1732.001494
1019.863733,263,1732.133728
1044.816312,263,1732.26602
1027.341372,263,1732.399958
1036.447061,263,1732.532578
1106.18158,266,1732.667798
1122.76613,287,1732.81605
1121.216663,284,1732.963233
1089.689838,265,1733.100507
1089.546313,267,1733.235898
1074.188498,266,1733.370358
1029.792279,263,1733.503299
1061.811468,253,1733.631939
1018.902575,259,1733.762505
1123.499873,267,1733.898045
1011.622454,261,1734.029693
1120.780851,267,1734.165395
1061.345995,273,1734.303216
1131.344713,270,1734.440867
1128.25666,266,1734.578444
1027.606118,263,1734.719716
1125.198916,267,1734.878217
1005.671802,259,1735.025615
1030.41716,274,1735.18247
1085.656112,258,1735.329952
1045.142246,263,1735.483914
1066.591548,266,1735.63614
1089.54124,279,1735.79578
1125.384664,268,1735.947772
1037.844158,250,1736.94394
1031.052813,279,1737.189789
914.468147,252,1737.402193
1128.589619,277,1737.636365
1020.876046,244,1737.846234
1159.735246,276,1738.079468
1117.03649,285,1738.309035
1075.916264,262,1738.592746
1076.884878,263,1738.725516
1118.535353,274,1738.86335
1043.94978,257,1738.993011
1489.223538,322,1739.15625
1065.698328,261,1739.288294
958.384233,245,1739.414655
1271.663617,300,1739.569331
1114.224934,274,1739.709091
1016.092783,252,1739.83634
1058.691753,260,1739.969406
1302.655547,303,1740.142758
1096.459168,266,1740.289628
1120.355897,276,1740.451871
1131.725145,278,1740.619101
1113.350299,270,1740.778985
1077.344891,275,1740.940531
1084.629864,259,1741.097345
1024.824116,254,1741.24039
1134.862411,279,1741.397338
1021.748683,254,1741.542609
1159.587001,284,1741.706114
1107.54177,269,1741.869528
1110.501901,270,1742.04298
1116.434399,280,1742.222898
1135.89273,279,1742.409762
1104.549046,269,1742.580116
1166.185684,288,1742.751952
1146.720646,284,1742.917228
998.777386,251,1743.063489
1159.132642,287,1743.229517
1097.8518,269,1743.370322
1046.636487,257,1743.499145
985.505403,249,1743.62809
1080.869622,263,1743.759103
1121.98888,276,1743.899495
1110.86141,274,1744.039033
1114.734174,271,1744.175782
1221.937022,295,1744.323321
1007.222436,251,1744.449703
1019.631039,253,1744.576062
1098.373936,266,1744.709631
1020.899018,247,1744.833521
1078.675106,262,1744.964076
1046.244605,258,1745.099988
1076.933046,274,1745.258201
1108.03228,269,1745.413195
1192.325016,286,1745.578359
1122.549497,274,1745.734654
1136.808045,272,1745.892708
1101.647161,270,1746.91164
1127.918932,271,1747.140077
1149.904553,274,1747.376061
1127.175957,261,1747.595921
1121.111891,263,1747.80532
1278.86265,301,1748.041842
1091.146048,275,1748.257493
1081.359274,282,1748.515624
1093.83657,271,1748.651032
1067.235212,280,1748.792254
1090.808898,266,1748.93016
1086.652665,281,1749.073762
1173.174777,295,1749.220975
999.941431,250,1749.346012
886.944187,242,1749.468909
1149.726756,288,1749.613451
1091.670959,284,1749.757333
692.035393,205,1749.860225
889.37072,242,1749.982089
1126.132588,288,1750.127322
1118.56517,284,1750.269667
749.946922,217,1750.379558
860.728561,239,1750.500627
1054.311353,262,1750.634655
1009.711976,251,1750.763321
1096.090347,269,1750.897993
1106.521808,283,1751.047307
1017.808919,258,1751.189796
1074.852585,281,1751.348166
912.597713,246,1751.488948
956.316608,251,1751.630876
978.594418,246,1751.771688
1089.709022,268,1751.923517
842.962373,230,1752.058751
811.435732,225,1752.186288
1104.77627,280,1752.344621
867.245922,240,1752.483222
918.341164,245,1752.624763
1017.471687,252,1752.763639
848.451108,238,1752.888553
1089.179676,268,1753.027677
1000.981715,250,1753.156547
975.317259,246,1753.280643
730.346222,215,1753.388615
747.343812,214,1753.49605
886.044679,235,1753.617755
1009.953474,251,1753.765422
744.704351,215,1753.88655
1087.187207,264,1754.033711
718.635974,209,1754.150361
976.246931,246,1754.29019
1122.066695,287,1754.454006
894.232665,236,1754.588684
758.070974,218,1754.7147
1151.663758,292,1754.880871
1147.207645,292,1755.045264
735.896817,214,1755.164987
669.40936,194,1756.12419
1054.634668,258,1756.346875
1009.945827,246,1756.555707
1209.630101,280,1756.791528
1157.535592,267,1757.015019
1083.238696,263,1757.237053
1004.81635,240,1757.431674
805.475255,215,1757.593719
1104.839719,281,1757.812916
943.609983,245,1757.94113
1045.622317,275,1758.079836
1142.48932,278,1758.220467
1160.997179,273,1758.358506
959.664637,246,1758.485122
1151.957755,276,1758.626057
952.215985,245,1758.749705
1019.498456,251,1758.876704
1059.053289,256,1759.006493
1168.043555,275,1759.146502
1137.130148,280,1759.287681
1012.638576,268,1759.423882
1269.821344,281,1759.565804
849.719581,237,1759.686975
1048.65662,253,1759.816817
973.138764,247,1759.943769
1039.660805,254,1760.074024
1167.195152,277,1760.214795
1160.616274,276,1760.354223
912.547604,244,1760.47858
1022.56491,252,1760.606184
1017.483225,252,1760.763431
1183.466002,276,1760.957551
1137.012391,283,1761.142252
1192.805199,276,1761.333209
1127.115347,280,1761.501857
1146.438251,283,1761.695484
1147.965994,281,1761.883904
1031.547626,253,1762.038748
1005.565565,250,1762.187031
1069.28777,263,1762.319804
1152.168886,276,1762.458986
1096.237403,266,1762.593259
1192.759794,277,1762.733658
1053.495753,256,1762.862434
1047.171447,253,1762.990547
1178.06407,276,1763.128852
837.976738,236,1763.247534
1251.067175,280,1763.387715
1153.557853,278,1763.526999
1180.417493,276,1763.666922
1126.095637,269,1763.804931
1039.727051,252,1763.93432
1040.075567,254,1764.064973
1211.17964,277,1764.206976
1000.175498,267,1764.342559
798.026983,230,1764.458198
948.008905,248,1764.582876
1024.100267,252,1764.709924
999.404951,246,1765.595722
1104.08431,260,1765.787989
977.735491,246,1765.969884
1162.024004,272,1766.170013
832.098085,221,1766.337731
858.060468,234,1766.517027
1198.611638,290,1766.739148
986.799152,246,1766.921087
1030.900002,252,1767.083316
1084.199227,275,1767.221184
1077.652602,278,1767.361141
1041.155941,254,1767.488035
1041.938071,259,1767.617975
1091.438454,275,1767.756017
1028.197447,257,1767.884196
1075.158401,274,1768.02161
1103.973028,277,1768.159883
1088.850794,271,1768.296764
1089.204019,276,1768.438004
1065.075773,267,1768.574387
1034.077266,258,1768.706133
1100.219835,278,1768.848444
1076.509606,279,1768.991329
1100.788987,274,1769.131031
1051.645075,261,1769.264405
1045.506652,260,1769.403594
1052.121235,266,1769.55258
1072.169872,277,1769.70869
1085.574217,275,1769.863082
1089.464861,275,1770.017251
1045.153085,257,1770.161172
1073.19892,281,1770.31914
1101.54984,276,1770.474137
1029.796081,257,1770.618207
1086.000366,272,1770.770953
1090.720205,276,1770.927254
1036.667525,254,1771.07245
1093.689079,273,1771.228407
1084.368997,269,1771.386308
1080.607515,270,1771.540544
1096.000604,274,1771.697933
1097.403255,272,1771.865829
1042.81543,260,1772.01057
1065.716096,276,1772.163564
1093.246274,276,1772.310832
1018.799562,250,1772.442163
1074.09714,275,1772.582846
1081.979221,278,1772.724899
1037.265908,257,1772.865961
1078.964916,278,1773.03691
1034.235793,256,1773.177796
1036.268871,254,1773.313273
1041.918381,258,1773.450858
1089.334714,275,1773.58833
1029.11905,256,1773.715366
1079.678017,278,1773.854192
1102.297044,276,1773.99174
1087.580688,273,1774.127412
1067.847399,274,1775.126143
1183.37863,284,1775.343868
1166.712579,280,1775.559648
1101.021417,271,1775.768597
1116.938348,285,1775.986753
1070.776349,263,1776.227273
1004.315333,268,1776.453887
1013.733567,241,1776.688861
1041.210803,253,1776.815301
949.095927,242,1776.939218
1038.37435,248,1777.066443
1092.359858,262,1777.198543
1038.809992,270,1777.334542
1039.965068,254,1777.462622
1041.61922,254,1777.590387
1045.160125,248,1777.713578
1104.241159,262,1777.843804
974.808118,245,1777.967648
1058.29962,259,1778.097946
1099.979956,261,1778.237918
1031.178688,266,1778.375997
953.720959,242,1778.505707
1057.265795,259,1778.646023
953.414657,242,1778.778953
1055.931978,249,1778.913783
1095.367981,257,1779.053543
973.550763,246,1779.182333
957.672831,243,1779.303535
972.382128,245,1779.433364
1016.390967,252,1779.565295
955.327782,243,1779.69533
966.50265,244,1779.817777
1068.453225,263,1779.953294
1027.442293,267,1780.087131
976.206398,246,1780.213002
896.672354,220,1780.326195
1039.850564,263,1780.458107
1061.382887,251,1780.582694
1068.346418,259,1780.711395
1008.803029,264,1780.843571
980.684504,246,1780.965863
1029.055943,253,1781.09141
1085.56563,255,1781.218145
1005.703358,264,1781.350181
963.553543,244,1781.477303
1104.05118,261,1781.610361
1036.204446,254,1781.739927
1035.354918,271,1781.87529
1038.373717,246,1781.997717
1006.595998,251,1782.122525
1106.150858,258,1782.252742
1036.168291,268,1782.387212
966.29562,244,1782.51207
1079.759313,264,1782.643736
1050.441299,258,1782.776644
1043.892013,263,1782.908008
964.766768,243,1783.031006
915.630909,223,1783.881093
1336.933479,299,1784.117307
1184.186564,290,1784.330852
1097.459742,266,1784.529603
1206.704321,271,1784.730168
1316.465177,293,1784.953273
1219.780975,281,1785.161627
1502.626392,316,1785.421973
1169.398045,284,1785.571095
1170.385717,286,1785.726686
1412.900231,316,1785.896632
1576.413958,332,1786.073197
1160.852654,277,1786.218437
1575.539434,328,1786.387924
1161.518461,267,1786.52003
1732.590947,353,1786.696915
1585.381724,324,1786.858042
1754.661714,359,1787.037235
1167.473447,286,1787.185158
1746.069769,356,1787.367076
1181.31966,273,1787.502231
1162.382222,286,1787.645871
1752.114392,360,1787.833678
1752.903398,361,1788.01522
1739.739823,354,1788.207589
1240.965604,297,1788.373723
1248.153662,298,1788.52735
1158.588158,289,1788.671088
1619.46449,327,1788.841115
1126.226513,261,1788.977157
1184.740811,278,1789.12218
1345.49837,301,1789.284778
1698.71949,343,1789.464651
1164.01683,284,1789.605337
1161.558976,289,1789.751778
1171.401529,285,1789.897347
1613.195096,336,1790.074846
1756.594486,361,1790.272037
1162.955334,268,1790.415297
1598.552702,326,1790.587667
1745.666332,355,1790.77274
1170.238562,284,1790.924485
1183.747759,281,1791.075785
1379.081205,312,1791.236654
1521.547138,326,1791.402977
1186.089017,280,1791.550963
1314.750881,306,1791.711077
1374.055479,310,1791.866322
1277.229346,302,1792.022438
1146.22848,262,1792.159946
1167.423851,278,1792.302157
1169.011681,279,1792.44779
1196.201612,293,1792.601237
1747.00708,361,1792.798298
1358.619683,311,1792.960402
1508.429264,318,1793.121924
1402.946412,315,1793.280976
889.540077,218,1794.145271
943.009395,236,1794.332826
787.819616,230,1794.524703
1217.333235,295,1794.776168
1091.691209,261,1794.981292
919.88497,225,1795.154439
1027.988217,264,1795.367002
1037.980005,274,1795.606667
852.428193,213,1795.79068
969.579695,241,1795.924249
842.297034,208,1796.039397
1052.997832,256,1796.177347
1011.617025,247,1796.309915
1066.714506,270,1796.454141
1091.215021,266,1796.597166
918.631222,222,1796.715766
1047.266008,251,1796.845676
1059.318613,269,1796.980463
879.239468,216,1797.095682
968.680849,234,1797.219799
1092.141248,269,1797.354865
1032.338224,251,1797.480151
954.126706,231,1797.626123
1066.9589,271,1797.815569
1036.223915,248,1797.981151
1096.539942,264,1798.167733
946.256546,237,1798.318695
1085.117477,264,1798.495686
1059.109701,257,1798.665516
875.340277,217,1798.80254
1049.553323,253,1798.956105
1016.358992,248,1799.105047
1066.573609,272,1799.279133
923.201421,226,1799.426824
1074.816434,273,1799.613222
1090.643057,269,1799.770715
1046.911097,268,1799.92382
886.912536,217,1800.046929
962.437442,234,1800.183146
1013.689748,243,1800.321454
958.43163,239,1800.473861
1089.030533,269,1800.638475
1049.127302,252,1800.781534
999.551528,240,1800.927145
1094.859934,262,1801.062065
993.776605,240,1801.181955
950.644139,231,1801.29949
1066.740212,272,1801.446579
939.061352,229,1801.581673
1061.957027,272,1801.733384
878.55493,216,1801.84458
1050.422514,252,1801.975321
1076.455415,273,1802.12002
1079.872389,271,1802.26364
1065.425691,256,1802.405431
1064.605321,255,1802.548944
930.088674,228,1802.681735
1046.068935,251,1802.813777
979.954691,235,1803.683695
1068.099099,270,1803.885043
1127.950512,277,1804.089033
670.285074,208,1804.241587
1181.095431,254,1804.429803
1124.596771,266,1804.626508
1013.838141,234,1804.798777
1078.592115,255,1804.988641
1012.193236,269,1805.178351
998.153333,264,1805.332065
1000.790394,267,1805.487619
999.315149,264,1805.624729
1021.112337,262,1805.768903
1017.675447,261,1805.921734
1012.718524,269,1806.066635
1016.847003,270,1806.20487
998.24537,264,1806.340206
1007.713618,269,1806.474411
1026.873575,262,1806.612514
1018.57485,272,1806.749771
1013.263104,270,1806.88611
1170.717333,295,1807.034975
1003.645641,265,1807.170263
997.51154,264,1807.304721
1009.423526,267,1807.439125
1010.42219,265,1807.593433
999.398692,261,1807.745509
1010.505212,265,1807.894951
1011.435241,261,1808.024867
1010.109333,264,1808.156559
1024.095513,270,1808.291047
998.84495,265,1808.423226
1017.008234,270,1808.560018
1018.580053,270,1808.700294
1002.654612,263,1808.838844
1021.128898,263,1808.976165
1003.424959,267,1809.127786
1009.551593,259,1809.270276
1015.002473,261,1809.423326
995.104812,265,1809.578083
1011.989822,258,1809.725602
1009.941448,268,1809.879072
1010.481614,270,1810.036186
1009.519317,270,1810.189422
997.113986,263,1810.338183
1135.26979,291,1810.50254
1004.249788,263,1810.655952
1015.96234,271,1810.827662
1030.976701,271,1810.990304
1007.613199,265,1811.130486
1009.724985,270,1811.270161
1005.571254,266,1811.404425
1034.134611,277,1811.545851
1004.388034,262,1811.68581
1009.524027,263,1811.845093
989.393777,262,1811.980717
1026.934081,262,1812.120686
1012.470705,266,1812.254591
1729.821913,351,1813.234587
1021.639441,260,1813.427751
965.081594,250,1813.614822
1182.51488,279,1813.822867
1142.612756,275,1814.030373
1098.506383,282,1814.240345
1067.027083,258,1814.43209
1186.652266,283,1814.656799
1153.283601,264,1814.788709
1191.925436,277,1814.927163
1152.119218,262,1815.05794
1019.7964,241,1815.179471
934.409596,229,1815.307004
1030.675327,251,1815.446324
1156.809154,263,1815.595539
788.45483,207,1815.703363
820.49115,208,1815.811836
1116.741761,279,1815.955997
839.569772,212,1816.062177
751.460527,197,1816.160585
790.374284,208,1816.264553
848.135357,215,1816.372117
763.651716,200,1816.473157
926.028931,226,1816.586685
1129.62624,259,1816.716976
1018.459485,241,1816.838108
1067.1667,248,1816.962876
1069.024642,249,1817.08915
1195.583047,275,1817.227215
1161.016935,266,1817.360529
919.256994,227,1817.477452
831.022683,214,1817.588178
800.563263,209,1817.694735
946.191697,231,1817.812891
831.11186,214,1817.921102
1139.323992,260,1818.051547
1078.517126,256,1818.180058
883.033278,221,1818.291898
812.720705,211,1818.399176
947.039329,232,1818.515858
1137.009079,281,1818.657067
792.907041,205,1818.760164
810.654958,205,1818.864948
935.911177,229,1818.986917
1145.089465,279,1819.129099
1087.254109,251,1819.258167
1047.408517,245,1819.384351
976.299606,236,1819.503802
941.084969,231,1819.622732
1114.301587,278,1819.765318
740.372907,197,1819.864025
1225.422958,282,1820.008546
1218.942211,289,1820.157206
1159.942693,269,1820.295877
790.996919,203,1820.400763
823.157313,212,1820.506972
887.426054,221,1820.618066
757.262393,206,1821.584045
1071.737935,264,1821.804681
1123.151465,266,1822.032754
1066.496724,275,1822.269547
590.445426,176,1822.418106
1056.066668,257,1822.634001
1562.183143,333,1822.916961
1053.70568,268,1823.122083
1005.451433,244,1823.259209
947.652399,234,1823.376953
950.952546,236,1823.495549
909.937395,230,1823.612335
920.078606,231,1823.7286
1179.653954,269,1823.864821
912.788312,231,1823.980903
958.826135,238,1824.100837
977.985627,238,1824.220944
1143.279892,262,1824.352025
937.763345,234,1824.469204
907.335497,229,1824.583793
1042.064039,243,1824.706547
891.196444,227,1824.82444
1013.667303,246,1824.951924
900.220435,228,1825.06936
904.523504,229,1825.185547
918.937541,231,1825.304012
942.056868,233,1825.429136
1118.050299,262,1825.561721
903.043321,230,1825.677039
921.385207,231,1825.792479
914.422934,231,1825.907506
924.473696,231,1826.025
1072.387961,248,1826.149193
1138.417163,261,1826.280012
910.17502,230,1826.395954
1154.045095,263,1826.528847
911.261322,229,1826.64372
1131.62891,259,1826.773944
912.525913,230,1826.889074
1161.772338,265,1827.024374
986.760256,240,1827.147789
1025.435842,244,1827.270215
908.594453,230,1827.3857
1182.314769,272,1827.521822
928.555916,233,1827.64034
1044.934578,248,1827.766785
1001.986666,243,1827.889318
1160.036792,267,1828.023529
1191.890455,275,1828.161043
1158.338417,264,1828.293824
964.686872,231,1828.410227
943.672689,235,1828.528007
954.978508,234,1828.645686
910.405661,230,1828.76405
922.451362,231,1828.879805
902.027608,228,1828.995093
951.358863,236,1829.113385
1180.517317,274,1829.250897
1018.710256,246,1830.203218
1282.120691,279,1830.440933
1068.259042,265,1830.661934
955.079448,244,1830.866953
922.762325,232,1831.063118
1138.849563,283,1831.300984
1034.165565,254,1831.520287
1123.886008,280,1831.902365
1115.587539,274,1832.057518
1123.272365,275,1832.219115
1124.281777,282,1832.381051
1089.731814,290,1832.548542
1145.260541,264,1832.69478
1167.93855,268,1832.833619
1102.95655,271,1832.973438
1113.042633,291,1833.121143
1138.658277,264,1833.254186
1141.146656,269,1833.390033
1089.303443,266,1833.528171
1099.88221,290,1833.674519
1102.958359,285,1833.818537
1142.140924,268,1833.953291
1116.366013,276,1834.093034
1132.438913,275,1834.231109
1105.880575,279,1834.373598
1109.484735,278,1834.516787
1112.900207,279,1834.657861
1101.863399,280,1834.801152
1131.644952,263,1834.937302
1092.151732,267,1835.073747
1129.042227,279,1835.217332
1105.251171,277,1835.358574
1151.064621,278,1835.499556
1117.764848,266,1835.634128
1136.908059,275,1835.77394
1115.154364,270,1835.917479
1095.531949,263,1836.0717
1090.302641,259,1836.208475
1114.815395,277,1836.352537
1089.973555,259,1836.483784
1122.959287,279,1836.627412
1115.011751,279,1836.772221
1127.4767,274,1836.911404
1102.971471,267,1837.051132
1099.096532,285,1837.195902
1150.493771,266,1837.329137
1149.734873,266,1837.464584
1102.699932,281,1837.610295
1099.886365,278,1837.750068
1106.560313,281,1837.892998
1093.031336,286,1838.038327
1127.415579,266,1838.172917
1124.803608,272,1838.312158
1114.98971,273,1838.451133
1103.672499,278,1838.592391
1067.635334,261,1838.724528
1131.338145,278,1838.867852
1118.661184,283,1839.901611
1115.887151,269,1840.129702
1369.178414,307,1840.38839
995.68832,241,1840.591483
1183.790763,270,1840.815163
838.940775,207,1840.991212
1103.253273,265,1841.219661
1126.004382,277,1841.562298
962.873922,242,1841.698469
948.963997,241,1841.837306
1172.362774,277,1841.990525
1148.069376,271,1842.142935
990.58768,246,1842.289436
994.699144,247,1842.431135
1073.548871,257,1842.57638
1139.417678,271,1842.732438
1115.270482,265,1842.885267
1145.948468,274,1843.038517
1124.062805,277,1843.1834
1129.328227,267,1843.317003
1115.723762,265,1843.449417
1144.747251,278,1843.590482
1123.741283,266,1843.723641
1121.231455,277,1843.864625
1149.84176,271,1844.003647
1149.714637,272,1844.141245
1138.69299,271,1844.279448
1142.133192,276,1844.419924
929.745667,238,1844.54097
1135.611456,269,1844.67665
1123.673287,268,1844.813846
1158.626112,280,1844.957352
1008.137397,247,1845.081108
1135.769846,268,1845.217636
1032.495408,250,1845.342584
1143.93578,268,1845.477953
931.271339,238,1845.598876
1145.995751,271,1845.736126
1121.246201,264,1845.870436
1137.518926,269,1846.00626
1135.713102,268,1846.14282
1024.905488,251,1846.268545
1129.449937,266,1846.40577
962.806794,242,1846.529224
1077.891934,257,1846.660212
943.881292,240,1846.787441
1114.827699,265,1846.931485
949.815029,240,1847.053372
1121.496982,264,1847.186333
1106.409749,264,1847.323568
951.063962,241,1847.450844
991.48446,246,1847.578588
1134.045626,265,1847.710687
1071.79021,257,1847.839435
1140.22422,269,1847.976618
1143.790982,273,1848.117953
1123.679846,276,1848.25967
835.074738,216,1849.109553
1206.581984,292,1849.325552
1161.668856,284,1849.538902
1173.757356,266,1849.738239
1066.236122,280,1849.949411
1132.818888,288,1850.164226
1126.220005,286,1850.375415
997.822709,243,1850.614341
993.04597,250,1850.741639
1165.906646,282,1850.881503
1049.253448,250,1851.010455
1155.120834,271,1851.145476
915.080718,241,1851.266761
1146.775262,271,1851.405526
912.527917,240,1851.525831
1074.423992,255,1851.65453
986.771289,241,1851.776756
1084.679486,262,1851.909244
886.01668,237,1852.031603
1079.139442,255,1852.160701
1158.191376,281,1852.300344
902.250887,239,1852.43733
1061.877305,254,1852.588153
1170.590326,274,1852.752777
1177.215276,286,1852.91609
1138.933867,280,1853.077451
1186.467939,284,1853.240231
963.520869,239,1853.376637
937.433496,243,1853.519262
874.908661,236,1853.652958
1061.096445,252,1853.795425
895.430774,238,1853.930101
984.032525,248,1854.071857
1019.968613,247,1854.211528
1129.016392,268,1854.362978
983.541048,249,1854.504453
1093.102462,257,1854.643009
1131.436668,268,1854.777925
1093.48268,258,1854.907481
1117.987495,262,1855.040996
1103.13135,260,1855.18997
1166.509087,279,1855.346602
1121.119802,264,1855.497898
1150.392555,278,1855.656782
1128.233893,267,1855.80767
944.881412,235,1855.942033
1039.233694,249,1856.082005
905.055046,240,1856.217147
865.482481,235,1856.348892
1114.474125,263,1856.497027
1061.71574,260,1856.643065
1175.128656,280,1856.804311
869.54366,228,1856.930038
1188.098494,275,1857.075283
977.160059,249,1857.208789
928.848601,243,1857.339972
1050.969488,251,1857.474913
730.979662,204,1858.333615
1051.663514,265,1858.542047
1140.239646,277,1858.759315
1171.645778,285,1858.975509
1002.552031,271,1859.175954
1219.175842,272,1859.378055
1184.73396,278,1859.584665
1195.076872,292,1859.887473
1229.269815,297,1860.035903
1166.443754,280,1860.184422
1131.817209,269,1860.326049
1177.404099,290,1860.479316
1177.64524,287,1860.634698
1168.206674,279,1860.782052
1166.759389,283,1860.930952
1151.005506,272,1861.073867
1151.883299,282,1861.222685
1138.601362,270,1861.365655
1161.551983,278,1861.511755
1155.037738,283,1861.661074
1154.141332,275,1861.799961
1157.152412,274,1861.937974
1180.382563,286,1862.080923
1160.736055,284,1862.229986
1158.19844,284,1862.382828
1168.576719,278,1862.526809
1175.9339,289,1862.67149
1257.921755,298,1862.82043
1164.054561,277,1862.959634
1136.837034,288,1863.104312
1152.49023,275,1863.2416
1173.123884,281,1863.381524
1160.503026,281,1863.521907
1154.594532,286,1863.66548
1171.775619,279,1863.804555
1152.882444,281,1863.94479
1154.184936,276,1864.085419
1138.177378,271,1864.221348
1143.860095,270,1864.35689
1169.882821,281,1864.497218
1162.2462,274,1864.633907
1157.226053,280,1864.773679
1164.073037,285,1864.917039
1165.471849,285,1865.059498
1163.231243,284,1865.201277
1158.970265,276,1865.339602
1138.705345,288,1865.484386
1337.247506,306,1865.638708
1150.436427,272,1865.777589
1115.356333,290,1865.926037
1169.617544,286,1866.072097
1270.859979,301,1866.222434
1166.734872,286,1866.365239
1123.621954,289,1866.510614
1478.528098,322,1866.672548
1162.038933,283,1866.813896
1136.123927,289,1866.95854
1156.002698,285,1867.879277
1123.858299,283,1868.100725
1102.286952,269,1868.3128
1134.297751,283,1868.538723
1208.059242,278,1868.764616
1184.562053,280,1868.991692
1177.148141,273,1869.206966
1056.614856,250,1869.418855
683.578241,199,1869.548116
1081.495932,254,1869.702128
1160.227389,278,1869.8564
1074.66997,253,1870.000134
1082.110121,254,1870.145163
1010.93453,256,1870.293011
1026.681729,245,1870.432467
1000.499923,241,1870.569126
1047.091133,258,1870.717813
1028.423763,244,1870.860243
1129.529551,269,1871.012916
1043.238734,258,1871.158669
1111.585641,267,1871.309331
990.821527,240,1871.446861
1032.920658,257,1871.614511
1043.732246,259,1871.782696
1135.541164,282,1871.952142
1132.033553,274,1872.107391
1087.079496,263,1872.255467
1095.199654,265,1872.410602
1082.52948,256,1872.556376
1127.296908,276,1872.716053
1066.859176,252,1872.861529
1037.80089,246,1872.999171
1062.871035,261,1873.14821
1107.205164,273,1873.303744
1007.294122,241,1873.442204
1049.359547,259,1873.587992
1112.175053,275,1873.727125
1082.03233,257,1873.855618
1110.386033,279,1873.994474
1156.078614,285,1874.137558
910.575379,231,1874.255352
1102.638548,265,1874.391294
1260.940311,300,1874.546507
651.336919,201,1874.652861
1096.166389,258,1874.788537
1129.329554,281,1874.929709
1018.103382,240,1875.050293
1042.616595,258,1875.179628
1029.586946,256,1875.306739
991.92949,239,1875.42677
1156.449865,284,1875.611077
1082.138761,264,1875.770534
1008.585571,240,1875.922495
697.535287,206,1876.04708
1151.506212,278,1876.20918
1149.968495,273,1876.365649
1069.067218,252,1876.507845
612.267293,194,1877.446527
1007.374973,250,1877.652875
1034.176509,257,1877.869084
1189.709066,273,1878.09856
1178.032781,271,1878.35549
1028.534952,249,1878.599132
604.129198,192,1878.760682
1039.029944,276,1878.991041
1062.127039,274,1879.228838
1102.755055,282,1879.375438
1047.965927,261,1879.507612
1027.623188,254,1879.635711
1046.801394,259,1879.766593
1085.49426,279,1879.907732
1072.122215,274,1880.046633
1105.799784,278,1880.189415
1044.174405,264,1880.326398
1098.501117,283,1880.479817
1117.784254,279,1880.642492
1045.615335,259,1880.783542
1124.813495,280,1880.924169
1044.487136,261,1881.055138
1031.457889,255,1881.185085
1058.194493,271,1881.321917
1051.082679,266,1881.456415
1047.35903,260,1881.587267
1055.007259,272,1881.725513
1090.973934,278,1881.867772
1053.646985,262,1882.018836
1096.689134,276,1882.183251
1088.954894,277,1882.346182
1102.713705,277,1882.517239
1107.134621,283,1882.684529
1049.357417,257,1882.835862
1114.218842,279,1882.999101
1048.686225,269,1883.159968
1098.588004,283,1883.326891
1061.271902,260,1883.478979
1064.374115,274,1883.639905
1056.746577,262,1883.794888
1091.373694,282,1883.960619
1097.088958,277,1884.123805
1084.873832,275,1884.286819
1068.282795,274,1884.448327
1099.11426,279,1884.614368
1042.792594,257,1884.765602
1117.417411,279,1884.925274
1088.882457,282,1885.070692
1054.472008,261,1885.205866
1095.487372,278,1885.357822
1039.660158,256,1885.501635
1114.769288,284,1885.659287
1050.564661,265,1885.801798
1040.020087,258,1885.93293
1102.211493,278,1886.07433
1071.499336,274,1886.21287
1052.249513,265,1886.352206
1096.06889,277,1886.51481
1118.054784,276,1887.453738
922.316361,235,1887.6532
961.145092,220,1887.829919
1069.11218,244,1888.010322
667.625413,201,1888.15877
1058.105075,254,1888.348422
1135.32254,274,1888.55401
1137.770307,286,1888.765159
1297.771085,303,1888.97363
1680.423501,342,1889.14618
1314.16279,306,1889.302334
1704.31395,345,1889.478249
1765.300394,347,1889.653294
1609.486291,333,1889.844506
1198.489726,293,1889.991561
1232.006716,298,1890.142176
1189.589603,292,1890.289804
1629.352889,335,1890.457817
1269.153975,293,1890.605391
1347.958095,307,1890.760627
1697.24504,339,1890.930676
1283.501112,301,1891.082249
1569.01759,330,1891.248246
1265.756128,296,1891.398106
1242.70297,298,1891.547851
1396.90871,307,1891.728327
1340.283553,314,1891.941606
1426.355627,313,1892.119056
1769.660948,360,1892.321975
1436.923437,316,1892.501077
1314.806769,301,1892.673419
1228.237393,297,1892.844561
1315.824866,300,1893.014257
1469.366498,317,1893.195179
1678.189695,338,1893.388076
1720.732689,347,1893.584649
1637.482615,353,1893.786782
1787.555823,364,1893.994168
1826.885584,369,1894.204494
1612.218083,335,1894.39507
1486.452246,321,1894.575064
1586.84337,332,1894.761162
1724.497258,356,1894.961745
1302.587231,300,1895.13014
1748.406498,348,1895.314272
1739.7361,343,1895.485049
1610.33855,349,1895.659672
1418.494819,313,1895.815549
1450.736374,318,1895.975229
1208.195527,296,1896.126245
1669.141541,337,1896.293983
1538.715875,326,1896.456311
1240.190331,297,1896.604421
1275.580306,306,1896.767022
1622.06198,333,1896.957314
1264.497826,299,1897.128207
1377.992484,307,1897.304599
1395.184528,310,1897.481077
912.895141,223,1898.448249
1102.242863,252,1898.659859
1078.460245,255,1898.873045
1082.894897,282,1899.112264
911.312192,242,1899.302984
1060.926915,268,1899.501751
1205.563956,246,1899.683724
1116.77932,264,1899.879704
1142.736719,278,1900.043238
1137.605334,283,1900.185849
1136.977088,269,1900.321902
1133.896504,288,1900.467149
1102.891573,283,1900.609928
1161.44234,281,1900.754013
1073.824778,287,1900.902482
1143.001882,278,1901.042101
1150.551679,280,1901.182579
1143.41332,279,1901.322742
1101.298541,277,1901.462286
1150.200916,278,1901.603778
1111.579597,284,1901.747985
1151.464977,273,1901.885686
1168.017238,284,1902.02907
1150.348201,281,1902.172306
1147.598893,281,1902.31431
1115.820453,279,1902.467868
1122.121865,281,1902.631639
1103.354039,265,1902.803505
1119.294781,268,1902.966036
1120.360841,287,1903.148021
1096.028186,283,1903.312549
1136.859049,281,1903.454863
1158.74516,278,1903.596808
1085.366837,278,1903.755316
1149.325694,274,1903.9163
1126.5638,279,1904.071493
1119.567724,281,1904.220786
1166.281556,277,1904.367635
1086.226742,277,1904.514488
1159.462996,281,1904.664467
1110.876137,279,1904.82556
1125.752997,282,1904.992207
1154.911399,279,1905.157586
1096.166883,279,1905.321855
1095.784143,283,1905.488844
1085.072705,280,1905.653631
1063.38884,276,1905.815809
1156.011875,274,1905.977127
1167.193917,280,1906.142264
1147.218913,271,1906.298484
1067.030755,258,1906.453504
1136.886866,280,1906.618988
1101.118078,283,1906.781589
1072.716609,276,1906.951704
1146.488661,279,1907.127495
1051.164237,276,1907.297006
1147.694583,276,1907.457127
1067.12382,258,1907.606498
675.661453,192,1908.577363
1181.019207,276,1908.852738
1158.590728,269,1909.078724
1166.488431,266,1909.301515
1631.106948,329,1909.570539
972.886656,243,1909.760821
1079.271253,273,1910.012335
910.653462,229,1910.394079
676.67688,194,1910.518256
746.339027,205,1910.635223
892.686652,219,1910.760573
736.558294,206,1910.879904
1044.42655,247,1911.030294
932.862729,231,1911.189543
1001.20098,241,1911.353558
1116.291472,257,1911.516894
943.433611,233,1911.640999
739.455063,201,1911.743696
709.379502,197,1911.841684
1182.046738,269,1911.975454
798.01349,213,1912.081339
702.286107,196,1912.181168
888.829556,221,1912.309508
1147.038077,261,1912.46235
689.297959,196,1912.591412
679.840519,193,1912.702766
935.285699,232,1912.820681
1095.176452,254,1912.946941
944.268532,231,1913.080851
1063.98175,250,1913.241707
1175.926725,265,1913.430171
1192.951518,271,1913.596593
1095.572496,254,1913.732658
742.076067,203,1913.851558
806.604451,214,1913.961832
975.128877,234,1914.085059
692.114118,196,1914.188421
1085.317904,253,1914.314301
953.659875,234,1914.444467
709.251624,198,1914.559202
776.845966,209,1914.664636
686.360642,192,1914.760403
1041.624791,246,1914.88271
977.473367,238,1915.007075
1069.647667,235,1915.128555
696.262232,194,1915.232148
724.01819,200,1915.350667
736.014235,206,1915.470824
681.886364,194,1915.592747
983.079734,230,1915.716625
704.562289,193,1915.839907
764.393195,208,1915.968243
739.807359,201,1916.111278
821.800563,217,1916.231723
677.040228,192,1916.327443
695.557127,199,1916.426305
1066.027093,250,1916.553407
840.592625,223,1917.421471
998.21147,282,1917.634814
973.025566,240,1917.8145
1242.821685,320,1918.084931
986.106521,244,1918.306961
1170.503239,292,1918.610163
1036.393054,251,1918.870401
820.141593,220,1919.222792
1106.360959,256,1919.387953
862.649894,230,1919.535496
820.82193,223,1919.679172
865.042464,230,1919.827905
849.02012,224,1919.962354
819.818959,222,1920.092073
931.675416,236,1920.228502
899.791703,233,1920.36297
832.291757,225,1920.485578
960.530007,241,1920.615774
955.614957,240,1920.760022
815.102163,216,1920.887504
990.855041,241,1921.028415
828.424593,222,1921.156764
822.250636,223,1921.27622
811.01427,218,1921.39779
1021.281798,248,1921.522943
1106.021308,256,1921.656299
990.634595,243,1921.786395
1064.422426,251,1921.925322
827.476882,222,1922.051211
1072.522575,255,1922.196649
888.296297,220,1922.326926
854.487337,226,1922.459762
813.395195,217,1922.573515
833.683631,236,1922.694503
822.613068,222,1922.80518
1135.846132,265,1922.937092
813.685453,217,1923.049565
829.695935,223,1923.167998
826.804222,223,1923.287141
936.556242,229,1923.409252
812.993038,218,1923.523144
893.682648,229,1923.642371
831.131215,224,1923.755344
985.550167,243,1923.896862
931.734526,234,1924.022587
854.679533,211,1924.134566
877.831721,224,1924.255326
990.713036,253,1924.403975
829.448401,220,1924.533944
873.143416,243,1924.675677
849.363329,218,1924.808218
990.294333,249,1924.95722
848.137914,211,1925.073555
866.840537,216,1925.199015
822.792414,222,1925.327721
839.581661,220,1925.45423
965.584879,239,1925.602381
946.839962,245,1926.608406
915.55152,244,1926.813207
1118.044063,268,1927.035012
1181.955901,281,1927.267026
941.113488,231,1927.464393
952.352929,238,1927.673266
1148.702911,261,1927.932424
1091.238151,275,1928.196134
1095.44953,270,1928.366574
1090.901534,271,1928.507538
1108.823322,275,1928.645141
1132.432605,267,1928.778469
1127.825441,270,1928.932951
1141.304218,270,1929.073561
1107.630887,273,1929.214761
1106.001551,274,1929.355919
1149.065087,273,1929.497817
1106.375594,277,1929.664209
1140.807547,272,1929.801119
1120.955964,271,1929.953295
1058.581213,276,1930.101782
1116.497929,264,1930.263078
1136.866747,267,1930.42405
1132.465107,266,1930.577679
1093.538824,269,1930.716089
1082.081039,269,1930.851793
1126.429984,266,1930.985155
1124.530137,261,1931.115686
1117.043931,278,1931.257257
1118.353563,261,1931.388059
1106.068329,272,1931.52496
1108.075893,273,1931.662759
1121.811904,262,1931.796897
1119.209423,263,1931.928984
1135.637141,262,1932.061007
1139.387238,269,1932.1995
1095.564798,271,1932.339116
1129.571819,272,1932.479041
1129.685062,261,1932.61843
1103.127323,274,1932.76872
1061.626612,272,1932.90524
1125.556998,265,1933.039759
1129.521296,267,1933.173192
1106.136197,270,1933.309786
1109.412587,280,1933.450697
1128.904411,270,1933.587298
1063.271952,273,1933.724473
1115.404248,277,1933.86336
1059.306361,267,1933.996956
1132.173652,269,1934.131539
1118.825364,262,1934.264267
1058.697296,270,1934.399266
1124.458321,261,1934.530212
1054.472174,269,1934.664735
1104.518867,274,1934.804176
1114.130457,264,1934.936125
1117.636526,262,1935.067017
1113.144605,262,1935.197534
1117.4553,263,1936.080619
1036.382226,251,1936.27932
1084.709658,276,1936.515959
1064.196631,262,1936.73117
1115.918267,264,1936.937874
839.030943,212,1937.104855
960.722483,228,1937.318362
1056.268387,262,1937.556718
1045.01017,281,1937.743762
1030.416621,278,1937.900748
1051.999083,286,1938.074526
1031.566357,284,1938.236423
1044.01603,283,1938.401554
1049.260712,281,1938.551672
1111.526993,289,1938.696288
1129.158726,291,1938.849185
1079.525698,287,1938.998026
1072.963363,286,1939.141288
1080.025158,284,1939.283133
1044.199949,282,1939.42379
1040.715472,280,1939.563322
1119.908049,290,1939.708159
1045.806958,285,1939.850876
1049.814487,281,1939.995251
1061.289269,285,1940.141048
1071.766641,283,1940.285486
1110.743102,289,1940.433109
1148.119685,293,1940.590967
1023.190988,283,1940.760658
1063.401815,281,1940.923469
1043.274734,283,1941.073968
1059.076409,285,1941.222201
1076.340251,281,1941.380648
1108.832229,288,1941.527546
1066.270359,276,1941.666333
1041.168212,287,1941.811513
1029.101714,283,1941.953867
1099.681147,288,1942.098386
1070.302417,281,1942.239345
1045.445284,284,1942.382342
1032.561278,279,1942.522635
1040.4187,285,1942.683312
1041.230273,285,1942.848524
1049.430265,278,1943.004528
1138.451085,293,1943.15211
1060.920089,281,1943.293088
1027.054543,280,1943.443802
1059.012971,287,1943.611013
1095.149125,285,1943.77766
1050.483168,286,1943.932506
1058.615154,286,1944.10665
1043.924588,282,1944.259918
1055.680461,280,1944.445539
1049.043421,282,1944.638412
1036.487552,282,1944.813106
1032.91475,281,1944.981105
1033.143631,280,1945.129384
1037.842112,283,1945.271555
872.011008,244,1946.196047
989.865505,262,1946.413595
911.775012,233,1946.632555
725.976146,189,1946.81755
1155.897161,267,1947.082041
882.271577,246,1947.32233
788.225166,206,1947.484473
1171.101635,286,1947.699995
974.58602,250,1947.933601
1197.875681,294,1948.081058
1087.604215,278,1948.219367
992.489217,251,1948.345029
1091.894273,279,1948.483433
1006.025219,241,1948.607845
1106.555125,267,1948.741243
912.083652,243,1948.873215
1090.982617,263,1949.0092
1088.319951,258,1949.140718
1099.814658,279,1949.281053
1085.762374,277,1949.419428
1096.122431,269,1949.552895
1085.076479,267,1949.685735
1103.011694,282,1949.828645
1187.544261,292,1949.982126
877.756421,229,1950.102368
1050.004808,259,1950.245688
1181.865765,290,1950.399931
1017.887845,255,1950.534142
1112.130416,267,1950.679473
720.336429,209,1950.78837
983.370223,251,1950.913448
1201.138453,293,1951.059016
1049.796523,258,1951.193716
1089.634062,257,1951.323687
994.492336,239,1951.442315
994.629026,252,1951.567558
911.270403,243,1951.6885
1062.795819,248,1951.818754
1107.192669,276,1951.957979
1163.142494,285,1952.099159
708.796225,203,1952.204376
1102.369661,282,1952.354126
940.679054,246,1952.485392
1025.945666,255,1952.629948
999.094849,254,1952.772891
910.784599,243,1952.915703
920.136702,244,1953.053091
918.768456,244,1953.176551
1144.161738,286,1953.325317
1010.403182,240,1953.467153
1033.568244,241,1953.610628
916.35102,243,1953.750228
1018.052208,254,1953.897364
909.735632,244,1954.038469
1077.454537,276,1954.197522
686.784547,201,1954.313996
686.017103,201,1954.429858
1027.412677,256,1954.576185
973.094431,248,1955.550483
1124.058912,293,1955.77923
1034.181764,272,1955.985941
1031.713569,249,1956.171536
1093.988147,256,1956.361981
1338.654167,303,1956.587832
1128.879056,267,1956.809755
1119.219238,267,1957.111643
1025.824296,251,1957.239205
1097.12587,265,1957.372762
1090.620465,262,1957.504921
1105.269015,263,1957.63954
1116.1395,266,1957.774018
1180.076802,280,1957.914671
1128.884494,269,1958.049724
1045.382313,254,1958.191978
1005.555814,249,1958.337856
1115.454231,265,1958.493466
1230.131376,293,1958.64108
1122.255831,268,1958.777524
1020.358473,251,1958.903945
1126.971472,267,1959.038165
1170.334413,281,1959.179529
1067.403315,257,1959.308739
1129.63826,272,1959.44657
1054.578089,255,1959.574702
1142.716999,267,1959.710503
1111.979904,265,1959.847243
1087.626224,274,1959.98915
1101.279537,264,1960.122172
986.799276,246,1960.246255
1036.726448,253,1960.373611
1127.80949,270,1960.509648
1111.011085,265,1960.643933
1121.169967,268,1960.77947
1096.986225,263,1960.912792
1147.938279,282,1961.054769
1126.615057,267,1961.190131
1102.931251,264,1961.323338
1116.095225,265,1961.456995
1036.195085,253,1961.587293
995.501282,247,1961.71466
1159.789234,284,1961.866992
1140.563283,280,1962.016366
1019.751027,251,1962.146467
1047.124993,254,1962.276635
1127.381221,270,1962.420145
1057.720432,255,1962.554674
1098.236635,263,1962.687604
1106.933359,264,1962.821668
1154.026989,273,1962.959179
1180.596962,288,1963.105913
1127.129778,271,1963.243754
978.729173,246,1963.370287
1116.172063,265,1963.52396
1116.435883,266,1963.683247
1131.939507,273,1963.841257
1072.539257,257,1964.720637
1279.642719,284,1964.954094
1170.062233,293,1965.21022
1062.882015,267,1965.419367
1269.006327,283,1965.630054
1242.833941,292,1965.848887
1139.286883,251,1966.036891
855.27075,214,1966.257921
954.289031,228,1966.391785
1017.431407,236,1966.530474
973.326371,228,1966.653085
863.651274,213,1966.760646
891.969585,218,1966.870476
1051.193677,242,1966.991677
1069.188695,242,1967.112984
1088.2407,246,1967.238658
798.196593,208,1967.344775
932.007353,224,1967.469936
783.175897,205,1967.58184
1060.955068,243,1967.704362
897.030663,220,1967.81577
898.654604,220,1967.925783
965.975778,229,1968.040354
1075.990954,246,1968.165618
997.311962,233,1968.282873
1060.874666,241,1968.404036
743.991637,198,1968.508581
785.722281,206,1968.622564
954.858459,227,1968.742504
1030.158937,236,1968.86693
1020.514269,236,1968.990348
865.690854,215,1969.102913
967.378105,229,1969.220938
1133.838463,252,1969.347871
913.936598,223,1969.460405
912.911868,223,1969.573951
1162.85437,256,1969.702844
821.445106,209,1969.807944
1280.158261,278,1969.949856
1143.715681,253,1970.07787
1216.14579,264,1970.213573
798.453736,208,1970.321889
930.025145,224,1970.434906
856.534425,212,1970.541705
940.856718,225,1970.655242
1048.877293,239,1970.775835
1031.867376,238,1970.897642
1089.754221,248,1971.02248
972.484629,227,1971.139955
975.363477,227,1971.259261
1044.496942,238,1971.382171
1205.725182,256,1971.513104
1032.750694,238,1971.649683
986.837349,232,1971.786979
1100.093899,246,1971.931314
963.293842,229,1972.066672
1063.684116,244,1972.211514
565.06055,169,1973.132783
879.070552,217,1973.318981
960.137175,237,1973.496737
1111.986345,261,1973.691062
1062.266854,249,1973.876997
1062.32144,252,1974.065355
617.540108,187,1974.205664
1182.402478,272,1974.408247
794.788537,198,1974.557502
1125.698965,273,1974.71335
1143.64829,274,1974.851848
1142.634473,282,1974.994349
1139.506499,272,1975.131699
1139.263307,270,1975.270595
1115.564029,273,1975.409483
1122.69576,275,1975.548266
1116.262145,278,1975.68945
1135.05921,271,1975.82571
1134.932346,272,1975.963602
1142.650598,271,1976.099749
1131.567847,268,1976.234911
1125.804,270,1976.370787
1135.133153,269,1976.506946
1119.719074,271,1976.643741
1129.563668,271,1976.78239
1105.146434,282,1976.927602
1111.875166,279,1977.068545
1122.299056,272,1977.206246
1120.178258,288,1977.351026
1122.487381,285,1977.494527
1116.821684,264,1977.626755
1132.341425,281,1977.769073
1145.153468,288,1977.913455
1134.501714,266,1978.046696
1136.487185,270,1978.182549
1112.884947,283,1978.326108
1132.227663,290,1978.473817
1129.281349,276,1978.615618
1150.442119,289,1978.764628
1129.170589,273,1978.905828
1149.486821,286,1979.049951
1129.189307,273,1979.187631
1152.08917,271,1979.325066
1118.868943,284,1979.468547
1147.158973,271,1979.604891
1132.186369,278,1979.74442
1157.431485,289,1979.889245
1121.518536,284,1980.0318
1144.339974,271,1980.168509
1139.984849,268,1980.302521
1146.55964,272,1980.440026
1147.445322,287,1980.588389
1134.550821,268,1980.72662
1141.334511,285,1980.870255
1135.236563,272,1981.006923
1147.370316,271,1981.142641
1117.178527,279,1981.283868
1138.246854,272,1981.420215
1132.240314,272,1981.557026
976.027661,246,1982.47784
1119.726507,259,1982.694003
1061.230037,261,1982.913652
895.446392,238,1983.116376
1181.229065,283,1983.351842
1067.577166,263,1983.576886
847.157223,211,1983.759501
753.785367,208,1983.933131
1088.521342,265,1984.164771
1117.916353,272,1984.320787
1102.094922,276,1984.477429
1111.255986,276,1984.634497
1108.118993,276,1984.792561
1102.427279,267,1984.945589
1090.306989,273,1985.092592
1099.576054,276,1985.246988
1081.689996,277,1985.403491
1105.649816,272,1985.559324
1112.869917,277,1985.715173
1093.707805,266,1985.864587
1110.611885,274,1986.018883
1111.498624,272,1986.173917
1115.67959,269,1986.325833
1091.94503,265,1986.475847
1080.012061,279,1986.633172
1108.887563,274,1986.790247
1103.754906,273,1986.945621
1074.760517,261,1987.094549
1111.588374,278,1987.253898
1081.785677,277,1987.41173
1119.143726,273,1987.567633
1082.36097,265,1987.720887
1119.583449,273,1987.877883
1102.43476,266,1988.027926
1103.379102,270,1988.180238
1116.939908,282,1988.338419
1112.00584,274,1988.483155
1102.614716,275,1988.621002
1114.482911,274,1988.757794
1119.323913,277,1988.896441
1099.131717,275,1989.035357
1104.875867,284,1989.178756
1114.632379,273,1989.315228
1097.354011,277,1989.454941
1112.014465,271,1989.592819
1112.818612,274,1989.747647
1110.95399,280,1989.894468
1101.080023,281,1990.035367
1097.551104,280,1990.176635
1106.240089,277,1990.315816
1104.100468,273,1990.45203
1112.046051,273,1990.587831
1106.738391,273,1990.723905
1105.919543,279,1990.863395
1109.675578,276,1991.002844
1076.887954,265,1991.13732
1124.504355,277,1991.277951
1083.463914,264,1991.42
1150.374402,274,1992.594885
896.479188,216,1992.811644
1053.090562,254,1993.032543
1078.788803,269,1993.273142
1062.784243,249,1993.50437
1012.862505,265,1993.73897
952.900011,235,1993.932845
1077.6049,273,1994.168446
968.037512,245,1994.3132
1067.466378,255,1994.441061
1166.637827,275,1994.581089
990.805318,245,1994.704546
971.796883,245,1994.846912
1009.500526,243,1994.979342
975.511403,250,1995.106023
968.53107,244,1995.228387
1013.934043,246,1995.352602
1000.300543,242,1995.475243
1019.659349,256,1995.609634
1008.59753,245,1995.734878
994.065685,244,1995.858014
979.230505,249,1995.982995
969.843029,244,1996.105275
1003.299395,241,1996.225929
1011.733914,245,1996.350217
995.988894,244,1996.474767
976.138564,251,1996.601647
963.957744,247,1996.72648
1003.518753,244,1996.848925
993.476753,253,1996.989471
995.104928,246,1997.135108
989.809473,244,1997.279066
1049.841271,253,1997.40829
972.598435,244,1997.532106
980.904008,246,1997.655772
1049.234182,254,1997.785772
983.303833,245,1997.911552
983.018034,245,1998.037303
972.097784,244,1998.1618
1000.481364,242,1998.283289
1001.11055,242,1998.405391
984.522663,246,1998.528871
990.720975,245,1998.651751
984.173415,245,1998.775987
972.037113,244,1998.898558
1087.146037,264,1999.031424
980.381911,245,1999.154604
988.249859,244,1999.278266
975.039495,250,1999.404261
1059.606202,254,1999.532191
981.246278,245,1999.655652
1002.472589,249,1999.780731
972.626009,248,1999.906937
971.540328,244,2000.030222
1008.313948,244,2000.153628
1116.092575,266,2000.291082
974.675948,251,2000.428629
1002.969923,243,2000.591569
1109.526353,251,2001.596083
1211.333097,281,2001.897662
1173.156361,286,2002.183255
1184.306888,262,2002.405364
1219.111751,288,2002.647373
1027.230581,244,2002.866304
1004.883475,246,2003.104596
1193.395686,288,2003.456484
1088.799284,256,2003.601137
818.580195,221,2003.725799
851.254253,227,2003.855602
897.18647,225,2003.982531
1141.696521,283,2004.140774
1357.122073,311,2004.303486
1077.774861,266,2004.439878
1169.343097,288,2004.58403
818.800241,221,2004.695423
1152.985805,283,2004.840758
649.948513,199,2004.942438
1121.178439,267,2005.078053
1153.089695,274,2005.215322
1093.558017,270,2005.350398
937.521542,232,2005.466952
1079.29803,255,2005.598171
1161.007198,274,2005.73543
1139.172608,284,2005.878357
872.036727,228,2005.992765
1086.769545,251,2006.119516
1136.031294,282,2006.2626
747.499915,214,2006.371861
1033.785426,242,2006.493861
1121.013097,267,2006.631473
1168.984524,278,2006.784186
1114.445875,266,2006.944121
1113.167391,267,2007.102959
1087.427173,266,2007.252631
647.012463,198,2007.363116
888.943305,233,2007.49553
872.219142,230,2007.625196
721.31665,211,2007.744442
944.644902,236,2007.877321
1143.112241,271,2008.031844
1125.54359,269,2008.18452
1100.855475,265,2008.332806
1000.171611,242,2008.468565
1071.990428,275,2008.624105
1080.867426,273,2008.778984
1097.775499,267,2008.930291
1135.685586,269,2009.082348
1063.686551,254,2009.227106
818.425923,220,2009.352906
642.958881,193,2009.467262
697.988001,206,2009.583369
1140.370133,270,2009.736377
827.385249,222,2009.863518
1279.302874,303,2010.03811
1069.765749,265,2010.195495
1049.190013,252,2011.182751
1264.95597,271,2011.419659
831.621951,237,2011.597726
910.621536,237,2011.774698
1261.011437,295,2012.000163
926.920229,235,2012.174486
1125.996399,280,2012.380154
860.217672,213,2012.538926
1064.858468,281,2012.71217
1184.491808,291,2012.861694
1093.981961,271,2013.004335
970.374715,267,2013.146609
1033.057023,259,2013.281754
708.827027,219,2013.396123
1058.539403,280,2013.543055
1031.766824,277,2013.688544
1041.40273,279,2013.834019
1084.39666,273,2013.977494
1126.169375,271,2014.122697
1187.937159,293,2014.279969
1096.453606,278,2014.422376
1094.662083,277,2014.560305
1058.403776,277,2014.698198
996.705569,273,2014.833415
1044.329056,277,2014.9732
1072.092897,279,2015.112219
1100.619365,279,2015.25101
958.133882,247,2015.374286
1105.216272,278,2015.513279
1068.364017,281,2015.653998
976.698636,269,2015.787301
1009.939534,255,2015.916385
1080.73055,275,2016.056408
1072.845919,281,2016.198731
1097.358496,276,2016.336611
1531.074661,335,2016.503556
1084.343923,273,2016.644099
1084.125738,274,2016.796009
876.847288,239,2016.932966
1088.163982,275,2017.099487
1041.121947,279,2017.260215
1029.830836,259,2017.406319
1038.718048,278,2017.567651
1300.493193,304,2017.742636
1101.105851,278,2017.901576
1092.606703,277,2018.059028
1194.696136,293,2018.226512
1130.137166,272,2018.383564
1093.711136,277,2018.544879
976.312922,250,2018.686
1091.163719,270,2018.842145
1105.391238,276,2019.000152
1081.682367,280,2019.162206
1087.786795,267,2019.31353
1084.56076,278,2019.475244
1090.090651,273,2019.63073
708.933783,219,2019.754578
1102.967313,276,2019.910246
1061.546044,263,2020.945857
657.530592,199,2021.112077
1103.08528,254,2021.325896
635.468398,209,2021.504487
1093.667633,259,2021.731229
896.764785,236,2021.928355
1114.173662,283,2022.165197
1096.731931,259,2022.384549
805.342017,210,2022.626248
1091.93398,243,2022.78394
734.21883,202,2022.914161
662.404477,185,2023.034395
697.480745,193,2023.158622
820.7672,214,2023.296834
716.666367,198,2023.424766
715.38994,197,2023.552608
1101.958609,254,2023.71792
1148.301566,247,2023.878261
935.739075,231,2024.02838
913.03035,230,2024.163081
937.546789,231,2024.286549
1091.581946,243,2024.415416
1173.070756,251,2024.54807
1142.543027,244,2024.680474
763.119804,204,2024.794778
704.603494,195,2024.906887
780.289754,212,2025.024388
968.895532,237,2025.150599
775.149564,207,2025.256492
716.916475,199,2025.358573
765.968131,205,2025.466215
1139.05486,263,2025.602126
811.280199,211,2025.706874
746.337584,206,2025.810119
668.641657,187,2025.907258
766.012481,205,2026.015062
706.048791,195,2026.133285
1039.700432,236,2026.270828
832.737074,217,2026.397951
921.137079,229,2026.524273
739.923608,202,2026.640129
1137.842935,248,2026.78274
773.505729,207,2026.901809
764.081465,206,2027.00683
1029.518516,245,2027.128825
1133.826271,248,2027.252263
1020.57419,237,2027.371103
770.771362,205,2027.473129
961.118062,234,2027.600397
1093.518372,256,2027.750365
1096.888467,241,2027.886299
702.846847,195,2027.9904
663.186882,186,2028.082666
1161.335905,248,2028.207121
1083.031823,243,2028.328832
893.108786,225,2028.440589
1137.477891,244,2028.561981
733.290022,202,2028.663386
1002.714774,246,2029.539864
1190.231274,278,2029.777089
955.464454,260,2030.009278
1182.858456,284,2030.222454
772.629534,199,2030.368513
1255.255598,315,2030.601191
1044.340934,256,2030.789647
1014.106837,246,2031.078536
1033.88981,262,2031.210958
663.228301,200,2031.310224
659.507737,198,2031.408037
1038.211302,258,2031.536302
682.876077,194,2031.632389
1115.463902,275,2031.769743
669.181118,198,2031.869053
646.470772,192,2031.964383
659.332258,197,2032.064052
646.333932,191,2032.161054
688.204515,200,2032.262514
648.214676,192,2032.360737
689.7715,193,2032.457658
710.656114,198,2032.556078
1015.364914,258,2032.684407
662.430707,194,2032.780674
708.357516,212,2032.885978
1027.077505,260,2033.016439
699.921178,196,2033.113762
1030.243079,256,2033.241094
661.305687,198,2033.339523
1018.656738,257,2033.467677
691.340466,202,2033.569536
1004.737536,245,2033.693327
1027.10806,260,2033.823163
1011.013968,255,2033.95198
652.836083,194,2034.050374
1022.76406,254,2034.180018
665.285599,199,2034.279177
984.994158,243,2034.400012
722.072599,213,2034.505647
1037.357201,259,2034.634491
724.320481,203,2034.736918
658.917701,199,2034.836533
691.323642,199,2034.935319
1027.682059,250,2035.059669
692.749317,196,2035.156966
964.88795,244,2035.278522
727.815117,212,2035.384687
660.074683,198,2035.482999
766.440712,216,2035.590384
712.9777,211,2035.695086
648.95277,192,2035.79035
692.576616,203,2035.891013
788.338881,222,2036.001901
1038.829242,276,2036.139437
726.398181,213,2036.245081
1023.222155,250,2036.369334
1038.978084,257,2036.497422
648.714262,188,2037.405195
973.834911,244,2037.61021
1193.068455,284,2037.8499
956.172525,244,2038.055684
1242.86516,280,2038.298389
1155.503786,278,2038.535611
947.283524,231,2038.728395
715.598389,221,2038.912532
1002.939723,272,2039.145569
1006.588773,272,2039.299668
999.276852,268,2039.451158
998.474368,267,2039.60371
1002.259304,265,2039.754023
1004.902571,264,2039.904958
1001.804081,264,2040.05876
1009.728829,264,2040.21213
992.356277,264,2040.3622
1016.510567,274,2040.518074
1001.406919,270,2040.672066
1010.808191,270,2040.827135
1032.979138,268,2040.979744
1023.577866,267,2041.13141
1001.654421,272,2041.29084
997.54952,268,2041.449121
1002.736646,271,2041.610384
1014.794243,262,2041.788152
1007.361735,270,2041.964019
1008.552228,262,2042.134456
1011.301614,267,2042.328745
996.037255,264,2042.520569
1000.282246,270,2042.706616
1001.460683,269,2042.866034
1004.067119,265,2043.037427
1007.274186,263,2043.225586
1006.422595,273,2043.404975
1002.152305,269,2043.569817
1018.610189,263,2043.703232
996.455231,263,2043.835837
1175.332613,292,2043.982451
1096.329899,281,2044.12419
1000.106589,272,2044.260307
1006.411248,271,2044.396031
1003.307477,270,2044.546938
1005.260087,271,2044.696257
997.161068,263,2044.864196
1008.229241,261,2045.025405
1007.637599,272,2045.181441
1198.685893,295,2045.342429
1004.439557,269,2045.487725
995.580063,264,2045.628161
1001.503336,270,2045.774137
1008.506367,262,2045.917848
1019.077024,262,2046.057146
1003.303348,269,2046.223053
1005.015281,265,2046.391305
1010.334814,271,2046.551191
986.345367,263,2046.703725
1005.425293,271,2046.851103
898.370978,216,2047.811787
1032.555864,297,2048.078178
942.471607,230,2048.2718
1054.526538,239,2048.470499
1177.306705,273,2048.686962
1185.410247,282,2048.91659
1037.010815,262,2049.139015
1018.181111,241,2049.341782
1011.2679,258,2049.526371
978.554265,263,2049.701478
1010.570928,265,2049.863043
1020.225666,271,2050.004883
1010.809389,267,2050.138579
1012.177577,261,2050.27
1027.471223,273,2050.406392
1006.574165,268,2050.540328
1018.957731,259,2050.669839
1002.971699,262,2050.802207
1009.617251,263,2050.933669
1005.669184,267,2051.067064
1010.571194,266,2051.203315
1011.799245,263,2051.337996
999.362636,264,2051.472545
1007.711433,261,2051.603021
1017.298563,270,2051.738256
996.825267,266,2051.871076
1021.30705,258,2052.000578
1008.625404,262,2052.131408
1004.809799,267,2052.264818
1005.959906,262,2052.395793
1011.134999,257,2052.525496
1013.624787,269,2052.661207
1017.093648,265,2052.793996
1034.646426,273,2052.931768
1005.254387,267,2053.068736
1009.003532,264,2053.204733
1031.624483,274,2053.341733
1030.636213,270,2053.476805
1011.379961,256,2053.604765
968.863772,264,2053.738061
998.903102,266,2053.872696
1015.956269,265,2054.005207
1011.520159,261,2054.135566
1014.592516,268,2054.269431
1014.373323,276,2054.408611
1034.725606,274,2054.545577
1011.133882,261,2054.67566
1015.606314,275,2054.816197
1010.434371,258,2054.948041
1036.536591,271,2055.085454
1019.651617,272,2055.221648
1013.932496,268,2055.35587
1006.693188,265,2055.488575
1010.286932,258,2055.618614
1008.243484,260,2055.748875
1009.455717,263,2055.880919
1019.896505,269,2056.015275
1013.905007,260,2056.145405
1052.949821,269,2057.024533
1044.869777,263,2057.218661
927.878565,232,2057.389608
901.757732,246,2057.573545
1663.015068,332,2057.817788
838.690077,208,2057.971295
889.94997,219,2058.133404
779.781858,228,2058.464908
1061.232514,274,2058.602571
956.599023,243,2058.725063
973.830106,253,2058.851827
1075.116954,270,2058.986811
1065.457023,266,2059.119636
1068.093417,266,2059.253473
998.912679,259,2059.382921
1050.170758,264,2059.514772
762.606054,225,2059.627496
949.478764,251,2059.752905
802.887262,230,2059.870217
753.405283,223,2059.981923
767.687648,226,2060.095018
1070.100874,269,2060.229339
761.880711,225,2060.341973
849.232324,232,2060.458564
897.206588,243,2060.579903
946.197516,251,2060.705309
1063.485036,268,2060.839352
918.048286,239,2060.95921
1031.435723,261,2061.090448
973.572895,244,2061.213799
819.085335,234,2061.333217
1062.168676,265,2061.468448
971.410833,255,2061.599541
788.381329,230,2061.714709
950.50526,263,2061.846864
763.287796,225,2061.959496
1071.348812,272,2062.095346
936.721107,260,2062.226403
1036.613391,262,2062.356847
756.336828,223,2062.468183
935.295074,264,2062.600152
823.834201,235,2062.717414
882.251967,243,2062.840137
1003.522159,270,2062.975072
1064.27849,271,2063.110694
1032.81936,260,2063.243755
749.375785,222,2063.357441
1050.670476,264,2063.491161
786.672264,245,2063.614154
989.996975,257,2063.742736
1002.288019,257,2063.871389
1047.557371,267,2064.005674
879.136858,242,2064.126735
907.773463,245,2064.249399
1073.33659,268,2064.383245
872.246595,242,2064.504157
1071.799363,274,2064.641786
1082.315451,246,2065.576864
968.725525,236,2065.752005
1338.874571,307,2065.979504
1517.625231,318,2066.213728
1132.408336,272,2066.415905
1108.936313,279,2066.622951
940.233378,240,2066.806779
1050.00196,269,2067.069947
1073.252222,262,2067.200805
1065.737809,267,2067.33413
1099.247754,273,2067.470044
1061.203783,259,2067.600138
1072.212068,267,2067.733371
1035.094593,256,2067.861309
1046.696493,262,2067.99214
1069.407874,272,2068.127774
1045.703746,257,2068.256574
1064.67728,269,2068.391012
1079.235029,262,2068.522176
1060.892874,260,2068.655076
1019.163433,270,2068.793731
1046.353577,268,2068.928808
1048.940838,258,2069.057535
1063.932906,266,2069.190341
1050.152916,263,2069.321817
1087.014114,265,2069.454941
1033.223486,257,2069.583344
1053.629373,268,2069.717383
1011.486704,253,2069.865204
1043.658656,268,2070.023128
1042.000643,265,2070.184157
1091.593598,269,2070.319891
1045.410573,258,2070.449024
1062.332051,262,2070.582045
1086.211619,262,2070.737968
1040.253022,266,2070.896407
1065.442006,270,2071.041729
1057.81755,269,2071.17598
1076.098875,273,2071.314146
1039.289887,271,2071.449572
1089.597332,272,2071.586445
1049.857462,271,2071.746747
1061.240161,262,2071.905359
1056.737354,261,2072.052163
1056.689944,259,2072.189147
1066.451172,267,2072.329983
1053.99137,265,2072.471156
1065.667305,265,2072.610995
1049.735662,270,2072.754539
1101.297122,265,2072.893897
1051.414926,270,2073.03665
1035.673762,257,2073.176029
1046.373267,260,2073.328247
1052.887811,268,2073.485324
1080.740511,268,2073.630304
1038.966903,270,2073.76572
1063.048611,266,2073.898869
1024.39776,266,2074.79237
1140.455575,272,2074.993814
1227.966666,281,2075.200812
1056.499612,258,2075.391102
962.575448,242,2075.570206
997.069724,233,2075.744102
1124.609443,280,2075.959088
1048.67045,267,2076.266956
1084.119159,266,2076.400204
1069.492939,260,2076.530412
1052.679747,271,2076.687684
1076.590213,264,2076.843959
1092.714545,270,2076.998584
1068.778966,265,2077.150018
1083.525987,263,2077.299904
1065.936505,260,2077.447369
1097.095543,264,2077.599102
1043.782024,270,2077.756077
1076.898166,262,2077.906959
1042.903062,261,2078.055332
1100.84711,266,2078.206557
1059.124877,263,2078.356122
1079.990021,262,2078.500621
1038.021292,274,2078.640984
1077.607595,265,2078.774672
1091.371405,260,2078.921633
1070.823645,265,2079.079696
1103.3135,268,2079.237713
1079.037689,264,2079.371469
1090.288789,269,2079.506501
1084.154284,269,2079.643192
1094.735476,263,2079.775532
1041.990189,270,2079.911567
1085.329144,261,2080.046831
1095.229064,263,2080.200152
1077.778685,264,2080.357358
1074.818699,265,2080.515328
1048.356271,274,2080.679621
1068.156169,271,2080.829565
1052.822639,265,2080.970299
1064.440187,272,2081.113874
1028.580663,273,2081.258038
1089.651972,263,2081.412875
1062.970839,262,2081.566872
1040.379411,269,2081.719376
1042.934954,271,2081.880767
1078.349344,262,2082.032364
1084.587857,264,2082.183378
1056.436245,256,2082.320541
1047.742745,269,2082.458258
1059.604692,270,2082.595343
1084.34393,266,2082.731215
1042.93608,269,2082.868173
1069.264123,266,2083.026622
1085.520127,269,2083.194469
1045.273086,269,2083.3398
1058.457569,270,2083.475997
1149.558577,283,2084.445665
985.044209,245,2084.651776
1130.539407,269,2084.871022
1047.608589,253,2085.080301
929.520085,233,2085.26041
1094.554694,252,2085.478303
951.082115,244,2085.682148
990.763961,242,2085.894483
858.498651,223,2086.058878
858.811935,224,2086.206863
879.533741,226,2086.33849
887.173952,228,2086.467258
907.838915,230,2086.597058
974.827863,242,2086.728985
986.758599,246,2086.861091
896.024484,228,2086.988955
895.79296,228,2087.122176
988.427242,245,2087.267111
993.125087,247,2087.405516
958.262339,237,2087.538236
958.347172,240,2087.679503
994.745133,245,2087.823349
905.000233,229,2087.954681
898.100405,229,2088.072848
873.814466,225,2088.19184
908.959954,230,2088.312758
912.111909,230,2088.433841
994.936262,246,2088.563471
914.595699,231,2088.683288
1005.168118,247,2088.806673
910.763422,231,2088.926586
1080.08922,253,2089.080183
993.52448,245,2089.21126
877.636858,225,2089.330576
880.709584,226,2089.443975
889.958453,228,2089.573478
1008.324169,244,2089.748403
907.360985,229,2089.907931
936.26856,235,2090.054984
996.541048,247,2090.19505
918.330655,231,2090.325991
922.329847,231,2090.466756
910.445835,231,2090.619028
1005.001607,247,2090.783698
962.248781,239,2090.922176
922.116253,233,2091.056087
944.93038,235,2091.189515
907.14777,230,2091.318526
987.997806,246,2091.4587
1170.867355,264,2091.615035
931.801855,235,2091.754537
936.018471,234,2091.879028
889.525865,228,2091.995368
958.296086,240,2092.120797
1005.489228,248,2092.255852
884.413555,226,2092.375506
916.363337,232,2092.498348
889.09603,227,2092.61272
836.572221,211,2093.576639
1132.545144,277,2093.821588
1021.757117,259,2094.071405
1161.962051,276,2094.304065
723.173783,224,2094.494657
1133.645251,281,2094.732048
1059.414116,265,2094.95249
1073.52853,269,2095.300314
1079.147508,266,2095.433338
1013.195352,274,2095.571095
1032.116963,271,2095.706662
1065.25726,271,2095.843104
1021.56886,278,2095.982056
1019.022143,274,2096.122304
1084.140927,262,2096.255747
1021.685449,276,2096.397283
1092.447194,264,2096.529008
1084.935153,270,2096.66349
1093.051305,264,2096.799774
1012.513138,276,2096.947181
1085.996419,268,2097.08883
1014.259451,273,2097.232891
1005.481983,272,2097.376559
1010.96167,275,2097.524679
1094.39374,267,2097.659113
1066.836159,270,2097.794161
1095.603198,264,2097.931792
1059.281132,266,2098.07898
1086.264727,269,2098.218812
1002.831168,276,2098.364464
1026.849767,272,2098.507875
1105.186688,268,2098.649554
1084.332297,262,2098.787579
1056.130168,267,2098.929032
1061.330248,269,2099.072157
1063.728485,270,2099.211814
1044.873473,270,2099.361252
1102.795316,265,2099.518141
1070.560742,268,2099.670082
1078.448433,271,2099.80602
1076.147175,266,2099.941164
1068.628314,270,2100.075911
1103.729868,267,2100.208553
1087.168339,266,2100.356681
1074.049835,267,2100.512707
1022.741746,274,2100.672597
1054.457119,266,2100.827878
1097.019841,270,2100.969811
1077.804345,267,2101.103411
1036.580274,273,2101.240449
1083.614356,268,2101.374765
1054.937908,269,2101.509502
1111.442247,269,2101.644595
1095.851404,271,2101.784859
1074.743281,268,2101.938899
1042.571066,270,2102.097474
1101.522332,269,2102.254115
1052.281165,261,2103.153086
1086.920205,284,2103.362153
1221.055558,284,2103.574479
799.495626,207,2103.726463
1186.784239,272,2103.926408
806.812474,218,2104.093266
1050.425668,252,2104.300961
1035.935971,229,2104.655598
1185.507707,249,2104.781862
1161.128204,253,2104.910912
1017.063843,245,2105.041066
1085.465106,235,2105.172504
1191.253156,252,2105.326134
1131.67919,241,2105.455389
1067.874689,233,2105.573388
857.12243,205,2105.678911
1122.080568,241,2105.802033
1058.302365,232,2105.918148
1104.851851,238,2106.036517
1127.765875,241,2106.156863
1137.149845,242,2106.277029
1178.487603,250,2106.4034
1191.586251,252,2106.528943
1146.287781,253,2106.657022
1229.749206,257,2106.791665
1123.415368,251,2106.922058
1182.954516,248,2107.05513
1178.947981,248,2107.198335
1136.791944,252,2107.338785
1181.769478,253,2107.475001
1145.224421,253,2107.606685
1142.407772,243,2107.749295
1116.492933,238,2107.891936
1071.073204,234,2108.010442
1170.155266,250,2108.146263
1147.868846,244,2108.272733
1066.678588,233,2108.389006
964.282352,221,2108.499115
1178.256965,248,2108.626273
1103.599222,238,2108.744887
1177.429999,248,2108.869338
1170.275031,254,2108.996707
1161.149291,245,2109.125008
835.845244,202,2109.255433
1118.242274,244,2109.402002
1185.302503,249,2109.548996
1174.092433,254,2109.694103
1106.222624,237,2109.832999
1114.077845,252,2109.980288
1088.165726,242,2110.118225
1008.619053,225,2110.251415
1137.643097,243,2110.406351
1095.325356,251,2110.55099
1089.386761,235,2110.684675
1133.941666,241,2110.821656
1106.653272,238,2110.954411
1178.450447,248,2111.085639
683.682208,186,2112.091187
1134.412191,274,2112.343007
958.187739,229,2112.533846
1134.166155,265,2112.755646
628.857378,190,2112.9068
1124.549061,264,2113.103498
1036.813248,258,2113.295215
1018.892614,274,2113.502703
1243.641364,281,2113.737076
1311.131133,283,2113.879972
1223.245151,280,2114.023037
1313.515452,285,2114.16776
1038.859781,269,2114.304614
1308.273895,282,2114.447263
1162.139388,262,2114.580094
1040.430535,268,2114.715324
1095.265485,272,2114.858788
1317.902472,282,2115.024555
1257.763192,282,2115.189498
1099.11278,252,2115.332129
1309.983159,281,2115.493653
1235.468421,280,2115.634485
1340.486654,281,2115.776047
1037.0349,269,2115.912936
1138.210422,274,2116.050796
1067.187542,251,2116.176664
1123.628166,258,2116.31061
1049.839488,250,2116.438081
1349.642523,282,2116.580812
1107.19074,270,2116.716735
1073.95995,270,2116.855136
1309.802905,283,2116.99895
1159.537666,262,2117.131039
1302.809649,282,2117.293267
1290.742088,285,2117.440133
1095.160949,251,2117.567951
1036.569786,248,2117.693968
1076.205599,250,2117.81984
1200.21914,279,2117.960365
1099.757013,255,2118.08986
1195.999122,277,2118.229772
1117.877684,271,2118.366283
1310.906387,283,2118.525026
1362.542504,287,2118.693243
1044.068004,249,2118.838041
1140.903926,260,2118.968634
1115.310414,257,2119.097793
1049.750086,249,2119.223889
1311.336608,281,2119.365643
1364.751568,285,2119.524851
1204.440257,268,2119.685247
1051.535488,250,2119.845684
1171.770963,264,2120.023506
1149.776885,261,2120.19587
1120.694124,255,2120.36064
1312.135016,283,2120.544301
1306.774172,282,2120.734764
1357.851934,285,2120.924356
1009.018142,245,2122.038342
752.028211,199,2122.237485
1175.498645,302,2122.508735
992.185576,246,2122.720917
1033.286302,256,2122.964323
1097.690485,265,2123.20333
995.926696,255,2123.420592
1080.957112,267,2123.680262
1031.522161,251,2123.86951
950.709099,236,2124.006138
935.966998,234,2124.147082
1044.461204,255,2124.279234
1038.470694,253,2124.406119
1073.814847,260,2124.536278
1015.29645,249,2124.670689
1006.127876,246,2124.812242
933.834655,233,2124.946472
1029.178848,251,2125.075579
1033.641396,251,2125.200483
947.894905,236,2125.319812
958.0561,237,2125.437748
1055.494188,258,2125.566488
923.204607,226,2125.685859
957.449902,238,2125.823799
931.414866,228,2125.940007
1062.462696,253,2126.067727
970.97491,240,2126.187531
953.615773,236,2126.305379
962.970407,237,2126.423738
1119.521958,260,2126.554073
1139.753525,265,2126.685822
966.963407,238,2126.816759
987.324161,244,2126.954931
962.697742,240,2127.076073
936.683987,234,2127.19306
1077.158569,264,2127.325759
966.590762,240,2127.446832
971.369677,238,2127.565254
937.845455,235,2127.683406
937.005495,234,2127.800196
1035.909518,252,2127.928581
1046.800625,256,2128.076552
1108.457877,257,2128.225191
1044.063725,254,2128.373152
1139.876836,266,2128.528679
940.347601,235,2128.664321
1059.096575,264,2128.798896
1043.095644,254,2128.942693
1113.786453,259,2129.081999
974.676539,241,2129.202432
939.051379,235,2129.319445
957.543062,236,2129.437605
1029.486577,250,2129.563167
954.3401,237,2129.698597
947.126679,236,2129.816441
1137.030432,267,2129.949036
926.287062,233,2130.074291
1019.565147,248,2130.220133
972.336085,238,2131.116493
1200.139993,277,2131.321782
840.734051,204,2131.471853
1096.163088,262,2131.667296
1322.811793,277,2131.873404
684.683482,210,2132.027853
921.648555,234,2132.234951
840.885715,230,2132.438883
1033.126413,278,2132.700365
1098.314399,265,2132.852703
1099.401376,271,2132.998022
1050.265706,270,2133.133937
1102.223788,278,2133.273849
1101.549569,263,2133.404419
1085.17352,269,2133.538342
1009.549667,277,2133.678664
1096.454861,265,2133.831382
1093.716081,280,2133.99504
1099.968418,269,2134.140439
1079.281138,272,2134.278852
1065.989846,270,2134.413145
1043.964984,280,2134.553574
1039.790897,271,2134.688823
1043.267497,279,2134.828629
1033.385872,273,2134.965903
1050.292713,270,2135.104982
1055.815987,274,2135.267797
1072.899125,273,2135.428403
1074.074107,272,2135.573318
1054.047307,274,2135.71044
1076.380612,274,2135.849157
1100.299187,269,2135.983282
1078.068923,276,2136.122083
1021.158498,277,2136.260579
1057.815295,274,2136.418762
1030.308641,275,2136.578188
1116.755173,279,2136.73014
1088.986086,270,2136.866056
1037.983287,271,2137.003265
1077.220298,283,2137.158849
1044.695982,273,2137.317092
1079.114305,278,2137.473554
1110.862772,271,2137.617082
1061.01578,273,2137.767841
1032.490301,280,2137.909275
1117.079327,269,2138.054107
1013.542586,275,2138.191521
1108.387879,268,2138.330919
1014.24722,276,2138.483707
1087.505836,274,2138.626707
1036.496898,270,2138.78788
1041.203954,275,2138.940616
1091.176675,263,2139.074434
1077.518387,275,2139.214174
1089.831333,264,2139.349752
1086.351953,263,2139.484767
1103.719623,265,2139.631499
1049.407999,274,2139.789285
1110.361202,287,2140.861695
589.534417,185,2141.017032
912.12695,223,2141.222125
646.175479,189,2141.38698
759.975453,222,2141.591904
820.255036,206,2141.779193
1584.228472,334,2142.100849
1254.999038,285,2142.334898
1033.430933,267,2142.613103
1079.452581,280,2142.782711
1076.202549,275,2142.945869
1044.791978,273,2143.109622
1056.376107,274,2143.270815
1098.295542,270,2143.41988
1111.360066,267,2143.575528
1075.584705,266,2143.716194
1179.069323,267,2143.850665
1083.149149,272,2143.990152
1047.0613,269,2144.148817
1075.331531,259,2144.279718
1036.15444,264,2144.411781
1057.381977,276,2144.565197
1079.940031,260,2144.704829
1128.828529,252,2144.831016
999.992275,263,2144.963172
1036.068612,268,2145.099038
1092.769299,269,2145.235613
1027.286736,267,2145.369884
1105.033354,263,2145.502089
1117.17755,266,2145.636555
1137.380065,268,2145.793048
1060.616868,272,2145.948073
1109.047356,266,2146.081842
1112.012795,265,2146.215252
1077.436702,270,2146.35194
998.868234,264,2146.485686
1079.816543,280,2146.626598
1063.15816,273,2146.766325
1164.301239,263,2146.901011
1094.517235,267,2147.035001
1088.694753,260,2147.169172
1028.75091,268,2147.307975
1050.820611,273,2147.446685
1099.360385,263,2147.579221
1029.517536,265,2147.712916
1038.737198,268,2147.849429
1089.656121,270,2147.985384
1095.012035,269,2148.121576
1104.010788,247,2148.245526
1105.078973,267,2148.396505
886.256716,215,2148.523039
1083.253883,272,2148.68376
1081.999741,261,2148.814121
1104.709877,263,2148.945526
1086.045374,247,2149.069036
1059.097868,273,2149.205277
1096.95103,268,2149.343725
1118.218188,264,2149.489582
1014.483477,253,2150.421337
1125.732056,266,2150.627676
1216.388689,270,2150.828395
611.156951,181,2150.962367
1058.448684,268,2151.163485
885.562581,227,2151.332368
1015.705449,261,2151.538327
1050.153699,262,2151.758053
1079.169903,255,2151.943487
1062.419446,254,2152.071777
1102.210583,258,2152.201756
1268.319274,278,2152.34279
1078.517971,267,2152.477017
1031.824086,267,2152.611199
1169.458576,265,2152.765288
1082.807928,267,2152.90987
1295.76593,279,2153.051299
1106.585508,267,2153.185578
1252.975161,266,2153.319108
1263.832393,277,2153.463476
1003.272122,263,2153.612161
1151.448421,263,2153.744707
1280.810999,280,2153.896407
1051.432916,252,2154.043104
1082.483623,256,2154.172646
1090.295054,256,2154.301798
1051.583896,252,2154.428903
1119.542335,259,2154.559289
1090.47198,257,2154.689591
1036.008911,268,2154.82457
1094.100361,256,2154.953551
1050.547215,265,2155.106882
1051.092427,265,2155.263304
1075.165324,255,2155.412664
1121.38114,259,2155.565384
1308.599556,279,2155.730059
1004.713723,274,2155.871086
1069.8871,255,2156.000511
1256.402159,277,2156.140228
1131.613073,260,2156.271258
1295.806457,275,2156.409595
1265.083402,280,2156.563547
1050.945564,252,2156.711213
1276.691385,281,2156.873714
1082.750613,256,2157.002841
1261.742859,278,2157.144099
1044.503177,265,2157.287485
1037.392804,267,2157.444787
1080.542458,267,2157.601792
1055.931845,266,2157.744571
1120.191429,261,2157.881491
1119.304406,260,2158.018524
1153.591544,264,2158.154678
1063.053908,266,2158.289865
1120.849486,259,2158.419966
1081.537606,256,2158.548672
1080.683052,254,2158.676017
1042.675731,266,2158.810755
779.973246,198,2159.668803
642.087053,191,2159.833064
1056.081054,281,2160.095109
1063.304054,274,2160.355995
1105.733384,272,2160.583578
910.453501,242,2160.789792
1303.276353,278,2161.063354
1104.040998,267,2161.30632
1167.375016,278,2161.534254
973.635492,236,2161.687861
1010.129235,221,2161.831145
1137.353315,243,2161.969824
975.449405,220,2162.094055
966.301402,214,2162.214368
1147.192469,248,2162.353639
1022.616225,231,2162.486039
939.018441,211,2162.608698
1237.835266,275,2162.768096
995.254874,224,2162.888555
1150.648224,247,2163.011653
942.112983,213,2163.132471
1017.026378,242,2163.274386
1197.564171,273,2163.436158
1021.361389,226,2163.549709
1260.074375,269,2163.68397
1029.919576,225,2163.795888
1120.392873,250,2163.920177
965.762718,216,2164.043724
1138.005961,250,2164.210012
1150.159736,248,2164.375067
1018.509833,243,2164.513731
972.669241,219,2164.638813
1015.703783,226,2164.767628
976.070279,216,2164.889584
976.857999,218,2165.012684
945.03096,215,2165.133693
961.305632,218,2165.269659
1036.817513,245,2165.431832
955.41652,218,2165.575343
1030.649118,271,2165.71931
1156.599754,246,2165.84218
1061.948377,232,2165.958405
1267.061757,270,2166.093797
1008.049738,230,2166.209089
991.968318,223,2166.320975
1023.064083,223,2166.432418
1013.857995,226,2166.545304
998.772255,223,2166.657504
1065.931053,231,2166.774544
1015.543634,272,2166.91095
954.349112,217,2167.02365
1284.871081,274,2167.163331
1022.203045,267,2167.303167
967.182259,220,2167.417669
970.216061,224,2167.532845
936.219454,212,2167.641632
969.279334,225,2167.757109
1150.942813,244,2167.882451
1323.809508,272,2168.837107
1122.144169,278,2169.068717
906.047474,257,2169.310143
1014.774091,276,2169.589753
663.821618,189,2169.760388
1013.563293,270,2169.985213
1047.233056,265,2170.206317
778.285334,200,2170.373842
603.843236,181,2170.523748
613.090633,178,2170.623368
620.049982,186,2170.723945
622.746047,180,2170.83813
637.4017,184,2170.953124
608.792022,177,2171.060246
624.24556,185,2171.163877
635.75069,194,2171.26259
644.789606,201,2171.365879
625.230057,182,2171.458604
611.56019,186,2171.553477
605.504274,181,2171.645672
622.962088,180,2171.738162
619.813335,184,2171.830428
606.184961,187,2171.924095
605.370627,176,2172.012202
622.52542,181,2172.102732
621.434133,181,2172.192884
620.380219,180,2172.282655
623.259152,183,2172.374297
620.647068,182,2172.467206
607.161112,180,2172.557554
633.328659,192,2172.654386
596.205901,181,2172.745445
622.626672,181,2172.836583
619.739865,184,2172.92897
602.37333,181,2173.019871
656.222803,187,2173.114179
610.899353,183,2173.206337
659.796892,188,2173.30285
628.962614,193,2173.402259
622.316316,180,2173.494841
627.216373,182,2173.588439
623.514066,186,2173.683955
624.137844,181,2173.776911
629.682926,188,2173.873417
625.222285,181,2173.966352
629.498396,183,2174.059961
622.087583,182,2174.151354
609.147551,179,2174.24125
627.612502,182,2174.332837
625.42957,187,2174.426906
596.092085,181,2174.517735
611.830411,178,2174.607246
622.71788,180,2174.697809
620.34199,186,2174.792167
616.829854,181,2174.882973
609.332882,181,2174.97378
598.674381,180,2175.064116
623.415588,181,2175.155133
796.762424,209,2176.045139
1116.519833,263,2176.240367
1064.803415,271,2176.441589
1127.62012,291,2176.658444
1209.472171,287,2176.874778
624.169732,182,2177.010902
961.170458,241,2177.191084
928.955125,246,2177.597677
1031.052702,272,2177.751098
1012.018098,270,2177.902549
768.756232,228,2178.030825
882.151099,240,2178.165816
1240.908117,290,2178.329998
1181.621062,293,2178.497924
801.453688,232,2178.631309
1173.529092,282,2178.799883
1034.212052,272,2178.983371
1156.146054,286,2179.171212
992.935524,251,2179.325199
664.377255,203,2179.4524
1101.976437,267,2179.603549
1174.114471,287,2179.766138
1047.998538,274,2179.920318
735.346966,222,2180.047202
1164.044688,284,2180.210493
1160.836961,283,2180.370702
660.450602,203,2180.493484
1025.772132,272,2180.6781
1171.494899,282,2180.860155
1036.083621,257,2181.005928
1036.163912,273,2181.159787
1159.240909,285,2181.321084
1066.193801,277,2181.478049
1169.19403,285,2181.639118
1167.256766,275,2181.796924
1005.458624,253,2181.940577
1157.70999,273,2182.094812
681.143654,212,2182.213757
1017.565581,270,2182.370515
1153.190353,281,2182.559241
1156.274009,279,2182.741846
1025.503882,270,2182.906048
664.022545,208,2183.021428
654.403842,201,2183.121722
724.032229,220,2183.231942
1235.481255,298,2183.381349
1163.241273,268,2183.516942
796.962746,231,2183.632668
669.056399,205,2183.734797
1250.301298,299,2183.88503
1156.228391,287,2184.037119
1468.008972,335,2184.233797
1165.637703,279,2184.397514
1164.810695,276,2184.536083
730.564432,221,2184.647247
1569.681921,331,2184.814311
663.831624,208,2184.918546
1032.005179,240,2185.89931
718.776025,197,2186.06202
953.376973,235,2186.256472
882.84688,267,2186.480326
1025.931903,248,2186.695762
1174.28092,282,2186.933792
1237.065172,263,2187.152937
1615.959007,311,2187.41184
897.93703,222,2187.555196
812.839031,196,2187.665665
841.009676,205,2187.782262
835.57322,200,2187.895254
1101.712876,273,2188.050622
875.201119,217,2188.173976
834.564668,202,2188.288733
877.403195,216,2188.413024
930.428746,230,2188.546385
903.856168,225,2188.675737
804.044782,200,2188.791292
801.158329,197,2188.905807
854.584181,208,2189.026726
872.665314,216,2189.152666
799.504738,198,2189.26797
852.205867,211,2189.39089
819.277031,204,2189.509437
899.508299,223,2189.639213
930.626104,230,2189.773022
796.206048,198,2189.888499
826.211827,201,2190.005673
798.295747,196,2190.119885
843.101749,204,2190.23476
861.34557,213,2190.348176
1102.235062,271,2190.495634
1106.168989,274,2190.650759
811.4977,199,2190.763175
963.139815,239,2190.898095
825.263658,204,2191.013165
802.693175,201,2191.126339
931.775968,232,2191.257275
790.487969,196,2191.367657
828.657541,202,2191.48132
859.032872,208,2191.598496
899.718425,224,2191.725013
783.753262,195,2191.835666
1067.40999,260,2191.983515
913.308885,226,2192.111878
940.696332,234,2192.248605
865.789997,214,2192.372818
939.672012,233,2192.506765
853.274915,211,2192.626879
903.675126,224,2192.754234
855.248256,212,2192.87512
830.074573,205,2192.991659
933.911739,233,2193.124197
1077.031168,265,2193.277218
819.679473,199,2193.391716
839.499862,206,2193.510129
843.589057,208,2193.629834
765.794903,191,2194.568009
1067.425659,282,2194.802776
1226.584031,289,2195.042939
1119.705669,254,2195.258307
1085.964876,263,2195.483619
676.310806,204,2195.658297
1256.80415,256,2195.878075
985.652606,249,2196.092408
1049.821322,285,2196.321986
716.453541,224,2196.445331
730.435344,228,2196.563952
639.383923,207,2196.669861
662.855581,207,2196.775563
889.461456,251,2196.904438
959.826088,273,2197.043886
861.516068,247,2197.170349
773.933231,232,2197.288914
635.971244,208,2197.395507
741.171553,229,2197.51043
1032.599463,281,2197.651405
755.584999,233,2197.768342
664.93105,207,2197.871908
710.922717,223,2197.983982
637.020207,208,2198.088177
930.99226,269,2198.223134
1044.772097,285,2198.366389
955.361803,257,2198.497191
721.416999,225,2198.6108
723.233935,226,2198.724713
634.582654,204,2198.827386
946.946826,271,2198.963968
714.965674,224,2199.077272
734.702346,228,2199.19254
713.43055,223,2199.305181
946.018402,270,2199.444022
725.379227,226,2199.571332
701.520987,220,2199.695434
1107.333011,289,2199.858863
670.411902,208,2199.976561
982.356128,260,2200.126638
1014.743201,264,2200.298177
652.134291,210,2200.447715
738.283827,229,2200.595487
986.137961,276,2200.751018
668.082214,207,2200.86825
1030.476898,280,2201.025652
900.65537,251,2201.167382
636.485501,204,2201.297538
888.722244,250,2201.447336
654.920147,208,2201.559566
668.314948,207,2201.664387
944.288675,270,2201.800015
700.24014,218,2201.911137
645.043536,207,2202.01441
792.628154,222,2202.125342
687.340073,209,2202.229806
849.600222,245,2202.352448
920.62798,253,2202.479919
676.292579,207,2203.360032
1027.060262,278,2203.56433
794.143636,217,2203.724125
676.76951,207,2203.893334
942.99398,263,2204.132004
1152.710383,284,2204.362094
1011.76805,264,2204.571942
1126.887067,281,2204.784219
699.582998,211,2204.949937
735.103579,219,2205.05904
711.41246,213,2205.173804
693.897586,210,2205.287513
704.764566,204,2205.389916
796.613925,227,2205.502916
688.464163,206,2205.605135
713.097135,205,2205.721053
733.613041,219,2205.840837
686.557444,205,2205.964821
716.011569,202,2206.075419
736.04602,219,2206.184492
720.911941,204,2206.286752
710.199105,206,2206.397615
733.152296,219,2206.513825
723.729989,217,2206.62219
717.899739,203,2206.723647
737.021097,220,2206.833681
986.336014,246,2206.979289
700.98874,211,2207.102155
710.753637,206,2207.222471
690.280583,206,2207.342607
708.234674,204,2207.446429
691.549036,209,2207.553312
707.529204,204,2207.663228
715.299958,205,2207.783002
733.408554,219,2207.909195
819.073442,226,2208.043936
731.127242,219,2208.173752
727.766703,218,2208.292666
703.122178,206,2208.395581
709.866298,213,2208.502137
711.350941,204,2208.608603
716.072624,206,2208.720959
719.051051,203,2208.828124
734.644649,220,2208.946232
733.397828,219,2209.061914
692.296353,209,2209.168837
727.626476,218,2209.279762
704.769834,205,2209.38586
723.838819,217,2209.499177
702.190909,205,2209.611849
701.747348,205,2209.731623
732.090167,219,2209.858322
1051.194513,254,2210.002504
962.901006,248,2210.131588
1113.128416,264,2210.270153
697.03781,209,2210.379538
716.236773,203,2210.481731
921.802756,238,2210.620996
723.138783,218,2211.535657
1072.630233,277,2211.741222
1076.844829,269,2211.941051
1096.464069,269,2212.139938
1336.485381,270,2212.33825
1140.308253,292,2212.555827
1082.104042,281,2212.763359
1181.185887,285,2213.044514
1004.464872,224,2213.157524
646.20903,188,2213.250871
640.903311,188,2213.344047
812.773397,207,2213.447254
641.556581,189,2213.540892
631.724285,193,2213.636357
647.647775,189,2213.731022
646.589747,188,2213.825204
648.302003,191,2213.920211
652.047692,200,2214.019537
940.888632,238,2214.138025
635.78311,194,2214.234152
643.410149,196,2214.332611
656.406064,198,2214.430831
1270.484216,293,2214.576665
632.826364,193,2214.672424
640.458775,193,2214.767953
634.385266,189,2214.861556
644.779563,191,2214.957812
643.109101,188,2215.051001
639.370589,191,2215.145545
642.390998,193,2215.241249
998.247114,223,2215.352336
653.280663,204,2215.453446
1090.663113,255,2215.58096
895.859359,210,2215.685292
641.963772,189,2215.77879
651.578247,200,2215.880125
1133.402429,262,2216.013025
671.714897,190,2216.109882
656.302009,201,2216.210296
644.64271,193,2216.305992
655.794271,203,2216.406657
656.040044,200,2216.50577
657.833698,207,2216.609709
681.543309,203,2216.71156
644.674421,188,2216.805837
828.64165,204,2216.90751
652.63466,202,2217.007664
645.53515,192,2217.102659
628.411108,188,2217.195617
644.864347,193,2217.292347
820.05865,203,2217.394179
647.382542,189,2217.487845
1219.25706,285,2217.629572
651.884162,194,2217.725554
635.677798,191,2217.819915
653.623306,190,2217.91485
649.292364,196,2218.01177
671.260544,191,2218.894977
1188.417345,278,2219.129394
683.294063,200,2219.297369
1088.014614,256,2219.509551
1005.270804,232,2219.705248
1274.570067,272,2219.933354
1000.419298,270,2220.158268
1175.611164,266,2220.37975
1040.297356,257,2220.612967
1103.331017,273,2220.770442
942.207202,245,2220.913291
1116.939927,283,2221.076834
1123.254487,286,2221.240774
1091.448559,276,2221.398694
1107.280791,284,2221.562615
1095.618616,270,2221.718616
1104.314979,269,2221.873352
1007.277936,252,2222.016606
1038.825899,256,2222.162701
825.308301,232,2222.293651
1118.101766,276,2222.451523
1077.752073,261,2222.601664
1124.572935,287,2222.757242
1087.497282,262,2222.888665
1133.174276,288,2223.033636
974.727051,247,2223.157434
1026.178364,254,2223.286023
1093.957092,275,2223.423901
1109.35452,281,2223.564775
894.693557,239,2223.684393
1120.392069,269,2223.818826
993.463047,251,2223.945276
1101.366738,277,2224.084449
1027.707177,254,2224.211436
976.040901,249,2224.336376
1020.284148,254,2224.463731
1109.32383,285,2224.608047
1108.252231,266,2224.741137
1103.235818,276,2224.879888
1099.730128,279,2225.019983
1035.100667,255,2225.149418
1107.586187,275,2225.288079
1082.588893,262,2225.419812
1109.77985,279,2225.561636
1105.390715,284,2225.708595
1099.894839,282,2225.85078
1097.629915,279,2225.991446
1122.880561,270,2226.127616
1069.008975,260,2226.258384
1099.713378,278,2226.399211
1101.036698,269,2226.534602
1027.092363,254,2226.662353
1105.471258,266,2226.798528
1108.807493,283,2226.942796
1020.064241,254,2227.070302
1050.373952,258,2227.200522
1007.289752,252,2227.331143
1068.118421,260,2227.466038
1096.63461,269,2228.393855
913.302853,248,2228.588377
1159.472405,262,2228.795027
781.878566,227,2228.983758
1131.707724,264,2229.20367
621.414159,181,2229.354344
1287.142072,279,2229.586185
1034.545887,268,2229.810913
994.750305,243,2230.005365
1085.127089,277,2230.162476
892.165926,227,2230.293236
978.470668,267,2230.447086
1064.550748,263,2230.590373
725.231583,204,2230.693439
1009.669672,247,2230.818429
1029.868128,258,2230.947854
1045.773583,260,2231.079617
1094.863703,270,2231.214454
990.26693,266,2231.357715
1071.870345,272,2231.543857
984.581419,249,2231.700401
836.114691,220,2231.829812
1027.043255,259,2231.991073
1004.212008,254,2232.123233
1070.263625,264,2232.259151
1079.199106,269,2232.398052
963.347877,267,2232.552824
1014.919151,256,2232.704052
998.70316,253,2232.848441
1083.028017,268,2232.982409
784.696779,216,2233.092747
1084.329655,272,2233.240578
1013.000898,260,2233.379127
869.147826,224,2233.497004
801.570734,212,2233.613008
763.011274,207,2233.725919
1071.630952,264,2233.866506
1026.385919,259,2234.002698
986.196303,249,2234.133523
1031.88301,258,2234.269243
1080.24272,269,2234.410684
902.20989,231,2234.540966
983.302159,249,2234.687053
967.23702,263,2234.832274
1072.984817,265,2234.975352
993.916556,252,2235.10787
994.480035,253,2235.240893
984.373969,249,2235.372007
1062.573157,265,2235.511297
984.708233,250,2235.639229
987.013272,249,2235.763184
1082.997277,273,2235.899095
924.801895,234,2236.015568
1052.303194,253,2236.141685
1030.711024,258,2236.270309
1047.503518,261,2236.403191
1085.039171,269,2236.540058
1057.81677,261,2236.673234
1021.928369,259,2237.643518
1074.267101,255,2237.855197
1038.014281,237,2238.053205
935.648768,263,2238.27338
984.251557,236,2238.469834
1255.963068,275,2238.69776
658.95366,201,2238.863364
713.120466,185,2239.015863
676.810965,190,2239.249012
650.8813,204,2239.363349
649.987317,190,2239.471534
637.240688,190,2239.579772
1150.427142,271,2239.734101
644.357784,193,2239.843912
651.470814,191,2239.952682
648.816683,190,2240.06074
642.472097,192,2240.169946
1226.22354,296,2240.331879
649.847609,189,2240.428549
658.593176,207,2240.533227
1050.293096,251,2240.660713
1155.94586,275,2240.800101
638.347898,191,2240.896738
649.327981,200,2240.997981
645.269673,197,2241.097696
648.013344,189,2241.193243
667.761515,192,2241.290283
641.209877,191,2241.386805
639.511843,190,2241.483032
653.959683,201,2241.584668
654.29165,193,2241.682237
649.283283,206,2241.785427
666.295495,189,2241.879068
645.935122,200,2241.978024
651.173995,200,2242.076907
646.837118,194,2242.172787
668.581843,190,2242.266825
641.31342,193,2242.362098
914.080667,213,2242.467844
631.369393,189,2242.5612
656.556576,190,2242.65504
647.808466,195,2242.751436
638.04001,191,2242.845932
647.093888,198,2242.943614
686.152649,189,2243.037255
658.030064,190,2243.131083
664.851772,206,2243.233216
639.025041,189,2243.326554
656.477119,207,2243.429036
815.590551,203,2243.529836
684.669192,190,2243.623899
811.962786,202,2243.724105
638.166354,199,2243.822576
900.992268,211,2243.92733
642.198468,194,2244.023293
637.894621,190,2244.117351
670.340745,204,2244.218373
652.358614,201,2244.317827
529.920986,162,2245.179534
1134.992518,262,2245.383298
928.76005,235,2245.558355
1185.909491,290,2245.772456
1028.035864,260,2245.964434
745.68293,218,2246.125177
922.777572,231,2246.295238
1041.478647,250,2246.479628
1008.055934,242,2246.722216
680.372228,211,2246.83003
942.660241,234,2246.948933
709.161216,212,2247.056504
772.994651,223,2247.170286
880.664128,245,2247.295289
746.645301,225,2247.410068
676.939848,209,2247.516272
1121.447342,293,2247.665705
673.838758,211,2247.773137
672.537954,211,2247.880531
677.60714,210,2247.98707
1014.314989,244,2248.111318
1011.975931,259,2248.243609
673.766368,210,2248.350621
965.609735,254,2248.480218
741.899403,225,2248.594967
974.887939,268,2248.73158
987.064343,270,2248.869027
1051.970447,264,2249.003786
742.563583,226,2249.119076
684.671468,210,2249.225679
679.429026,213,2249.334117
848.507686,241,2249.456883
987.245811,269,2249.593831
685.012539,210,2249.698905
668.351946,211,2249.804152
938.037565,258,2249.93935
669.951966,210,2250.049428
679.919696,211,2250.160072
758.31932,229,2250.280284
749.253564,226,2250.398934
799.35525,225,2250.517162
748.933252,227,2250.636653
720.583802,220,2250.754182
671.514226,208,2250.86333
1049.391643,263,2251.001752
717.8311,219,2251.11698
745.552033,226,2251.238245
985.460333,269,2251.382738
956.926028,253,2251.518873
869.342791,242,2251.648975
667.968015,208,2251.760783
999.7868,269,2251.905268
672.97368,209,2252.01717
964.860291,264,2252.15912
680.142668,209,2252.271019
750.184653,227,2252.392126
762.273573,230,2252.509248
959.904562,268,2252.64578
672.809131,203,2253.48927
785.942655,225,2253.654982
1303.125395,290,2253.868093
992.730757,244,2254.047444
1195.271409,270,2254.249287
1015.049466,241,2254.436238
846.574003,237,2254.620336
674.420967,202,2254.782024
1051.834427,250,2255.037438
1082.252806,254,2255.173869
1276.060484,287,2255.320807
3205.883526,500,2255.570234
1079.1301,252,2255.701058
985.554594,282,2255.850741
1049.676376,250,2255.982043
1054.561633,290,2256.129922
1337.802845,282,2256.272329
1172.270357,266,2256.405205
1110.510646,283,2256.554866
1137.993969,258,2256.691286
1187.73061,267,2256.831079
1072.05853,251,2256.96361
1343.337382,289,2257.11866
1310.488309,284,2257.268479
1068.20665,264,2257.407078
1033.74847,248,2257.539534
1146.561248,262,2257.680416
1109.678376,280,2257.830531
1448.270617,286,2257.983904
1088.018252,280,2258.134107
1175.266932,265,2258.276338
1037.616279,248,2258.409584
1316.238643,285,2258.562409
1078.835495,265,2258.704528
1030.830794,249,2258.838312
1127.449752,286,2258.991671
1313.812328,284,2259.140811
1335.920843,282,2259.284817
1060.686274,251,2259.419659
1042.826774,249,2259.553306
1043.554997,290,2259.71014
1010.984131,285,2259.863616
1118.273932,286,2260.016843
1092.746468,278,2260.165892
1318.035333,285,2260.32624
1072.714812,251,2260.460967
1522.938834,298,2260.619996
1034.632721,248,2260.750101
1096.980623,254,2260.88297
1523.654225,298,2261.041744
2362.584844,402,2261.251287
982.501085,282,2261.395919
1099.884813,291,2261.546441
1078.857637,252,2261.674419
1127.447214,287,2261.819037
1090.086957,271,2261.955567
1133.946436,257,2262.083667
2086.501008,386,2262.278543
1115.542277,249,2263.163798
1068.185618,267,2263.369074
978.780469,234,2263.549963
918.208496,242,2263.748388
523.743517,168,2263.883503
1064.794327,232,2264.06262
974.874026,247,2264.255727
1152.202551,264,2264.452518
802.688222,190,2264.67207
1088.799718,241,2264.79359
1151.777954,251,2264.921639
1180.854138,254,2265.049152
848.159122,203,2265.150364
836.725683,202,2265.251299
864.209649,203,2265.352366
787.959248,198,2265.450591
861.454113,208,2265.554337
854.200964,204,2265.655803
1223.548559,261,2265.785009
880.165232,210,2265.888838
828.185825,196,2266.00782
868.63441,208,2266.133996
1143.229561,248,2266.280651
827.303893,194,2266.396053
859.672034,203,2266.517543
848.676383,203,2266.63623
792.196623,200,2266.754028
860.716676,200,2266.874366
1171.046927,255,2267.024655
816.899541,204,2267.143425
853.437014,204,2267.265481
1024.473448,229,2267.404033
858.935135,208,2267.526947
865.267031,205,2267.645754
1093.043557,241,2267.78576
821.685481,203,2267.905741
1035.217643,231,2268.041755
827.901971,202,2268.159694
1073.909166,237,2268.292081
842.355045,203,2268.400424
855.152557,205,2268.509231
855.996898,206,2268.618999
1114.967544,254,2268.750928
1057.661888,234,2268.87148
829.3705,201,2268.974264
1105.917644,243,2269.097346
1054.089233,235,2269.216919
1068.725591,238,2269.338915
869.630125,208,2269.446065
858.768174,207,2269.551769
866.745498,203,2269.655395
1070.196122,236,2269.777915
789.676305,197,2269.882399
840.633405,204,2269.990778
826.028824,196,2270.092607
795.617313,192,2270.191833
860.418243,206,2270.297476
1091.109958,240,2270.422762
980.848304,225,2271.32174
971.762193,237,2271.503302
995.991753,247,2271.697889
967.971341,260,2271.903472
957.280183,243,2272.089724
992.494586,262,2272.296643
1221.606754,259,2272.500145
1156.159541,275,2272.711114
968.346877,238,2272.878151
894.842767,217,2272.988978
844.040865,208,2273.095353
990.806583,242,2273.219086
895.298024,224,2273.334189
990.752427,241,2273.462924
1293.603456,283,2273.613403
1038.871128,248,2273.745747
903.62198,217,2273.86145
1270.533884,278,2274.009025
1249.389038,274,2274.154479
961.13185,229,2274.274858
895.066083,224,2274.38922
912.426323,220,2274.502154
872.011676,214,2274.614897
960.341032,236,2274.740324
994.839911,238,2274.863721
1040.000973,245,2274.988764
885.901599,213,2275.097498
1226.906086,267,2275.234299
1223.33436,269,2275.37384
898.08558,227,2275.491585
1242.306809,271,2275.631655
903.001531,219,2275.743589
1004.943491,239,2275.865919
1249.546818,284,2276.010822
1015.266508,242,2276.1348
1085.312044,250,2276.2627
930.949956,224,2276.376967
1073.102481,250,2276.505418
934.512643,223,2276.623299
965.932342,228,2276.745215
907.843733,216,2276.861099
972.313689,234,2276.986393
968.129615,238,2277.112076
1057.318945,247,2277.243608
1210.834955,265,2277.376328
862.999805,210,2277.490324
1256.605764,276,2277.656848
901.039291,219,2277.787895
996.8284,239,2277.946591
1229.528092,268,2278.117563
1018.816833,241,2278.260775
962.100072,228,2278.396076
842.446098,205,2278.517133
961.898352,227,2278.649745
889.194651,212,2278.772588
1144.523435,257,2278.923875
914.95188,220,2279.055341
1017.71734,243,2279.202489
954.760407,236,2280.194447
1054.967703,269,2280.509849
1143.922035,252,2280.75852
635.55741,186,2280.937165
750.616975,230,2281.138026
1129.953301,280,2281.377356
705.499054,182,2281.536852
922.610624,238,2281.749441
880.344865,211,2282.038045
883.604855,212,2282.161205
880.604035,212,2282.285371
907.975897,214,2282.398822
1010.1368,238,2282.535329
958.158633,228,2282.681297
1030.860125,243,2282.843284
921.48316,217,2282.97774
1060.459157,248,2283.136903
1011.694672,239,2283.280953
959.739851,228,2283.428641
937.663718,220,2283.570902
879.438879,208,2283.723289
919.752315,218,2283.875022
858.101532,205,2283.997784
891.29366,212,2284.117599
953.554665,224,2284.244047
961.621547,228,2284.372689
837.149655,204,2284.488024
886.801547,214,2284.609025
827.188804,203,2284.724072
868.61149,208,2284.843152
1056.593237,248,2284.982766
920.534498,216,2285.094676
904.282537,211,2285.202726
854.696215,205,2285.307099
810.802645,198,2285.406252
829.482161,203,2285.509841
959.696588,227,2285.625616
935.68649,220,2285.737895
816.224594,200,2285.839692
825.177476,202,2285.942533
1039.716826,245,2286.070041
816.622559,200,2286.174846
950.218182,226,2286.290588
1034.990261,243,2286.416067
977.010735,231,2286.534813
894.439421,212,2286.641376
888.425199,210,2286.747708
950.922153,226,2286.860976
896.46166,211,2286.966174
984.727558,232,2287.082315
846.915348,205,2287.184526
837.072288,200,2287.286087
866.323033,206,2287.38895
839.611998,204,2287.490662
821.32951,202,2287.591318
863.617796,208,2287.695048
862.746289,208,2287.799017
967.096976,229,2287.913468
829.430145,199,2288.747586
1017.563161,250,2288.932994
944.259821,247,2289.115789
1268.419138,278,2289.321119
729.65797,198,2289.468739
1102.834489,276,2289.681056
1133.594031,254,2289.869272
1141.56932,278,2290.074914
561.067088,173,2290.224166
933.867553,231,2290.33978
763.953201,217,2290.448186
692.357861,210,2290.553048
705.640885,209,2290.657526
749.089471,208,2290.76137
923.96241,229,2290.876962
860.320141,221,2290.98744
726.224047,204,2291.0892
710.647704,201,2291.190775
737.891246,206,2291.296015
739.888194,206,2291.401096
709.470709,211,2291.508705
758.707512,209,2291.615411
623.219742,185,2291.709658
1097.652315,248,2291.837447
976.736959,236,2291.958025
833.460745,220,2292.070611
646.271931,190,2292.165421
736.950194,213,2292.272054
645.942847,190,2292.366861
670.227613,194,2292.463772
1041.036511,239,2292.58338
1180.811559,254,2292.710502
683.101135,208,2292.814234
654.722562,192,2292.909849
581.534691,177,2292.998482
606.323285,182,2293.089219
644.793673,190,2293.184132
761.428328,217,2293.293845
667.128816,209,2293.398209
646.95827,190,2293.492616
689.270546,210,2293.598595
732.569518,205,2293.702943
755.446979,215,2293.812481
656.216003,192,2293.910053
922.864076,228,2294.02643
710.602512,209,2294.132967
925.918705,248,2294.259953
998.301577,266,2294.395697
686.420391,207,2294.500522
650.989832,192,2294.596028
654.024547,192,2294.691561
823.349972,220,2294.801173
773.851257,218,2294.909934
626.546581,186,2295.005896
766.223512,210,2295.111977
601.786906,181,2295.204306
612.980618,183,2295.296637
632.615023,187,2295.392053
424.075768,142,2296.185096
1041.78504,269,2296.384485
1099.890869,266,2296.581166
1117.211223,259,2296.772386
1083.586229,262,2296.967598
957.817517,268,2297.16845
689.15989,205,2297.324844
896.67176,227,2297.49285
914.265803,211,2297.720589
771.244755,200,2297.819812
794.727867,207,2297.922498
961.11403,218,2298.030781
939.013558,214,2298.138916
910.337366,212,2298.24427
928.823909,214,2298.35067
923.279737,224,2298.46186
744.545529,204,2298.563149
689.1504,199,2298.663029
869.016616,209,2298.769444
830.15259,210,2298.876402
898.537899,210,2298.983293
928.413989,213,2299.091821
689.281621,194,2299.191218
842.682174,204,2299.31096
1154.047143,248,2299.458529
920.809128,213,2299.597814
918.412074,212,2299.722025
712.334043,196,2299.837309
930.697917,215,2299.956982
937.353924,216,2300.077985
978.881132,219,2300.196618
719.271197,195,2300.293907
871.055078,207,2300.401779
918.805812,215,2300.514038
667.175228,187,2300.611066
667.868401,187,2300.708163
773.212944,201,2300.813997
709.526329,196,2300.929077
926.533804,213,2301.068696
828.617081,202,2301.196778
915.245816,212,2301.324879
872.370907,207,2301.444852
844.362032,210,2301.550353
770.697939,200,2301.650686
803.203602,205,2301.753741
811.573405,206,2301.856983
1150.548572,250,2301.98214
917.915232,214,2302.091985
1060.57051,241,2302.217042
833.982212,207,2302.320798
734.59004,200,2302.420978
715.574101,200,2302.530443
668.286316,188,2302.658155
714.686604,191,2302.764867
892.154801,215,2302.885198
693.935053,196,2302.994399
719.709737,196,2303.103587
1002.484039,222,2303.227829
391.079569,132,2304.132314
855.158708,232,2304.334666
1055.312423,235,2304.529742
934.698217,236,2304.731201
1154.739929,264,2304.951404
1217.19133,275,2305.184012
817.06566,195,2305.340811
1121.332332,268,2305.545138
776.787553,203,2305.842707
756.746446,210,2305.95878
1015.323358,260,2306.089303
983.306434,247,2306.213238
788.773414,203,2306.346357
757.224677,208,2306.466074
808.454144,205,2306.590309
764.64873,209,2306.715684
761.012397,210,2306.835805
1059.718335,269,2306.988347
770.738708,204,2307.104181
757.477591,210,2307.228589
788.849051,203,2307.361584
1019.975941,253,2307.53564
920.540912,233,2307.708283
759.430519,209,2307.846641
1045.699628,265,2308.002898
777.680223,197,2308.118933
764.276744,209,2308.237076
765.935724,199,2308.348317
1045.35156,266,2308.498755
1008.934103,261,2308.649261
796.776405,217,2308.771729
1026.447981,253,2308.911395
758.562209,211,2309.020484
776.650358,205,2309.122568
996.46274,250,2309.247171
758.799858,208,2309.35235
759.072544,210,2309.460158
1047.186919,276,2309.616381
771.816962,201,2309.731635
1038.143579,256,2309.891221
752.380495,210,2310.01672
758.128522,207,2310.129026
1046.337292,257,2310.257521
818.604675,202,2310.358357
759.81059,204,2310.459657
998.606826,249,2310.58392
1050.752115,267,2310.726757
774.377706,208,2310.844719
1002.658128,249,2310.990155
817.16755,202,2311.107933
800.378205,201,2311.223165
791.760221,216,2311.34993
1056.547285,259,2311.501313
1055.701409,260,2311.653615
764.196501,210,2311.774066
761.249003,209,2311.89204
914.414968,232,2312.026972
753.722194,210,2312.147825
671.691866,181,2313.077123
962.117579,236,2313.256998
685.753002,201,2313.405483
866.598601,246,2313.622881
839.354924,224,2313.833211
1002.004974,240,2314.046085
1041.113513,252,2314.253007
1163.50607,259,2314.447254
1300.470017,272,2314.750992
1293.619692,270,2314.885782
1255.957254,259,2315.014505
1281.18124,265,2315.146463
1263.696792,263,2315.290586
1236.395984,258,2315.442078
1186.498759,251,2315.588727
1171.336948,250,2315.742591
1197.479106,252,2315.903008
1152.774098,247,2316.05152
1169.31595,250,2316.19392
1245.823032,258,2316.323629
1189.513154,250,2316.449077
1244.861955,259,2316.578845
1256.198774,259,2316.719703
1248.35815,259,2316.873221
1160.753419,248,2317.014559
1162.966124,248,2317.15381
1274.651532,263,2317.301344
1229.502375,256,2317.444371
1166.267885,248,2317.583283
1299.292719,269,2317.73409
1288.008803,269,2317.90791
1300.806291,274,2318.069096
1154.302857,247,2318.209012
1138.403261,246,2318.347437
1261.647889,262,2318.4947
1276.361154,263,2318.642624
1267.852424,262,2318.790356
1179.262407,251,2318.931703
1179.198871,251,2319.073426
1159.564549,250,2319.214106
1281.8875,268,2319.363172
1256.290566,261,2319.49739
1245.252795,259,2319.626619
1277.272738,265,2319.759686
1216.693156,254,2319.889187
1287.011492,269,2320.026419
1265.93399,262,2320.160022
1217.736142,254,2320.289662
1255.334904,261,2320.422565
1215.82155,254,2320.551845
1279.289708,270,2320.690599
1271.057546,265,2320.823374
1165.190883,248,2320.947253
1162.789514,247,2321.07036
1159.59839,247,2321.193573
1257.163666,261,2321.323659
1266.882276,262,2321.454182
1151.008913,246,2321.576898
965.189203,218,2322.49889
1028.99503,276,2322.713582
959.196435,260,2322.907729
221.358355,94,2322.977657
1158.455271,280,2323.184258
1550.482824,327,2323.462919
796.966441,228,2323.661482
1055.346552,249,2323.845844
989.642376,242,2324.075984
921.696805,233,2324.193481
1130.583817,260,2324.324619
843.788949,226,2324.438175
831.621867,225,2324.551092
1075.250133,251,2324.678797
812.851727,223,2324.792159
813.857142,223,2324.906533
1136.330422,262,2325.042654
1156.221664,263,2325.182298
1140.352382,262,2325.334078
943.583804,237,2325.477232
864.385598,227,2325.608492
1123.311492,259,2325.75777
1066.647722,252,2325.902172
1144.818719,267,2326.054298
891.268361,232,2326.187048
1052.539429,249,2326.322799
1030.531906,247,2326.448886
833.300309,225,2326.563366
842.679314,226,2326.680378
1111.688513,254,2326.815683
988.166033,241,2326.93892
1132.56664,260,2327.072027
911.384021,234,2327.190934
864.204565,229,2327.306088
864.756314,229,2327.420842
1065.020287,251,2327.548249
1031.043379,248,2327.674583
895.676483,232,2327.791947
1128.256761,261,2327.925515
829.092276,224,2328.039789
1159.481961,264,2328.172996
835.440604,226,2328.287177
1058.909007,251,2328.417763
884.201042,229,2328.533139
821.511379,224,2328.645678
863.326822,229,2328.760723
957.936364,238,2328.880279
1044.335431,250,2329.008294
1116.157053,258,2329.139081
1008.912548,244,2329.261662
922.176592,235,2329.379624
952.853603,237,2329.500184
907.570301,233,2329.617518
845.09397,226,2329.730842
813.081506,223,2329.842735
863.681666,227,2329.956616
835.120992,225,2330.071815
1156.871833,265,2330.208417
1120.956282,265,2331.087786
1244.737809,281,2331.295541
1111.938316,253,2331.482521
914.641427,235,2331.663599
1096.238479,247,2331.854486
944.04221,222,2332.02475
1013.947876,265,2332.220975
1014.952421,276,2332.436035
1235.410273,284,2332.592712
1068.053047,274,2332.729027
1277.260003,284,2332.870557
1201.219193,285,2333.012389
1277.795418,282,2333.153142
1288.841935,281,2333.293295
1229.072484,284,2333.434707
1246.921643,286,2333.576971
1195.109505,288,2333.720285
1019.457141,257,2333.848201
1267.232688,282,2333.98866
1301.628332,303,2334.1417
1213.182084,280,2334.28422
1263.780996,281,2334.427384
1257.724323,282,2334.571185
1266.512151,280,2334.713979
1246.259774,283,2334.858444
1278.039224,283,2335.002989
3443.503049,499,2335.256913
1258.532974,285,2335.402153
960.954732,271,2335.540786
1185.875103,285,2335.685822
1264.088345,282,2335.829787
1256.475404,285,2335.974845
1194.474086,286,2336.120389
1270.088022,283,2336.264503
1296.531176,284,2336.409014
1211.03373,282,2336.552603
1248.083556,283,2336.696875
2728.206674,436,2336.916165
1215.450799,283,2337.057132
980.723953,273,2337.193818
1288.569953,283,2337.335012
1250.541657,284,2337.476232
1309.05552,285,2337.618485
1227.385964,281,2337.758432
1072.260448,293,2337.904812
1255.006777,284,2338.04622
1291.602491,283,2338.187541
1261.653883,284,2338.328647
1179.095627,284,2338.469655
1007.578132,258,2338.597719
1202.759837,283,2338.738551
1209.498284,284,2338.880096
1267.229255,285,2339.02207
1167.725359,277,2339.159948
1173.155011,279,2339.29968
1242.094293,282,2339.440132
1022.95385,257,2339.568076
1107.728472,288,2339.711951
1793.229456,330,2340.643655
620.09278,190,2340.783813
1301.412159,289,2340.997236
1110.967872,258,2341.188244
1151.758525,279,2341.400838
1035.419001,255,2341.596967
706.487714,201,2341.752689
668.656498,189,2342.050297
633.446845,186,2342.142819
869.653019,207,2342.247318
669.458304,191,2342.346908
623.166176,186,2342.443866
617.359533,185,2342.540255
708.342876,194,2342.641615
677.962135,191,2342.738391
706.572632,193,2342.834917
849.929488,204,2342.937055
671.885177,190,2343.031877
604.55605,182,2343.122397
640.319063,188,2343.215999
686.474913,191,2343.313103
668.650195,190,2343.409792
889.473091,208,2343.516282
897.447795,209,2343.626407
609.878382,184,2343.72105
667.364429,189,2343.817554
668.372446,190,2343.914394
643.419541,186,2344.009144
837.412206,204,2344.113427
626.716651,187,2344.212206
847.103516,203,2344.320091
871.382829,207,2344.423683
914.92045,211,2344.528944
896.487409,209,2344.636992
639.951139,186,2344.730661
777.898187,200,2344.830392
880.425265,207,2344.934144
828.887009,203,2345.035518
631.43837,184,2345.127197
628.523508,183,2345.218355
623.597103,186,2345.311142
768.405263,197,2345.409513
680.196403,191,2345.504902
668.806713,190,2345.600331
631.335513,187,2345.69362
661.520898,190,2345.788438
840.915759,204,2345.891921
632.977273,187,2345.987116
623.827579,185,2346.08151
895.884748,210,2346.189031
635.742377,189,2346.285352
632.071099,186,2346.380032
807.258548,201,2346.482551
899.393926,210,2346.589987
779.355165,199,2346.691543
668.60979,189,2346.788115
862.411698,206,2346.893676
721.064931,199,2347.741603
909.074217,236,2347.916476
1224.134873,273,2348.118446
1050.10999,229,2348.291706
1225.118851,284,2348.505731
1078.743982,262,2348.702981
657.34881,188,2348.841868
1140.25015,264,2349.038872
1073.732315,230,2349.248913
1181.608255,278,2349.388021
1251.285859,255,2349.51516
1234.425884,248,2349.638544
1059.408247,243,2349.76126
1178.280479,258,2349.890296
1340.114936,275,2350.028832
1187.76121,245,2350.155227
1239.983122,275,2350.292718
1088.423286,231,2350.409272
1154.157337,249,2350.53364
1054.716805,240,2350.653903
1119.382943,232,2350.770925
1365.606412,278,2350.910779
1212.538113,284,2351.053027
1229.03909,253,2351.178903
1119.849711,233,2351.295639
1264.191408,250,2351.421645
1130.629341,286,2351.564567
1230.252341,253,2351.691674
1167.899236,273,2351.832154
1140.447712,235,2351.954524
1312.597771,280,2352.098372
1201.477484,280,2352.241729
1191.302016,253,2352.374091
1124.755546,253,2352.502334
1254.947438,293,2352.648964
1055.070389,229,2352.78069
1109.942599,252,2352.928981
1217.81986,253,2353.08641
1119.262194,252,2353.268114
1183.196814,251,2353.440359
1073.025764,246,2353.601583
1223.297664,253,2353.745986
1246.502891,293,2353.910067
1088.004753,280,2354.07326
1394.860832,283,2354.240656
1169.613481,272,2354.412536
1243.708962,246,2354.560303
1315.502303,277,2354.719185
1059.025051,243,2354.847182
1158.337307,274,2354.986161
1052.343739,243,2355.108411
1200.528182,281,2355.250472
1055.420599,240,2355.371958
1208.55875,285,2355.523086
1251.687794,250,2355.652299
1164.412014,273,2355.790765
1392.589014,285,2355.933529
1053.528374,241,2356.05603
1215.390943,246,2356.947948
1078.695986,249,2357.135124
1210.08033,273,2357.335851
1160.420733,283,2357.546881
1181.767783,279,2357.755637
1062.232136,249,2357.943231
1682.448522,340,2358.202238
1029.120182,253,2358.442977
1016.993542,263,2358.574283
1023.637553,248,2358.698508
1083.621267,254,2358.825183
1002.921018,246,2358.951854
1008.622052,248,2359.077856
1085.49822,259,2359.209356
1283.88734,274,2359.348787
1068.421397,278,2359.490523
1024.781327,247,2359.614223
1077.496443,283,2359.758308
988.482329,252,2359.886373
1049.525818,279,2360.028492
1094.395156,255,2360.158973
997.270755,246,2360.285978
1024.173837,261,2360.420046
1020.047158,247,2360.545795
1000.305222,245,2360.669261
995.806816,246,2360.794287
992.21401,254,2360.922965
1160.668741,262,2361.053216
1004.036431,246,2361.177799
1051.20597,250,2361.305811
1003.588647,245,2361.430812
1078.692915,252,2361.559605
1106.437743,255,2361.69065
1093.19522,288,2361.839649
1292.574527,280,2361.980187
1003.215738,247,2362.103609
1054.254268,279,2362.242476
1051.254257,255,2362.369843
1016.548232,265,2362.501656
995.839869,257,2362.646741
1058.218405,282,2362.812243
1002.658844,246,2362.953857
1204.044209,260,2363.098633
1012.51617,247,2363.248339
1026.138711,251,2363.397822
1039.271681,274,2363.546204
1009.743929,261,2363.676984
1014.872564,258,2363.807432
1057.767191,284,2363.949796
998.632228,245,2364.072669
1108.777496,255,2364.201131
1067.611421,252,2364.328982
1024.383349,247,2364.457582
999.853664,246,2364.6286
999.359724,246,2364.802587
1057.145631,273,2364.970878
1146.046934,266,2365.145464
1099.946408,259,2366.200665
955.39572,238,2366.399702
1194.468624,287,2366.640594
1122.281129,255,2366.834307
919.821458,223,2367.000422
1068.753595,247,2367.185623
1120.102166,277,2367.398312
875.632511,232,2367.573304
744.842872,199,2367.7072
989.430707,251,2367.834288
753.2703,201,2367.934567
733.620073,204,2368.036176
979.509556,270,2368.174913
747.218391,197,2368.278234
1028.575514,268,2368.419262
745.470229,198,2368.524648
917.822214,235,2368.649344
1026.991903,271,2368.796616
733.0716,205,2368.911988
742.932866,198,2369.012517
1073.321819,261,2369.159643
734.842682,199,2369.271714
741.155908,204,2369.385279
745.391211,199,2369.487218
1027.221023,267,2369.620752
976.172497,269,2369.773039
730.683269,196,2369.889408
1014.394262,258,2370.043463
984.391668,271,2370.191013
1010.820447,257,2370.327021
734.742818,196,2370.429813
729.26075,208,2370.540401
734.394001,205,2370.651026
733.557591,208,2370.763144
1032.456229,265,2370.906294
734.240319,197,2371.020295
979.244867,250,2371.165178
980.993844,251,2371.308243
1008.439721,272,2371.451309
786.182935,216,2371.562764
1011.813629,270,2371.701723
962.135057,247,2371.828875
1072.297636,260,2371.960177
734.912342,201,2372.06026
1019.007487,259,2372.189831
746.280315,201,2372.292227
1085.181165,262,2372.424861
1030.976739,254,2372.552599
748.74203,200,2372.654159
728.604235,204,2372.755716
993.229806,253,2372.883373
726.822229,207,2372.987845
856.083732,225,2373.101282
752.81595,199,2373.213596
1015.954105,258,2373.352405
746.216638,200,2373.4589
905.172742,232,2373.582023
735.733631,199,2373.686403
742.419001,203,2374.653111
1140.125115,259,2374.868765
625.618269,201,2375.036766
999.247582,257,2375.252944
644.860576,197,2375.421157
1091.164033,253,2375.653497
717.277349,209,2375.828637
1018.038722,244,2376.043194
1066.025982,277,2376.364864
1045.841402,272,2376.500933
1107.330137,274,2376.641177
1077.599904,275,2376.780134
1084.098259,278,2376.937335
1103.207652,273,2377.104999
1082.179375,276,2377.274876
1082.834322,274,2377.422517
1052.6473,270,2377.558125
1078.832104,279,2377.699894
1089.884101,275,2377.844877
1104.785937,275,2377.997796
1019.115791,271,2378.155771
1087.629419,273,2378.315276
1057.244704,270,2378.453427
2696.128658,436,2378.682006
1054.870058,275,2378.83462
1046.64135,271,2378.98612
1037.959723,275,2379.13555
1080.556688,276,2379.295595
1060.280057,273,2379.472122
1091.962014,277,2379.645852
1075.469186,273,2379.827868
1074.988346,264,2379.988409
1087.884309,274,2380.128181
1026.735285,270,2380.273289
1087.354138,271,2380.432585
1090.670051,276,2380.587835
1086.73302,273,2380.738878
1110.022043,270,2380.899375
1058.543484,270,2381.061392
1025.928777,271,2381.218845
1056.025339,272,2381.359409
1077.753183,277,2381.501341
1083.552168,274,2381.64138
1100.274068,273,2381.779923
1086.911541,277,2381.931906
1525.034677,327,2382.106085
1080.624709,276,2382.257854
1115.959033,274,2382.419624
1051.237858,272,2382.583183
1077.311099,277,2382.73947
1099.859901,276,2382.888933
1087.884129,273,2383.048467
1031.203304,273,2383.217069
1059.11471,270,2383.359684
1056.766878,263,2383.492234
1059.578789,273,2383.631562
1056.921629,270,2383.76982
1071.572291,276,2383.910614
717.668707,193,2384.834162
1094.193727,238,2385.03602
1250.956389,279,2385.268051
1035.393588,281,2385.502896
985.056834,260,2385.718632
1098.643389,257,2385.934597
1104.244809,272,2386.168709
1287.575741,283,2386.585327
1304.672343,283,2386.766137
1440.402869,290,2386.934016
1321.28523,286,2387.11632
1270.173336,273,2387.264534
1334.18401,278,2387.417979
1199.538594,283,2387.568889
1364.183982,280,2387.737684
1212.679946,280,2387.912902
1288.319451,283,2388.06745
1190.792355,280,2388.20921
1337.815366,285,2388.350915
1386.193521,284,2388.493221
1396.295393,289,2388.636815
1370.227206,285,2388.778369
1184.183172,282,2388.918666
1373.116721,280,2389.058099
1332.275849,276,2389.195871
1176.582302,280,2389.358857
1416.799306,291,2389.512271
1317.228453,283,2389.657209
1341.246874,283,2389.801005
1356.908062,280,2389.950871
1284.74991,273,2390.093252
1398.672451,290,2390.237339
1293.190438,280,2390.39002
1178.881709,280,2390.544016
1338.4679,285,2390.703407
1175.423411,279,2390.862409
1408.30115,284,2391.007061
1522.900727,295,2391.15602
1568.509191,298,2391.323355
1429.129012,290,2391.474925
1218.083087,267,2391.610364
1397.529988,283,2391.754227
1409.846637,284,2391.89613
1374.576077,286,2392.039188
1218.361309,280,2392.178662
1327.462785,285,2392.322574
1335.289437,285,2392.465971
1429.154916,287,2392.609172
1446.251172,291,2392.754245
1380.28068,286,2392.898927
1554.062623,296,2393.048199
1354.650301,279,2393.188318
1193.398352,281,2393.32873
1412.102746,286,2393.470897
1431.124766,288,2393.614781
1436.269569,289,2393.760329
1399.318099,287,2393.904971
819.79579,225,2394.888034
1261.048825,291,2395.132255
1168.828926,256,2395.356215
1003.262558,253,2395.548293
1120.901045,278,2395.752835
1149.068141,274,2395.954676
952.408776,251,2396.140805
1229.497657,257,2396.443613
1276.246185,266,2396.576558
1254.96293,259,2396.706206
1279.839669,270,2396.851591
1272.861479,269,2396.996389
1280.056667,267,2397.139701
1280.608777,265,2397.281712
1201.049326,252,2397.416747
1273.65044,269,2397.560901
1169.351745,249,2397.695449
1257.661068,267,2397.839974
1271.86635,265,2397.982145
1239.562957,257,2398.120912
1282.610236,269,2398.262829
1270.607772,270,2398.400481
1220.46215,255,2398.530225
1267.633286,269,2398.667625
1273.013572,268,2398.8056
1240.472146,256,2398.933213
1270.809672,266,2399.066349
1277.457878,272,2399.202143
1248.31509,257,2399.330907
1272.310245,265,2399.463057
1279.529642,268,2399.597016
1157.065479,249,2399.721953
1243.585046,257,2399.850593
1274.244364,263,2399.982061
1217.590184,253,2400.110084
1279.678544,271,2400.252726
1249.794128,258,2400.388226
1287.434971,270,2400.529985
1279.190315,268,2400.67074
1282.809478,270,2400.80549
1286.969129,268,2400.939082
1250.113144,258,2401.067377
1283.825101,273,2401.204329
1269.689807,267,2401.337291
1262.054183,261,2401.467859
1286.631215,272,2401.603804
1259.558009,259,2401.737106
1226.552137,254,2401.870491
1266.876861,267,2402.01129
1190.384815,251,2402.143367
1272.828054,270,2402.285405
1248.872172,258,2402.420973
1279.935977,271,2402.563483
1270.053339,264,2402.700218
1267.146859,261,2402.838267
1272.283461,271,2402.992731
1280.753563,272,2403.147649
1242.956101,245,2404.126149
904.095122,254,2404.338546
844.766259,204,2404.508833
1050.511932,260,2404.728889
861.166045,227,2404.924835
1366.505446,264,2405.152891
1181.670459,280,2405.377432
1126.787217,272,2405.580619
943.629391,227,2405.737993
744.197555,220,2405.847982
1056.824594,240,2405.968328
901.217953,228,2406.083591
909.093118,223,2406.195563
1165.07783,265,2406.330014
1112.577927,239,2406.452677
844.468779,231,2406.568548
1134.736928,261,2406.69963
745.523131,219,2406.81053
1088.939481,235,2406.931354
749.78621,221,2407.044102
735.465437,213,2407.152389
822.062917,217,2407.262872
744.939372,220,2407.374888
1076.438716,234,2407.494034
736.597695,217,2407.60443
946.459233,227,2407.720194
1047.139994,236,2407.840608
1112.537844,254,2407.970108
751.272437,221,2408.082865
806.738377,215,2408.192322
1114.477111,254,2408.321796
752.251231,215,2408.431026
1116.201141,239,2408.553105
750.651255,221,2408.665842
751.847059,213,2408.786098
1062.392841,246,2408.926512
1131.247575,258,2409.074436
1047.444629,233,2409.207646
1039.120224,233,2409.340938
785.627179,215,2409.463515
740.817931,218,2409.587769
1083.42291,235,2409.722468
839.500496,228,2409.856592
1107.922086,253,2410.003073
822.977971,221,2410.131114
781.72613,215,2410.255296
803.068306,227,2410.386733
953.2343,228,2410.518669
744.854406,219,2410.645405
843.715294,231,2410.779324
789.629501,215,2410.903919
756.643857,220,2411.031418
1078.49252,238,2411.169501
899.945937,229,2411.300683
745.335309,219,2411.418632
1081.723135,249,2411.546956
1188.847384,273,2411.688556
872.329482,232,2411.808329
816.565737,213,2412.690657
774.271176,219,2412.85382
523.372529,172,2412.981915
731.827537,188,2413.121314
1140.177582,261,2413.315072
1360.075247,291,2413.531249
1270.248799,270,2413.731617
1108.980973,240,2413.909771
1085.668079,257,2414.203693
1150.730148,275,2414.345322
1188.173726,280,2414.489786
1227.558752,271,2414.62938
1030.697956,271,2414.769253
1030.654918,270,2414.908634
1042.524893,270,2415.048085
1075.07629,255,2415.179654
1074.465193,256,2415.311941
1031.878115,270,2415.451226
1170.825768,265,2415.587787
1055.048572,271,2415.727595
1165.327659,265,2415.864351
1032.667388,268,2416.005856
1237.380682,272,2416.161615
1034.055275,275,2416.31909
1208.455955,269,2416.473063
1226.875622,273,2416.629543
1289.764095,281,2416.79082
1204.644662,279,2416.950372
1113.554859,260,2417.099614
1052.914267,278,2417.259544
1272.871631,278,2417.41862
1088.845958,257,2417.565477
1235.765078,279,2417.722011
1195.370388,270,2417.873666
1262.768284,278,2418.021359
1183.442237,268,2418.15607
1244.507607,281,2418.296235
1031.164074,270,2418.431089
1190.454794,269,2418.56543
1268.537664,282,2418.705981
1250.148198,281,2418.845689
1021.639633,271,2418.980874
1055.167899,280,2419.122364
1258.534987,277,2419.263657
1041.50653,275,2419.404548
1285.669288,282,2419.548001
1160.60535,264,2419.682687
1082.472529,255,2419.812648
1063.632125,271,2419.950634
1264.797789,279,2420.092776
1267.250969,281,2420.236109
1283.566588,281,2420.379162
1249.035457,282,2420.522736
1223.18285,278,2420.664412
1096.543251,258,2420.797073
1155.338241,275,2420.937284
1270.073381,281,2421.080344
1036.889297,269,2421.217656
1059.373001,254,2422.15589
821.776764,206,2422.307379
598.06135,191,2422.447475
968.678702,249,2422.630933
1062.473865,278,2422.839737
990.576456,246,2423.027997
1008.91494,266,2423.229786
1114.152486,272,2423.43038
1025.780317,273,2423.641804
1217.133739,281,2423.782815
1059.343084,267,2423.916117
1190.189235,276,2424.053195
1218.941084,281,2424.192929
1048.454393,275,2424.329857
1071.697618,279,2424.468203
1206.721452,279,2424.606666
1145.533063,277,2424.745149
1077.067323,268,2424.878694
1411.88789,314,2425.035491
1179.6836,279,2425.174806
1542.068044,326,2425.337107
1223.101003,281,2425.476821
1185.10915,279,2425.616057
1196.04726,281,2425.756752
1557.655802,328,2425.919826
1059.994753,273,2426.056528
1030.622533,266,2426.189528
1205.493643,275,2426.328304
1189.481484,272,2426.463715
1207.719058,279,2426.60292
1110.721709,285,2426.745213
1211.220862,280,2426.885279
1209.398712,283,2427.027876
1215.355508,276,2427.16514
1199.461016,280,2427.305556
1216.042124,281,2427.445231
962.129656,267,2427.579331
1201.572322,281,2427.719442
1180.077363,281,2427.859527
1120.903975,286,2428.00194
1006.242632,271,2428.136877
1124.910352,286,2428.287589
1114.943594,266,2428.427764
976.429555,268,2428.568845
1099.217278,276,2428.721092
1046.974674,275,2428.874338
1174.1166,271,2429.023611
1162.449566,278,2429.165281
1155.480744,275,2429.310071
1060.934544,268,2429.477003
1211.258254,275,2429.640828
1199.750241,274,2429.804002
1201.519553,275,2429.966379
1025.523694,273,2430.125719
1185.902877,274,2430.285444
1206.489673,280,2430.454583
1208.593512,280,2430.601146
1208.91064,279,2430.764127
988.043424,270,2431.727181
636.744213,194,2431.900575
1037.138059,268,2432.134688
1145.353469,279,2432.348821
1050.742849,242,2432.526943
1100.248363,244,2432.706559
735.33069,194,2432.850521
1081.935179,267,2433.047886
920.150736,206,2433.229331
1079.01081,222,2433.345731
748.385829,185,2433.449753
949.338864,209,2433.55379
1202.296774,232,2433.674099
1187.087243,232,2433.794054
730.533881,181,2433.895125
1303.922391,243,2434.022602
739.842799,184,2434.118646
676.920426,173,2434.220062
789.114218,192,2434.317287
754.764321,186,2434.409707
1168.148265,229,2434.543966
785.153755,191,2434.652328
1195.235122,252,2434.777905
1362.087937,255,2434.904645
778.958406,190,2434.999005
701.56345,178,2435.087132
1173.786981,230,2435.201402
1365.455636,257,2435.328867
694.499957,178,2435.417176
1210.731378,252,2435.543073
1357.123186,253,2435.677263
772.508155,190,2435.77151
1262.251022,239,2435.890124
1374.957667,253,2436.019275
1369.269659,254,2436.147097
731.684465,182,2436.239534
779.157015,191,2436.336451
768.671818,189,2436.432569
1355.652009,255,2436.560268
686.360369,175,2436.648842
1334.985124,255,2436.778089
1151.086139,248,2436.905999
1378.985594,254,2437.035231
1379.229773,255,2437.179684
730.247916,182,2437.271467
976.430135,212,2437.3794
1350.255951,256,2437.509978
713.939964,179,2437.600736
1213.94424,235,2437.720308
1237.872764,237,2437.842636
767.208715,190,2437.941647
1017.193309,217,2438.051611
1261.449538,253,2438.178739
1270.425744,239,2438.300182
1042.126944,241,2438.423274
1029.38677,218,2438.531923
1010.672478,216,2438.639304
755.549013,186,2438.731574
764.29706,183,2439.568614
708.098302,196,2439.713688
1013.149857,248,2439.896555
1232.539534,276,2440.105678
1187.963248,277,2440.322933
988.487694,251,2440.511385
990.873664,279,2440.720106
1020.800258,273,2440.922707
969.836667,260,2441.115823
788.516428,234,2441.240865
885.433765,247,2441.37158
925.71561,252,2441.504337
831.631337,240,2441.632203
948.147223,255,2441.772989
871.032441,245,2441.922164
986.805881,263,2442.079867
975.859075,263,2442.247307
838.716087,241,2442.388371
948.635829,255,2442.533576
976.479772,258,2442.68219
966.310057,263,2442.832297
904.98919,250,2442.974639
854.686611,244,2443.118573
984.339864,264,2443.273008
984.714174,261,2443.423614
904.650469,249,2443.564345
945.584649,254,2443.701547
981.881583,265,2443.840396
830.592248,240,2443.992203
818.315116,238,2444.12548
789.410718,235,2444.255272
925.726612,252,2444.382913
906.742193,250,2444.50913
976.725328,263,2444.643778
903.148407,249,2444.769473
831.448295,240,2444.890227
985.146686,263,2445.022576
875.158796,246,2445.146232
811.26731,237,2445.275773
976.851813,258,2445.42165
979.532587,259,2445.569777
983.895862,264,2445.72095
817.097207,237,2445.858024
852.793477,242,2445.996532
907.91716,250,2446.139617
819.880569,238,2446.282315
871.895243,244,2446.429587
958.400161,256,2446.584144
983.487953,264,2446.737299
812.359288,237,2446.872297
809.289741,237,2447.006689
980.114712,263,2447.156687
851.19425,242,2447.29263
916.320362,250,2447.433013
974.988761,264,2447.595993
832.561417,240,2447.74004
959.809461,257,2447.89601
947.621139,255,2448.050372
400.328483,142,2448.961375
1174.159495,276,2449.190891
1088.502001,251,2449.405504
1253.239194,281,2449.641959
1072.347948,272,2449.856514
1226.155799,254,2450.044094
1052.410755,268,2450.243735
1120.042434,260,2450.435427
1072.819303,283,2450.62144
649.203755,208,2450.725488
1057.24946,281,2450.866632
729.602398,225,2450.980931
1096.596618,272,2451.119709
1055.858352,258,2451.250952
920.05636,254,2451.380262
963.206137,246,2451.505797
1092.123879,276,2451.643373
1121.801559,280,2451.787571
1066.392931,255,2451.922033
1378.155419,313,2452.087888
964.374242,246,2452.218696
1050.69477,260,2452.356
643.171996,208,2452.465805
895.513589,237,2452.591155
1071.019321,262,2452.72439
912.243986,256,2452.852533
953.577645,235,2452.969733
1073.791649,277,2453.107772
1088.243922,278,2453.252778
1097.722887,276,2453.399352
870.852391,235,2453.526051
1043.73878,261,2453.667094
1232.432449,317,2453.834297
1079.152646,287,2453.982453
1112.28088,280,2454.130815
1077.576368,264,2454.271152
1117.674401,276,2454.416962
1071.244318,283,2454.567365
1445.084032,321,2454.737381
1035.65088,245,2454.866606
1115.932614,273,2455.011741
1072.547614,284,2455.170781
857.988082,234,2455.302641
1106.496741,274,2455.455988
1116.513702,290,2455.613657
1105.318131,272,2455.784419
1028.81634,276,2455.952793
1318.966714,308,2456.111201
1081.742174,261,2456.241202
756.128546,222,2456.352646
1295.115125,314,2456.510148
942.492424,264,2456.64397
1069.146376,262,2456.787875
1119.036731,273,2456.932478
650.942255,209,2457.039724
914.253182,242,2457.163108
814.186352,235,2457.282444
1015.735745,256,2457.409914
1285.033696,311,2458.453171
1100.834537,279,2458.707373
1317.263191,255,2458.921515
1160.573633,275,2459.151373
1121.872865,258,2459.367097
1211.036499,281,2459.603846
1004.790036,269,2459.833918
1188.880742,297,2460.129329
969.294095,252,2460.266816
1065.475888,280,2460.409194
742.372705,212,2460.521333
660.471332,204,2460.645152
1103.427396,287,2460.811026
752.116574,222,2460.935701
687.570927,204,2461.049592
1019.36888,236,2461.181845
653.246531,201,2461.294305
1075.377097,244,2461.431123
662.022221,205,2461.551601
1023.724081,239,2461.69639
687.102057,206,2461.821658
713.951278,214,2461.943247
693.334289,207,2462.059
1060.093527,278,2462.214603
1040.253208,239,2462.344724
1030.868384,259,2462.476495
760.330827,222,2462.586832
1071.718223,278,2462.724717
861.423673,219,2462.83316
932.483329,232,2462.948431
1044.967479,270,2463.081972
676.808565,207,2463.184935
926.701547,246,2463.307314
689.716075,207,2463.410087
712.021842,214,2463.516455
701.638134,207,2463.619659
1035.804787,276,2463.759764
784.189246,217,2463.870018
1292.178551,310,2464.027619
675.205288,206,2464.132155
1052.268373,276,2464.272088
675.509348,204,2464.375303
682.907551,206,2464.479804
655.959087,202,2464.582013
826.397081,220,2464.693995
1042.481912,276,2464.833949
679.327355,209,2464.940267
967.109894,252,2465.068604
1079.222406,284,2465.213095
1062.664684,277,2465.353362
689.565988,207,2465.458236
1229.233552,302,2465.611499
718.201363,215,2465.720632
965.95103,252,2465.848397
1034.24854,268,2465.984127
1051.373456,241,2466.106631
1110.301035,286,2466.252208
594.350048,187,2467.091487
850.607898,230,2467.261358
990.705469,261,2467.454025
1300.759918,262,2467.646418
1049.544537,250,2467.833233
1110.769965,270,2468.040034
1098.111682,239,2468.222753
1355.25169,291,2468.44517
996.829911,236,2468.621611
1188.32237,258,2468.753343
1095.14034,256,2468.884536
1066.983373,253,2469.014019
1067.858907,244,2469.138765
1130.433226,254,2469.268665
1061.137294,243,2469.392673
887.684793,241,2469.515744
1023.005763,240,2469.638254
1061.004578,264,2469.77426
1013.325347,239,2469.897498
1182.040976,257,2470.025996
1075.563043,246,2470.149265
1053.34338,244,2470.271303
1134.182706,260,2470.401737
904.854407,244,2470.52383
1058.99364,244,2470.645762
1081.650887,246,2470.769023
1039.020605,241,2470.890004
1018.51948,239,2471.009948
1013.453024,239,2471.129374
1058.025807,252,2471.255431
1063.01123,245,2471.379166
1133.889304,255,2471.506949
1036.226751,242,2471.628496
1050.475024,251,2471.754288
1102.340361,255,2471.883554
1063.352953,246,2472.00671
1244.655905,265,2472.139186
1018.942291,238,2472.258131
1089.559474,248,2472.38201
1016.970963,239,2472.501278
1169.763464,264,2472.633471
1248.317142,265,2472.765755
1094.193983,249,2472.890279
1011.427638,239,2473.009693
1013.207078,239,2473.129023
1124.817667,260,2473.259313
903.988386,243,2473.383274
974.822284,247,2473.509747
1109.704981,252,2473.638453
1150.219008,260,2473.771479
1079.97143,246,2473.897082
1029.780233,249,2474.024445
1064.782145,245,2474.149713
1067.720251,253,2474.279355
1057.697279,253,2474.408993
1027.917125,241,2474.531978
1158.345193,263,2474.666549
1091.040277,255,2474.797308
1003.804458,229,2475.703123
1193.163136,279,2475.909001
735.376706,197,2476.053689
877.787367,237,2476.228039
1206.330696,273,2476.429421
724.555333,219,2476.590379
1051.735553,254,2476.781618
906.37177,236,2476.960581
1055.259359,258,2477.195632
1184.656291,260,2477.331526
1129.25205,253,2477.465734
1176.19967,261,2477.600584
1137.928777,260,2477.730409
1225.525188,261,2477.869236
1288.927959,264,2478.011385
1048.122648,242,2478.132126
1171.021354,250,2478.256625
1136.901969,262,2478.386977
1163.29903,264,2478.518203
1215.296321,259,2478.646997
1260.321717,264,2478.778226
1035.113877,259,2478.910192
1154.804456,249,2479.037057
1042.390764,242,2479.16034
965.95998,240,2479.286212
1068.648968,243,2479.424782
1191.076139,260,2479.585009
1110.145959,258,2479.741231
943.574643,253,2479.891676
1167.107262,262,2480.044882
1273.602538,265,2480.199571
1070.236664,243,2480.340596
1191.652075,261,2480.495497
984.043612,257,2480.650929
1231.215231,254,2480.802435
1202.853651,252,2480.948809
1162.208274,260,2481.099661
1074.881079,249,2481.244525
1197.367866,257,2481.392395
1161.878154,267,2481.545883
1176.471845,261,2481.697005
1178.214078,262,2481.82837
1204.66322,259,2481.95752
1132.551915,253,2482.084529
1034.313231,258,2482.213938
1246.963919,264,2482.346935
1267.007513,264,2482.479933
1089.573286,244,2482.604593
1101.407296,260,2482.736909
1165.207005,257,2482.865206
1230.451252,261,2483.015736
1038.246905,259,2483.164931
1240.462688,263,2483.314203
979.933392,242,2483.451911
944.918911,255,2483.596897
1172.290268,256,2483.744595
1231.867409,261,2483.893925
1072.957209,249,2484.036202
1019.819042,258,2485.040771
1094.519165,262,2485.258708
1156.749773,280,2485.493358
1191.02466,269,2485.717329
1090.678694,263,2485.941376
1653.110992,338,2486.244018
710.890208,205,2486.416767
465.301428,154,2486.541918
2088.035243,344,2486.742912
1622.557923,301,2486.900783
1501.840966,287,2487.051367
1675.905141,297,2487.20715
1679.932348,299,2487.364073
1669.949831,294,2487.517897
1668.845365,304,2487.676982
1579.232701,289,2487.828518
1658.731305,293,2487.981806
1647.837218,301,2488.141506
1591.103132,290,2488.293356
1349.348815,276,2488.438059
1629.636312,296,2488.592759
1663.913225,292,2488.737579
2071.814961,344,2488.908988
1632.696275,295,2489.063857
1366.843292,277,2489.209522
1651.600224,290,2489.357602
1653.454231,304,2489.510326
1396.16687,278,2489.657254
1897.42523,326,2489.828279
1388.473934,276,2489.973097
1662.805602,299,2490.129889
1577.401076,289,2490.281436
1614.636499,292,2490.434309
1668.767719,293,2490.587371
1678.180195,307,2490.748481
1838.531807,322,2490.917347
1839.855727,322,2491.086225
1906.764645,328,2491.261768
1372.576915,276,2491.409637
1999.676487,338,2491.590628
1375.22239,276,2491.738688
1739.523496,314,2491.903846
1654.05302,290,2492.056022
1578.102609,288,2492.207042
1752.921626,318,2492.374173
1815.258263,321,2492.542654
1657.620831,301,2492.700683
1585.728534,289,2492.85218
1958.342339,331,2493.02575
1360.797032,276,2493.170755
1355.272805,276,2493.315875
1654.381653,303,2493.474989
1673.119025,297,2493.630615
1628.15087,295,2493.785435
1738.535125,316,2493.951653
1606.309369,292,2494.104828
1664.065148,304,2494.266762
1656.475947,305,2494.439613
1471.812369,282,2495.509122
1174.634808,284,2495.770233
1071.568565,263,2495.99583
1044.648338,245,2496.228004
700.119967,204,2496.426542
1067.987108,279,2496.668813
988.833615,258,2496.88958
1047.93866,251,2497.243891
988.561973,251,2497.416046
1082.209079,250,2497.568061
991.985723,249,2497.699976
1048.649849,249,2497.827948
1146.160134,253,2497.963164
1066.691819,259,2498.116552
1036.09514,252,2498.263569
1029.899778,249,2498.408418
1157.508726,252,2498.557616
1130.037927,253,2498.687917
967.62898,248,2498.811872
1017.899833,248,2498.935635
1071.887865,250,2499.060132
1026.524777,254,2499.18696
1172.485878,253,2499.312826
1074.306688,250,2499.439254
1084.980875,251,2499.565376
1201.005044,255,2499.693203
1070.106401,250,2499.819142
1185.622759,255,2499.947018
1126.888385,249,2500.072615
1245.596158,259,2500.204544
1138.994774,252,2500.331036
1130.602761,253,2500.458391
958.794763,247,2500.598506
973.803399,247,2500.742986
1070.593418,261,2500.896663
1125.310019,253,2501.035984
961.470503,246,2501.176862
1073.018648,260,2501.326609
1139.750602,252,2501.47156
1064.455781,249,2501.605217
1065.065868,249,2501.72998
1118.512343,252,2501.855206
1162.253093,254,2501.981556
1139.247514,249,2502.105313
1069.044372,251,2502.2305
1213.875205,257,2502.358975
1191.490814,254,2502.485066
1067.309724,251,2502.610191
977.670807,247,2502.733454
988.30031,250,2502.858077
985.716984,248,2502.984117
1040.615113,249,2503.110948
1075.846513,251,2503.239092
1062.612748,251,2503.371016
1029.465057,252,2503.502891
1051.77929,251,2503.628025
980.053718,249,2503.752349
1106.306091,245,2504.637227
719.143106,216,2504.803107
935.056208,249,2504.987203
1129.462798,276,2505.191413
1073.787378,251,2505.378577
1043.823782,253,2505.595309
1081.814295,270,2505.795495
918.501281,228,2505.966355
1275.496416,279,2506.162273
1230.007738,286,2506.305376
1231.164216,287,2506.458791
1208.743125,281,2506.625242
1264.25723,278,2506.786023
1210.135266,284,2506.948726
1249.930107,281,2507.090628
1318.237236,286,2507.235023
1287.47422,282,2507.377189
1206.454327,281,2507.518816
1296.777225,285,2507.663075
1235.460699,280,2507.804676
1222.888509,280,2507.947721
1199.271878,279,2508.088069
1271.50814,278,2508.226659
1238.832114,288,2508.372404
1244.785365,281,2508.514029
1224.091229,281,2508.655967
1238.537584,288,2508.801575
1262.477243,283,2508.944679
1260.442166,282,2509.087698
1237.216673,280,2509.229253
1223.5319,283,2509.372191
1273.528239,278,2509.511369
1227.257392,284,2509.654602
1238.334671,288,2509.799203
1212.255053,280,2509.939533
1216.247878,283,2510.082022
1292.183153,299,2510.233723
1230.294111,287,2510.379149
1259.437357,282,2510.521217
1228.22356,280,2510.662935
1323.083404,288,2510.807762
1311.578768,286,2510.95334
1312.154998,287,2511.097131
1246.906865,289,2511.243271
1275.974942,278,2511.382391
1215.463946,282,2511.524803
1208.844137,282,2511.666862
1227.287334,280,2511.808344
1219.592893,287,2511.954986
1246.545876,289,2512.101016
1215.416534,285,2512.243796
1231.939417,285,2512.386478
1217.127391,282,2512.527532
1219.734021,279,2512.667187
1319.500807,287,2512.811715
1272.438836,279,2512.950885
1312.769504,287,2513.094238
1238.650002,291,2513.240203
1255.433964,282,2514.237363
1003.59945,245,2514.43716
1056.157082,270,2514.643052
1249.685205,277,2514.847295
1185.008935,275,2515.049527
1206.212808,268,2515.246315
1297.328506,268,2515.443483
1117.661037,266,2515.708941
1139.699494,256,2515.855381
745.923585,198,2515.967305
717.489002,192,2516.075682
1150.602721,272,2516.230397
1088.72859,241,2516.368098
1129.194189,265,2516.522449
742.937716,197,2516.635902
1118.474793,266,2516.79337
1128.406685,245,2516.935045
1206.562894,256,2517.078688
813.616058,205,2517.193694
1124.699207,268,2517.346608
1120.537705,267,2517.502028
1136.126168,262,2517.654341
707.571153,187,2517.762979
705.824383,189,2517.871976
689.56504,187,2517.979598
837.84201,208,2518.099762
1140.436209,271,2518.255944
1132.486989,266,2518.411557
1190.97407,254,2518.557303
706.325141,187,2518.662311
726.395191,194,2518.771996
1124.315129,265,2518.922412
1162.769954,276,2519.078165
719.726559,192,2519.185946
1118.403671,267,2519.342728
1141.281921,271,2519.497787
1125.994462,261,2519.645653
1136.32473,270,2519.790547
1124.846069,262,2519.922537
732.267477,192,2520.018401
1147.179539,259,2520.147878
732.998516,193,2520.244525
1128.283576,271,2520.382096
1127.946587,267,2520.516202
1157.000307,254,2520.644284
715.952452,189,2520.739206
979.679031,226,2520.852323
723.602748,191,2520.948048
706.703249,188,2521.042005
1116.154909,264,2521.175719
728.082299,193,2521.271228
685.590585,184,2521.363115
1046.648181,235,2521.481288
1141.568969,273,2521.617599
700.345371,188,2521.710554
719.901719,192,2521.806811
693.491823,188,2521.900897
991.336883,227,2522.758296
1003.55703,262,2522.981514
1131.53824,281,2523.223606
1264.047481,278,2523.458079
1057.611798,276,2523.688389
1125.015568,255,2523.904421
1079.929297,273,2524.138634
1033.847003,269,2524.47429
1032.322838,278,2524.632436
1044.419999,284,2524.794525
1047.470585,286,2524.957798
1043.432292,270,2525.111179
1038.26411,281,2525.270542
1030.593987,268,2525.414168
1031.720724,269,2525.551391
1037.074689,284,2525.696093
1039.726778,283,2525.842443
1032.541951,269,2525.981271
1030.024697,266,2526.121303
1027.85517,268,2526.257603
1050.474744,271,2526.395469
1032.92003,268,2526.531974
1032.647268,268,2526.668851
1034.818444,276,2526.811298
1037.335075,266,2526.946992
1035.478643,272,2527.08617
1035.872806,279,2527.227709
1045.593113,284,2527.371691
1041.297764,280,2527.515454
1044.076071,285,2527.663712
1031.024444,271,2527.802546
1036.714013,275,2527.944346
1033.218207,269,2528.080336
1041.603314,285,2528.226192
1025.702194,269,2528.363559
1044.734446,287,2528.511012
1033.592586,279,2528.652318
1042.102357,285,2528.799519
1024.894577,268,2528.936062
1034.01625,272,2529.074506
1028.545863,269,2529.212115
1038.354308,283,2529.358644
1032.10907,289,2529.507038
1035.008278,270,2529.643178
1043.915906,284,2529.787
1040.377437,275,2529.927105
1043.305555,280,2530.068758
1041.711009,272,2530.207036
1030.375471,280,2530.350613
1031.624185,281,2530.492937
1025.796214,268,2530.6292
1046.409613,275,2530.769268
1040.410425,277,2530.910275
1047.185139,285,2531.056987
1029.992108,268,2531.192003
1037.838245,270,2531.329495
1034.760695,266,2531.463706
1027.816626,280,2532.440937
924.671091,224,2532.608953
1221.809842,288,2532.82633
1169.427653,262,2533.02541
1036.52668,246,2533.213669
830.070065,220,2533.382008
1107.686487,238,2533.558929
1072.485987,260,2533.755994
1047.715216,265,2533.925518
1082.059177,269,2534.061571
1086.125613,274,2534.200493
1061.977501,273,2534.339121
1085.214588,271,2534.476954
1087.298324,272,2534.613336
1244.932776,297,2534.761811
1088.450766,271,2534.898446
1057.377117,270,2535.036615
1079.85997,256,2535.165582
1090.866015,272,2535.302728
1114.118236,280,2535.442911
1087.567122,271,2535.579747
1014.57385,237,2535.700145
1074.826993,272,2535.8368
1090.424121,275,2535.977225
1087.109707,269,2536.113436
1114.949419,250,2536.24072
1091.642393,274,2536.378261
1168.772248,289,2536.525025
1094.875691,276,2536.663514
1082.684317,273,2536.801391
1090.525311,274,2536.941204
1071.90779,272,2537.078981
1099.871905,279,2537.218941
1024.297205,266,2537.353654
1060.477352,266,2537.488409
1121.698754,280,2537.629388
1085.4,269,2537.767
1076.138255,272,2537.907927
1103.777179,275,2538.049238
1088.397484,274,2538.188554
1086.85,274,2538.326756
1062.825537,264,2538.459648
1168.533467,262,2538.591283
1081.495854,270,2538.728552
1079.868471,264,2538.86166
1068.151272,273,2539.00211
1092.055253,277,2539.146054
1072.319391,266,2539.283181
1075.740916,262,2539.416235
1083.717594,269,2539.551103
1078.743701,274,2539.689215
1091.317763,275,2539.82722
1080.667259,273,2539.96413
1089.531652,274,2540.102846
1138.685773,264,2540.235557
1048.497319,269,2540.371658
1092.461325,270,2540.508321
1196.745373,293,2540.656567
1050.99475,262,2541.551832
899.164195,241,2541.733959
1269.919824,276,2541.942484
1232.578414,285,2542.155924
915.141071,242,2542.338795
1040.986746,257,2542.534033
1362.712283,280,2542.746547
1113.198372,241,2543.041153
1074.68073,285,2543.187129
1315.623528,248,2543.312811
1127.10555,242,2543.434086
1297.742196,270,2543.571432
1169.357921,244,2543.694757
1323.007601,279,2543.836556
1149.496062,255,2543.964593
1193.965182,270,2544.102004
1291.575193,269,2544.237815
1226.957488,248,2544.363346
1054.10668,238,2544.486371
1076.982911,285,2544.630639
1260.801721,271,2544.76737
1050.25787,284,2544.911038
1274.853351,248,2545.036916
1079.885549,280,2545.1795
1221.570546,248,2545.304063
1164.598234,243,2545.42666
1261.462814,247,2545.550863
1031.232617,245,2545.674178
1285.2349,250,2545.799675
1083.869544,249,2545.925098
1341.218531,278,2546.064795
1100.676422,242,2546.187256
1176.612098,244,2546.310063
1175.854164,254,2546.438009
1182.418318,275,2546.576273
1061.732463,266,2546.710015
1175.830193,246,2546.833856
1081.304615,294,2546.981865
1108.14489,242,2547.104803
1199.615151,262,2547.239798
1187.177596,232,2547.362299
1315.266967,249,2547.496418
1063.88933,269,2547.639962
1088.690994,241,2547.764297
1075.936824,248,2547.892031
1138.905306,256,2548.023996
1113.936307,241,2548.148425
1197.987219,245,2548.2769
1275.00404,270,2548.42378
1074.286922,264,2548.556317
1129.484471,253,2548.684359
1270.497716,250,2548.811208
1303.6704,251,2548.936454
971.959801,233,2549.053824
989.083918,234,2549.174773
1299.240589,270,2549.319553
1034.443265,245,2549.451097
717.481144,176,2550.327829
1525.365486,319,2550.626774
433.393892,142,2550.747895
1187.339969,257,2550.951759
1050.419128,250,2551.146519
1100.131506,275,2551.359973
1155.307624,268,2551.567921
1271.184434,286,2551.790564
3202.535412,500,2552.12436
1084.214204,274,2552.266239
1095.358886,275,2552.409858
1052.418059,277,2552.554275
3371.253719,500,2552.813228
1061.119982,276,2552.956875
1011.956399,272,2553.105892
1085.937849,275,2553.267331
1079.024036,276,2553.425709
1088.124208,275,2553.573498
3305.685318,494,2553.831532
1053.186211,271,2553.973932
1072.617018,274,2554.116507
1064.082695,278,2554.260575
1063.093807,276,2554.405369
1029.333774,270,2554.546705
1131.715482,283,2554.692472
3441.184655,500,2554.942655
1069.08633,276,2555.081574
2228.329292,398,2555.280803
1061.452283,275,2555.422362
1026.306232,274,2555.562383
1081.767749,275,2555.704387
1056.40368,270,2555.862909
1092.03735,276,2556.024682
1062.984034,276,2556.174879
1035.645206,268,2556.318789
1101.257824,276,2556.461594
1031.172322,269,2556.596167
1084.802027,276,2556.735135
1064.277538,274,2556.874301
1141.6567,285,2557.016682
1081.603115,274,2557.155197
1016.576905,272,2557.31859
1065.887069,277,2557.477183
3310.365588,500,2557.764085
1090.594582,274,2557.92052
1055.930962,279,2558.077271
1052.661621,270,2558.223596
1096.171608,275,2558.368602
1081.750276,272,2558.507942
1081.871145,274,2558.646957
1052.93873,274,2558.784379
1073.678434,276,2558.922742
1170.320804,289,2559.067442
3171.386315,500,2559.319253
1058.179254,276,2559.458171
3170.900195,500,2559.750947
1077.815258,274,2559.932957
1055.189156,270,2560.08813
982.476547,222,2561.120204
1095.391046,273,2561.368757
1243.198295,289,2561.622813
1095.555203,254,2561.838856
1198.890226,245,2562.040882
1311.064233,292,2562.277153
1075.685806,248,2562.461086
1222.840488,289,2562.788819
1223.377307,287,2562.942374
1198.151034,291,2563.097631
1175.359902,288,2563.24806
1085.725101,268,2563.383271
1179.6199,274,2563.52072
1103.798665,264,2563.654479
1194.869518,292,2563.80198
1197.973267,284,2563.94753
1154.024513,274,2564.087552
1115.89421,267,2564.223224
1188.226334,269,2564.360103
1109.966861,265,2564.493695
1202.364726,273,2564.631424
1217.316356,278,2564.771607
1111.367962,263,2564.904121
1123.18209,266,2565.038228
1188.291231,283,2565.182717
1181.574464,288,2565.328592
1135.993136,272,2565.465552
1150.412721,273,2565.603112
1180.812828,289,2565.749358
1140.505592,274,2565.889105
1206.7049,291,2566.037706
1192.559477,288,2566.183452
1191.957223,270,2566.320187
1184.027924,271,2566.458801
1214.224423,289,2566.605184
1193.848508,283,2566.750046
1218.54048,292,2566.902104
1237.72107,280,2567.048253
1169.91229,272,2567.186834
1131.507209,274,2567.326542
1207.132098,288,2567.472266
1161.621839,279,2567.614349
1209.443599,291,2567.767787
1222.798494,291,2567.918865
1162.411817,288,2568.079011
1130.027715,271,2568.219364
1137.649439,268,2568.383198
1208.664818,292,2568.553419
1192.360806,270,2568.723128
1168.33089,287,2568.892186
1127.68981,271,2569.060167
1138.362389,270,2569.233027
1169.307007,290,2569.399171
1114.632407,265,2569.552152
1190.770685,275,2569.715359
1222.411341,289,2569.902508
1103.934576,272,2570.059173
1174.997814,271,2571.056325
1239.984973,270,2571.281271
1112.165634,283,2571.519776
742.658644,211,2571.697231
674.57114,202,2571.878406
1076.777908,266,2572.093068
1101.559515,261,2572.33488
934.909065,237,2572.535291
984.036239,240,2572.703679
1006.22282,249,2572.828843
1161.134662,266,2572.962237
1001.119064,249,2573.087272
992.885998,241,2573.211818
980.295336,241,2573.338977
990.736536,245,2573.463678
1118.834607,256,2573.59366
988.777562,244,2573.721808
1119.472935,262,2573.855849
993.219738,246,2573.98562
832.044837,214,2574.097937
1110.092828,250,2574.22588
984.816315,240,2574.346367
1206.282509,278,2574.485635
1116.17617,261,2574.616296
987.890326,243,2574.743194
1097.959601,252,2574.884432
977.160909,241,2575.032965
1008.892595,250,2575.203054
1001.335142,243,2575.347733
1170.870429,267,2575.492995
1130.093864,260,2575.640297
1221.183879,278,2575.780988
980.612812,240,2575.911999
1185.674428,269,2576.068801
1107.851983,256,2576.196929
972.539624,239,2576.332582
960.796642,232,2576.487922
1101.92775,275,2576.665099
1111.870129,250,2576.851298
1010.467218,250,2577.011096
1113.383185,254,2577.156927
1008.88896,250,2577.297703
1080.226002,274,2577.451918
993.31949,243,2577.590273
984.536939,242,2577.726116
761.820972,205,2577.860018
1008.98124,250,2578.01053
994.949339,247,2578.152056
1008.059484,245,2578.290228
984.362658,240,2578.420221
1001.886554,242,2578.55305
1044.600096,252,2578.682271
989.634574,245,2578.813731
1043.600457,256,2578.952732
1120.157725,258,2579.098928
995.12499,244,2579.233124
944.855183,230,2579.357533
1111.634909,255,2579.487889
958.729723,239,2580.411062
1130.236013,253,2580.605598
1137.470949,273,2580.80995
1185.968633,258,2581.02455
788.271805,200,2581.187155
1065.983591,261,2581.402225
1013.842574,279,2581.631517
1040.480704,262,2581.839719
1464.807968,270,2582.004354
1453.996427,276,2582.148075
1458.846692,271,2582.290842
1412.477788,271,2582.433428
1523.976703,288,2582.584542
1230.62316,253,2582.716291
1363.905202,272,2582.85917
1463.047374,270,2582.993354
1534.592378,289,2583.14513
1467.810547,273,2583.287581
1438.033059,264,2583.425477
1422.046358,272,2583.561621
1418.004161,277,2583.701771
1368.350867,272,2583.839014
1420.385052,272,2583.973336
1370.570289,273,2584.109605
1478.362351,281,2584.250346
1455.870122,269,2584.383066
1368.401393,272,2584.518288
1341.434107,263,2584.648719
1414.182788,271,2584.783583
1386.409622,273,2584.922179
1447.766603,266,2585.061102
1491.561478,284,2585.208301
1467.030976,277,2585.354098
1342.500973,272,2585.502717
1354.342726,272,2585.640069
1356.969512,271,2585.782069
1422.53496,277,2585.926859
1437.239578,277,2586.071533
1476.428775,281,2586.218447
1393.854801,269,2586.359782
1250.187031,256,2586.496928
1462.996779,276,2586.644313
1357.095752,272,2586.785609
1429.210112,274,2586.921449
1417.796577,272,2587.056279
1508.412112,284,2587.196978
1264.774499,256,2587.329655
1542.449538,290,2587.481306
1485.667793,282,2587.628922
1532.31697,288,2587.779853
1388.124608,274,2587.915848
1367.209972,273,2588.051107
1368.023148,272,2588.188467
1461.382418,277,2588.33325
1354.661052,271,2588.475202
1422.488015,276,2588.619591
1428.532644,273,2588.76259
1403.502637,274,2588.905943
1169.073378,234,2589.859213
1125.232656,261,2590.079291
1057.085187,260,2590.294615
1225.287525,290,2590.538075
1767.419102,334,2590.8235
1034.966671,260,2591.026201
1273.164389,282,2591.233107
1132.229258,277,2591.477187
859.131034,238,2591.595749
1117.711631,285,2591.738616
1042.019153,258,2591.867419
1060.313794,265,2591.999806
1119.808622,276,2592.137616
991.563244,258,2592.273309
1105.892421,270,2592.41103
1047.781648,267,2592.547182
1033.384544,258,2592.678321
978.131105,252,2592.80679
1045.370748,263,2592.940914
1246.544908,283,2593.084601
1087.89653,272,2593.222206
950.298725,251,2593.346884
1037.039144,259,2593.476167
1327.762681,294,2593.621374
1115.585599,283,2593.762797
1097.047023,269,2593.897013
879.885324,247,2594.019985
968.970947,257,2594.147798
1136.707803,274,2594.283743
1228.993188,289,2594.427572
1146.404643,281,2594.567924
1104.444654,274,2594.705694
1122.453184,275,2594.846092
986.063795,263,2594.980055
1113.559654,283,2595.124364
1056.206476,268,2595.260727
1103.998203,282,2595.404721
1130.810938,274,2595.545702
1150.143702,285,2595.691562
1268.376528,294,2595.839735
1019.963632,253,2595.965972
1128.894086,269,2596.10025
1162.33268,281,2596.246406
1103.668659,275,2596.391984
1239.030113,287,2596.534433
916.734046,252,2596.659758
1047.07557,261,2596.790341
865.037809,242,2596.910861
1124.782312,281,2597.051085
1122.979238,273,2597.187209
835.881076,237,2597.306653
852.189274,242,2597.431256
1081.293874,276,2597.571657
1058.303425,265,2597.707906
1054.743511,265,2597.850634
1154.63118,283,2598.0029
1097.244296,274,2598.150709
1127.386594,281,2599.190633
1100.093733,282,2599.432574
971.081497,241,2599.634361
1065.039508,278,2599.869283
798.698144,226,2600.036829
1161.763668,279,2600.245347
1053.202064,251,2600.441875
841.752453,238,2600.73679
801.965119,234,2600.85436
696.847107,215,2600.962559
972.970162,253,2601.088362
827.88473,234,2601.204484
819.803891,236,2601.321691
819.378149,236,2601.440054
865.571136,240,2601.561848
714.511616,214,2601.670556
853.058112,242,2601.792508
811.605757,226,2601.907537
731.186989,217,2602.021479
686.015053,209,2602.131281
692.150056,210,2602.241431
742.797273,218,2602.355915
1006.861121,274,2602.499785
678.801327,212,2602.610786
725.038366,215,2602.723901
971.607126,264,2602.86269
842.484949,240,2602.988828
803.288923,236,2603.112591
1020.082263,276,2603.257977
850.018524,241,2603.387419
788.722635,231,2603.511123
866.544137,241,2603.640304
664.798151,209,2603.752439
1063.371631,282,2603.903996
792.149634,232,2604.028569
1102.772831,287,2604.182677
799.911842,234,2604.308792
738.753693,219,2604.426244
767.391044,224,2604.546427
1003.393001,259,2604.688163
785.785957,228,2604.815759
791.724564,232,2604.930796
1041.507047,266,2605.062453
705.598433,217,2605.169574
862.85006,243,2605.290231
774.052648,229,2605.403796
808.050406,234,2605.519842
992.019436,272,2605.65529
963.515823,262,2605.785666
790.204382,232,2605.900736
824.374346,233,2606.01634
842.676907,241,2606.140188
913.718529,250,2606.281856
822.848591,237,2606.399564
1009.384488,259,2606.528698
840.129543,239,2606.647456
801.24221,233,2606.763609
846.824773,240,2607.643385
1115.114271,253,2607.829694
1211.52022,272,2608.030951
1281.871552,256,2608.219706
1077.303598,263,2608.416061
677.29776,201,2608.563444
949.400159,234,2608.74696
1048.459266,236,2608.93302
1088.430333,282,2609.155609
1077.07394,279,2609.295098
1061.481993,268,2609.42894
1086.022085,281,2609.569367
1043.980638,268,2609.703167
1049.220998,282,2609.844218
1086.050051,281,2609.987843
1075.937605,276,2610.129152
1040.951469,267,2610.265782
1039.025044,270,2610.402193
1053.04772,279,2610.54227
1062.764025,279,2610.681648
1073.076251,280,2610.821489
1062.48033,279,2610.961585
1079.841158,277,2611.099918
1068.386808,276,2611.23769
1068.321135,266,2611.370178
1060.157543,283,2611.511512
1048.7689,272,2611.647166
1074.718052,277,2611.785757
1065.555585,283,2611.929973
1047.802778,262,2612.063475
1041.899771,270,2612.201271
1057.652239,274,2612.341324
1096.907973,281,2612.484838
1032.823101,270,2612.622585
1073.318102,267,2612.759038
1073.104087,280,2612.902069
1035.80359,265,2613.037143
1068.716092,271,2613.177609
1052.987009,279,2613.324834
1062.49702,279,2613.472159
1050.558979,282,2613.620852
1077.875214,279,2613.768106
1051.455628,277,2613.914188
1084.250337,278,2614.060951
1075.019084,273,2614.204911
1070.537763,279,2614.351947
1076.607578,283,2614.501322
1056.931154,282,2614.650362
1049.812317,282,2614.802684
1070.085382,267,2614.946511
1068.11591,276,2615.095022
1104.52255,281,2615.246676
1059.771503,275,2615.394692
1068.315085,276,2615.543168
1083.301505,275,2615.691444
1068.125349,276,2615.840259
1036.867637,265,2615.982834
1081.906788,283,2616.135471
1079.908103,289,2617.062661
1040.197641,239,2617.239547
1231.878362,260,2617.442775
847.811855,210,2617.607303
1020.419336,242,2617.800245
1231.199078,281,2618.028084
1152.629609,268,2618.251221
1125.578485,260,2618.609964
1091.732346,254,2618.767282
1113.873071,258,2618.923402
1125.127392,260,2619.078444
1051.151791,249,2619.226191
1126.821296,260,2619.376903
1103.101566,256,2619.526659
1072.221193,251,2619.669802
1149.388328,269,2619.803833
1050.748148,249,2619.927976
1106.865175,258,2620.062628
1114.110889,257,2620.218414
1090.106481,254,2620.3937
1142.088139,269,2620.556416
1138.692152,263,2620.706003
1166.290885,271,2620.864986
1162.24431,273,2621.019442
1111.90792,256,2621.181751
1019.446539,244,2621.338305
1106.940071,256,2621.501616
1045.703956,248,2621.641722
1148.960376,266,2621.795533
1154.160636,268,2621.943038
1154.094906,272,2622.082561
1170.304591,276,2622.221203
1123.434035,262,2622.358846
1123.989793,257,2622.494767
1046.155888,248,2622.619435
1024.174473,246,2622.743263
993.331333,241,2622.86644
1090.541504,253,2622.997069
1055.816344,249,2623.125497
1063.83024,249,2623.253892
1122.0382,258,2623.387021
1079.734445,253,2623.519425
1138.93257,268,2623.655562
1117.688079,257,2623.787127
1125.415609,262,2623.921128
1150.79831,269,2624.058564
1163.595918,274,2624.196644
1106.677651,255,2624.325051
1043.991807,247,2624.451866
1010.387383,243,2624.577048
1111.823837,256,2624.709036
1104.075762,255,2624.838514
1117.534177,260,2624.96949
1064.669208,249,2625.094489
1173.908567,273,2625.231982
1171.239283,276,2625.373957
1131.557805,262,2625.50604
1159.563162,278,2626.40624
695.765111,217,2626.567227
1391.039758,270,2626.771759
1018.251503,225,2626.943987
721.021204,216,2627.108212
1200.29346,273,2627.316439
991.132568,247,2627.500483
1204.107641,278,2627.712939
654.75196,202,2627.859784
969.724052,253,2627.992065
957.872471,252,2628.133469
1010.866864,273,2628.287974
853.870572,225,2628.415608
665.724726,204,2628.533095
928.139347,246,2628.672318
784.842104,231,2628.805182
1611.098479,339,2628.998633
999.665914,241,2629.137716
979.301394,255,2629.282399
981.200075,260,2629.430639
883.437342,228,2629.561157
1018.355597,273,2629.715101
934.832295,249,2629.855506
1020.751135,269,2630.005742
717.42028,210,2630.119327
945.311257,234,2630.237972
989.836751,257,2630.366064
948.135052,252,2630.491482
660.399687,203,2630.594173
966.127226,253,2630.722845
1043.457216,261,2630.855589
661.884535,203,2630.965798
913.427618,231,2631.094433
975.067183,259,2631.223345
654.241817,203,2631.326422
958.461513,249,2631.468306
718.332286,217,2631.587969
717.889575,216,2631.707981
1017.752926,274,2631.844659
935.603984,251,2631.970198
936.867673,250,2632.107054
861.119367,226,2632.228382
1090.312666,281,2632.396896
976.779881,253,2632.569504
955.596062,251,2632.713665
1010.795425,272,2632.870283
1005.941368,241,2633.008821
926.071508,250,2633.152437
933.990826,250,2633.297573
936.004968,250,2633.442038
776.005086,229,2633.574704
999.653516,255,2633.72203
978.255949,239,2633.862261
985.489226,241,2634.003226
646.817905,201,2634.11507
643.580798,203,2634.222418
681.108414,205,2634.32778
974.896688,258,2634.457444
621.819686,193,2635.288833
1121.810799,269,2635.488569
950.219574,252,2635.690433
936.345846,237,2635.870764
975.559045,248,2636.057906
830.844068,215,2636.217836
373.778257,136,2636.322751
1336.049958,261,2636.519137
826.206565,227,2636.69015
1008.788472,263,2636.844585
1021.010995,255,2636.973566
983.924759,262,2637.106618
1008.798402,262,2637.240624
989.80814,258,2637.373725
1002.453216,255,2637.504898
1021.221228,252,2637.631918
997.624675,257,2637.762069
1000.173336,262,2637.901928
935.969795,239,2638.035914
996.026442,258,2638.166351
938.733212,239,2638.286735
994.774845,257,2638.416778
1007.689891,255,2638.545878
998.50329,249,2638.671389
993.735741,266,2638.806901
920.699056,235,2638.925543
999.142366,259,2639.056768
1005.307332,265,2639.191195
920.802514,236,2639.310501
1001.349668,256,2639.440039
1001.918525,264,2639.573576
948.170376,241,2639.694851
999.58499,259,2639.838878
1026.15731,254,2639.982038
995.068694,263,2640.130853
1011.783988,255,2640.275563
993.45495,261,2640.426047
1027.668946,255,2640.572805
998.967718,262,2640.724033
946.691414,241,2640.862695
933.016256,237,2640.998945
999.178626,261,2641.156898
1027.405527,254,2641.31584
971.039351,263,2641.466381
998.01793,259,2641.616758
1012.778816,255,2641.763702
1002.076223,259,2641.91203
998.15702,261,2642.061436
1012.365499,263,2642.212814
998.641304,257,2642.360819
1002.445511,255,2642.506656
1017.688151,255,2642.652237
978.762858,246,2642.788478
1018.376523,255,2642.923739
1027.757129,256,2643.05322
984.630652,264,2643.18866
1021.296372,255,2643.319972
985.064512,260,2643.454022
999.387708,262,2643.589661
967.556606,250,2644.596853
553.601041,177,2644.746034
1305.231338,245,2644.948778
1158.742603,273,2645.173852
960.533701,254,2645.3838
926.258457,244,2645.585095
1093.851706,254,2645.796505
1165.548041,266,2646.00507
1341.112989,271,2646.218281
1241.499427,277,2646.359971
1325.275136,276,2646.499372
1251.824874,278,2646.639141
1301.987668,278,2646.777881
1316.016147,277,2646.915187
1285.056877,277,2647.052931
1325.648937,276,2647.192417
1327.311528,274,2647.328721
1219.864029,276,2647.467259
1317.477369,275,2647.605794
1296.878775,277,2647.744085
1062.392136,266,2647.878581
1265.884287,278,2648.020585
1336.309824,273,2648.162633
1188.497126,275,2648.306081
1254.179996,278,2648.447035
1291.459569,278,2648.586323
1323.494902,276,2648.724945
1188.314643,275,2648.869572
1273.883663,279,2649.022673
1328.060878,270,2649.1642
1322.466012,279,2649.330745
1309.038447,277,2649.499942
1253.09697,279,2649.664192
1285.177981,278,2649.832762
1332.92716,274,2649.997596
1314.357267,276,2650.15608
1281.553702,277,2650.301022
1271.69177,278,2650.457466
1329.139517,270,2650.627902
1292.088741,279,2650.796983
1292.267008,278,2650.958553
1344.547361,274,2651.122625
1207.768044,277,2651.289111
1152.341471,273,2651.454869
1229.834444,277,2651.628003
1276.300698,278,2651.795915
1284.098415,277,2651.95102
1256.688257,278,2652.109768
1308.631757,272,2652.261648
1291.588125,279,2652.414829
1295.734899,279,2652.555584
1342.582098,271,2652.690827
1281.584019,278,2652.829957
1342.952211,276,2652.971297
1332.331889,272,2653.118207
1319.37968,270,2653.257661
1321.413039,277,2653.39741
1314.121934,275,2653.548399
1368.632838,283,2654.452954
991.88728,242,2654.634264
1267.83724,280,2654.85893
678.038,193,2655.001372
1195.328862,259,2655.207251
855.790353,236,2655.391212
1297.737724,261,2655.58702
1051.113965,277,2655.814787
1404.271662,268,2655.974709
1352.167369,268,2656.116517
1355.83451,270,2656.264175
1342.886054,268,2656.411621
1342.614297,267,2656.559155
1356.563967,268,2656.713719
1396.279122,268,2656.850724
1355.88438,270,2656.994248
1333.215139,272,2657.134139
1351.873303,265,2657.285233
1352.299346,272,2657.440246
1306.415045,271,2657.595653
1340.574558,270,2657.748437
1332.97859,270,2657.895733
1337.215054,269,2658.037874
1332.077066,270,2658.173205
1395.719507,269,2658.308844
1360.058739,268,2658.442541
1355.588797,271,2658.578301
1351.705032,268,2658.719349
1307.474518,272,2658.860594
1261.044805,270,2658.998528
1353.096796,270,2659.135018
1349.462949,266,2659.267398
1343.919198,266,2659.402332
1324.317299,269,2659.545944
1330.66314,265,2659.681837
1351.798885,268,2659.81637
1305.287705,273,2659.953434
1316.391702,274,2660.099021
1346.253737,270,2660.254933
1293.745101,273,2660.400811
1351.595659,271,2660.553566
1329.705934,270,2660.705322
1345.938749,267,2660.854785
1361.222692,266,2661.003426
1327.713715,272,2661.156137
1381.594934,268,2661.30584
1364.405087,272,2661.458001
1298.917881,272,2661.610179
1310.800902,271,2661.76286
1330.279003,270,2661.918788
1320.982474,270,2662.077805
1383.21785,268,2662.225808
1340.443282,272,2662.366565
1348.619815,269,2662.502888
1299.944201,267,2662.638574
1352.755666,269,2662.775116
1404.405074,269,2662.929847
1335.404414,265,2663.082385
1138.469986,243,2664.05589
1246.033932,268,2664.276776
760.374224,237,2664.472605
1248.454139,249,2664.680448
1224.254623,239,2664.877923
926.056694,246,2665.066739
1065.455435,286,2665.283158
977.980943,238,2665.461669
943.385729,237,2665.625056
938.310601,235,2665.742542
972.32093,233,2665.858923
876.819903,215,2665.966007
834.402101,213,2666.072524
941.617554,236,2666.190235
848.688508,215,2666.297393
858.964625,214,2666.404083
1021.133504,240,2666.52381
1005.48848,240,2666.643714
940.079861,236,2666.765263
950.816484,231,2666.887763
951.244614,231,2667.012176
1082.957383,257,2667.150331
978.215692,243,2667.281316
1048.814206,256,2667.419195
1046.672608,264,2667.561058
1038.055794,244,2667.692391
980.469426,244,2667.828821
999.651056,246,2667.971439
1021.934639,253,2668.118201
964.953862,241,2668.257873
870.218635,217,2668.383735
982.322188,239,2668.522379
1056.54235,258,2668.672706
970.640714,238,2668.811134
1009.288826,240,2668.950574
983.297152,240,2669.089996
888.021997,219,2669.217206
951.730837,231,2669.351427
967.409242,241,2669.491388
977.35099,240,2669.630412
986.83926,246,2669.766404
982.558268,238,2669.890251
946.818759,236,2670.012106
951.453921,238,2670.135258
970.667912,241,2670.259789
853.497514,215,2670.370522
845.562918,215,2670.481296
1051.62848,269,2670.616913
983.524139,244,2670.740348
926.700646,234,2670.858435
969.646141,242,2670.98027
970.366571,243,2671.102729
935.917907,235,2671.221085
1049.664472,270,2671.35727
1025.435063,250,2671.483196
957.780994,239,2671.603437
861.508694,214,2671.71111
1038.362406,266,2671.862386
884.251807,226,2672.828593
1204.544718,272,2673.056147
1455.188247,282,2673.288574
1229.623654,275,2673.501105
658.709787,195,2673.650254
1085.380201,251,2673.842827
849.798699,234,2674.037778
1220.584078,273,2674.257627
1128.177071,272,2674.441076
1084.666038,269,2674.579875
1017.919194,267,2674.717484
1060.342508,267,2674.856261
1144.047009,274,2674.99738
1069.648603,270,2675.136493
1205.962574,275,2675.277883
1213.512976,279,2675.4218
1019.773757,266,2675.558986
1109.527719,274,2675.701165
1183.119939,275,2675.84623
1231.712687,280,2675.990428
1246.236866,275,2676.134024
1017.136398,265,2676.273346
1008.386921,265,2676.410041
1152.856328,276,2676.556678
1160.359493,274,2676.698405
1065.994816,258,2676.846632
1193.732748,271,2677.001746
1242.34967,276,2677.159652
1178.908891,275,2677.317077
1151.034922,274,2677.473897
1005.455923,265,2677.625974
1169.365773,274,2677.78328
1061.771202,269,2677.938218
1156.822149,272,2678.094375
1246.498032,275,2678.251849
1224.122471,277,2678.410082
1240.275941,276,2678.567728
1217.745677,276,2678.718669
1051.493087,267,2678.855927
1045.076136,256,2678.985999
1018.671426,266,2679.121611
1206.663011,277,2679.262931
1219.34261,280,2679.405468
1225.657616,274,2679.544556
1139.688641,272,2679.682879
1013.036919,264,2679.817549
1175.905982,275,2679.957181
1237.139328,277,2680.098108
1131.481139,275,2680.238047
1076.733474,261,2680.370596
1091.827195,264,2680.50527
1184.383547,274,2680.647715
1094.346395,264,2680.788353
1114.124658,275,2680.932756
1005.930148,265,2681.072002
1012.058986,265,2681.211126
1236.342073,277,2681.3565
1162.23351,273,2681.499499
1014.634638,255,2682.459985
835.463445,214,2682.624675
1239.451915,285,2682.834783
920.399326,247,2683.017542
1074.234648,241,2683.201358
1605.089234,324,2683.448404
1010.455371,251,2683.640169
830.170243,235,2683.94842
726.530096,217,2684.059257
1074.33171,260,2684.191705
681.787677,205,2684.296549
744.995943,221,2684.409137
719.129809,215,2684.518747
1099.456545,265,2684.653924
765.862963,226,2684.769266
728.043551,217,2684.880077
1079.736948,261,2685.012955
715.469417,215,2685.122423
915.875635,239,2685.244341
1047.673597,256,2685.375149
698.561643,210,2685.482015
748.030892,222,2685.595185
1145.048113,270,2685.732736
1120.539547,266,2685.867628
772.914414,227,2685.985406
732.635973,218,2686.100314
781.887229,228,2686.220448
1055.812087,258,2686.356716
1004.007658,250,2686.488715
1005.740866,253,2686.621998
728.457633,217,2686.736571
1072.71818,261,2686.87426
715.113938,215,2686.987577
730.544244,218,2687.102516
737.222626,219,2687.217744
924.47207,238,2687.343364
776.649163,228,2687.466148
765.984681,225,2687.587249
726.113861,217,2687.704003
704.641946,213,2687.818583
744.366569,221,2687.937549
851.816088,237,2688.065228
684.873368,207,2688.177139
818.105323,233,2688.302605
734.350374,218,2688.419769
769.582837,226,2688.541524
952.230951,247,2688.674599
682.140665,206,2688.785702
681.982409,206,2688.89685
739.155448,220,2689.015374
695.826102,210,2689.128255
714.864421,215,2689.243913
683.139607,206,2689.355105
734.22279,218,2689.472411
716.685816,215,2689.58788
729.296441,217,2689.704592
1092.890946,267,2689.848022
709.1858,210,2690.725856
872.578225,245,2690.917581
679.160376,195,2691.064444
1209.297954,260,2691.255864
1102.197728,274,2691.457772
1047.894804,242,2691.635376
1058.309385,256,2691.823936
895.544065,273,2692.025267
1020.192448,239,2692.22497
1248.344129,253,2692.351297
1338.960156,254,2692.477362
1326.915321,250,2692.601312
1364.514855,258,2692.729336
1074.150528,244,2692.850954
1008.703328,216,2692.958125
1257.591262,241,2693.080239
1234.735399,252,2693.208502
1358.216932,255,2693.338018
1193.406916,234,2693.456775
1346.451333,259,2693.588174
1322.210986,258,2693.719248
1353.5491,259,2693.850737
1027.359972,219,2693.96162
947.608627,209,2694.067796
1007.245124,217,2694.177832
1340.469639,253,2694.306062
1359.077223,257,2694.436237
1143.4764,248,2694.562503
1018.982079,219,2694.673553
1362.883008,257,2694.80386
1181.524631,249,2694.930273
1299.284041,248,2695.056034
1017.660879,240,2695.178262
1184.087572,234,2695.296941
1236.613657,238,2695.417685
1284.200994,256,2695.547791
1234.149024,239,2695.668984
1229.511809,252,2695.7973
1346.057955,260,2695.929191
881.89554,201,2696.030921
1346.709078,254,2696.157882
1314.527544,248,2696.280823
1014.740948,218,2696.388985
1010.516647,217,2696.496574
1239.45406,253,2696.622378
1064.841486,245,2696.746551
1038.028367,220,2696.862179
1347.386475,257,2696.996785
1249.167406,254,2697.130334
1044.787955,220,2697.245592
930.339456,207,2697.353882
955.548555,210,2697.463718
1177.612714,250,2697.595251
1023.808737,220,2697.712826
1280.00415,255,2697.849529
1308.445246,248,2697.981764
1351.491164,258,2698.119802
1325.028478,258,2698.257869
1004.973007,218,2699.141044
1269.72932,268,2699.365725
1102.186133,261,2699.583418
832.588185,229,2699.775039
1035.017954,264,2700.003762
1079.756328,252,2700.222245
1283.394669,282,2700.458586
1018.232495,270,2700.684946
1187.296988,285,2700.863792
1337.268618,299,2701.032139
1392.995592,303,2701.202932
1438.589827,307,2701.376425
1469.191882,310,2701.55135
1314.043784,297,2701.719314
991.017443,243,2701.864558
1366.032013,304,2702.046032
1330.771882,298,2702.223333
1428.241134,307,2702.399736
1368.058183,302,2702.56071
1280.252536,293,2702.715846
1777.214312,338,2702.907738
1370.224151,301,2703.081937
2091.54318,379,2703.301143
1207.25183,289,2703.467963
1198.628028,289,2703.634833
1336.437818,297,2703.806556
1298.834733,295,2703.97701
1201.154649,288,2704.143277
1311.281655,297,2704.315005
1209.2942,287,2704.480804
1328.222338,298,2704.648371
1208.601821,286,2704.797666
1491.247364,339,2704.972448
1621.372315,326,2705.139834
1279.139701,296,2705.292341
1288.148154,294,2705.444197
1349.455806,303,2705.60077
1186.44636,287,2705.748978
1547.937706,333,2705.921633
1625.570932,327,2706.090386
1370.211681,301,2706.246047
1187.933647,285,2706.393306
1271.707814,293,2706.544644
1186.946907,285,2706.692093
1538.550657,328,2706.86253
1986.132886,358,2707.047434
1194.997752,287,2707.195764
1345.463334,300,2707.351025
1192.576764,285,2707.498175
1446.316774,309,2707.657673
1483.237256,320,2707.823377
1196.819983,287,2707.971496
1181.162526,285,2708.118344
1211.242525,289,2708.26781
1632.485552,327,2708.436505
1878.006781,366,2708.624944
1333.965309,303,2708.781331
1306.646609,298,2708.935032
1355.207707,303,2709.943397
766.704599,225,2710.129298
1103.775579,260,2710.343573
1417.710969,279,2710.577959
1182.351014,280,2710.817607
1188.151555,292,2711.049778
1111.606292,252,2711.242065
983.338219,242,2711.496211
1091.167645,253,2711.622277
1074.172892,254,2711.751143
1081.125322,252,2711.883852
1085.469995,252,2712.016542
1077.243082,251,2712.148335
1087.729404,254,2712.2821
1035.013745,247,2712.411988
1063.472124,257,2712.547334
945.026951,237,2712.672045
1088.592645,252,2712.80459
1080.316922,252,2712.937101
1072.622544,256,2713.074637
1069.607751,261,2713.214984
1088.94404,252,2713.350302
1072.451654,258,2713.488942
979.341826,241,2713.618395
1085.641172,253,2713.754345
1015.644359,245,2713.885957
1077.059366,252,2714.021357
1083.498647,253,2714.157404
1096.539038,254,2714.293951
990.615158,242,2714.424158
1064.225704,260,2714.56393
1036.419447,247,2714.693138
1088.7148,254,2714.822786
1089.257199,253,2714.951747
1084.858976,268,2715.088107
1086.694066,254,2715.217419
1055.787651,249,2715.345842
1086.687159,255,2715.477571
1070.675006,257,2715.608698
1042.209569,247,2715.734592
1080.16788,255,2715.864535
1047.033897,248,2715.990691
1079.41827,252,2716.119079
1082.127614,255,2716.249023
1078.716404,265,2716.384078
1088.581177,254,2716.513415
1073.872824,261,2716.644381
1069.808981,251,2716.7695
1085.908771,252,2716.895417
1078.450938,253,2717.021447
1075.684963,261,2717.16883
1086.438141,254,2717.312943
1079.415861,265,2717.462564
1047.784874,248,2717.602998
1087.952461,252,2717.745182
1088.939913,253,2717.887805
1075.299457,258,2718.03335
714.480197,211,2718.981378
1107.110637,274,2719.210555
1381.760631,284,2719.446754
994.189862,227,2719.639016
1344.404247,269,2719.87036
1035.355678,249,2720.082625
1176.581791,273,2720.312763
962.746246,248,2720.5176
987.93244,276,2720.697141
832.748068,234,2720.828544
979.909824,243,2720.964681
1473.775484,340,2721.155969
899.584306,244,2721.293671
1005.381179,278,2721.450163
847.760532,258,2721.589378
1318.581372,322,2721.752758
860.893306,237,2721.873335
754.739883,229,2721.989892
1253.823694,311,2722.148771
835.518499,235,2722.268779
822.594994,249,2722.395571
1047.406908,287,2722.541723
701.859756,213,2722.65036
1185.721118,302,2722.805175
979.799539,259,2722.937367
1281.400615,314,2723.097618
872.823058,242,2723.221067
639.956097,204,2723.324995
1014.258779,279,2723.467018
1028.94929,285,2723.611861
775.796941,225,2723.726339
1373.300675,327,2723.89326
631.710731,204,2723.997092
649.311427,207,2724.102278
654.613282,208,2724.208067
646.333069,207,2724.313642
1010.89557,283,2724.457476
651.988197,208,2724.563363
1251.282261,312,2724.722681
956.405416,254,2724.852232
638.618987,205,2724.956502
847.777457,257,2725.087423
943.00913,249,2725.214245
954.791956,248,2725.340483
865.829314,266,2725.475762
799.036379,230,2725.59269
789.654443,229,2725.709154
953.560285,252,2725.837668
998.196443,281,2725.980752
638.2984,205,2726.085027
1014.861779,284,2726.229647
627.189326,202,2726.33248
1014.809345,282,2726.475826
996.017676,277,2726.616996
943.797417,245,2726.741596
680.920127,210,2726.847745
621.326445,202,2726.948299
939.893874,275,2727.085255
1388.867954,330,2728.005521
1016.079343,260,2728.197667
1050.576572,269,2728.395798
916.53591,233,2728.567138
1497.9699,297,2728.792912
866.747779,223,2728.96299
1040.03827,247,2729.151175
1109.376295,283,2729.450794
1079.775312,277,2729.591636
1085.826126,282,2729.735163
1058.389049,268,2729.871423
1061.671784,266,2730.006633
1089.933386,280,2730.149516
1097.337374,281,2730.290275
1050.848737,266,2730.422794
1063.892479,259,2730.557205
1089.155048,278,2730.705234
1090.013271,277,2730.843389
1049.943158,264,2730.974912
1082.184664,280,2731.114354
1107.680485,283,2731.255302
1062.77298,270,2731.389593
1098.500318,281,2731.529753
1073.245132,278,2731.669261
1095.445999,279,2731.810439
1055.817092,269,2731.946671
1085.468536,281,2732.086724
1090.175742,279,2732.225939
1071.166393,276,2732.363995
1046.275779,265,2732.496361
1090.778196,280,2732.637071
1072.432949,275,2732.774107
1061.833178,270,2732.908794
1088.795226,279,2733.04784
1087.830944,278,2733.186329
1080.231095,276,2733.32387
1079.222472,273,2733.460889
1100.609781,282,2733.604628
1047.397097,266,2733.74004
1069.02653,266,2733.875493
1054.89524,267,2734.011566
1088.986259,279,2734.153594
1062.202819,271,2734.294253
1070.015838,275,2734.444371
1096.748312,280,2734.596913
1062.107857,265,2734.74332
1099.053095,282,2734.900189
1068.426867,273,2735.04967
1047.288371,262,2735.188758
1055.333645,264,2735.327267
1081.224917,276,2735.473677
1072.786353,263,2735.607325
1082.626279,277,2735.745427
1077.161174,276,2735.882798
1106.78206,283,2736.024015
1055.456061,268,2736.157485
1060.736124,266,2736.289742
1058.840763,278,2737.173262
1078.718646,263,2737.367308
1224.981128,262,2737.560406
1066.394536,276,2737.764115
566.201895,179,2737.899755
796.956176,220,2738.06751
959.544674,270,2738.274991
1017.755339,253,2738.468243
1007.153091,252,2738.644754
953.68516,242,2738.768034
955.013229,241,2738.890761
1037.648505,251,2739.01861
1039.168502,258,2739.150133
961.70921,244,2739.274392
971.018028,246,2739.399822
958.683883,243,2739.523757
953.239332,241,2739.646557
979.682119,249,2739.773575
955.618815,242,2739.897062
970.073163,246,2740.022316
1010.049834,254,2740.15183
960.588736,242,2740.275197
1020.967712,256,2740.40577
1068.454909,268,2740.542644
960.358144,243,2740.666125
1069.729626,271,2740.804456
1075.534699,272,2740.942946
1021.351753,267,2741.078603
1038.032418,251,2741.206762
1077.497552,269,2741.34386
1079.366529,269,2741.480855
972.449347,247,2741.606692
959.115964,242,2741.731266
959.407442,243,2741.862143
1032.683624,267,2742.006007
949.762738,241,2742.135669
1014.857879,257,2742.271683
1011.543596,266,2742.411851
985.05497,250,2742.543642
1073.601313,267,2742.684313
955.955655,241,2742.811094
958.385639,243,2742.938839
1021.325543,256,2743.073738
959.304506,243,2743.201751
1079.149326,269,2743.343727
987.981335,250,2743.475494
954.474611,242,2743.603108
1071.201417,268,2743.746372
972.237474,246,2743.878803
1076.009056,270,2744.024138
1023.426865,262,2744.164996
964.324784,244,2744.296465
1061.611068,258,2744.435344
1077.845176,269,2744.58018
1027.513478,256,2744.718136
1079.070036,269,2744.862945
960.469651,243,2744.993827
948.777918,241,2745.123545
979.031751,252,2746.02628
1103.678083,261,2746.217633
838.377986,223,2746.38151
1177.336297,272,2746.580999
981.140616,244,2746.764154
1039.897404,242,2746.942363
1107.977558,265,2747.13799
1132.99661,282,2747.345307
1089.322436,270,2747.497277
1112.990904,262,2747.62796
1072.777161,266,2747.760667
1088.584486,269,2747.895113
1098.106739,271,2748.030381
1114.496333,274,2748.168503
1099.531616,260,2748.305676
1094.535423,265,2748.445357
1114.950531,276,2748.590939
1083.585315,267,2748.731665
1100.941696,263,2748.870202
1105.203474,260,2749.007315
1096.021467,272,2749.150625
1102.388527,259,2749.287107
1078.20307,270,2749.432357
1103.661539,263,2749.573661
1097.373217,265,2749.716029
1100.770898,261,2749.85645
1095.371923,270,2750.001732
1097.284682,263,2750.143519
1083.128653,270,2750.288725
1092.518133,268,2750.433069
1101.596539,271,2750.581563
1090.32166,267,2750.727413
1095.556527,265,2750.865082
1096.014448,264,2750.999292
1102.310542,265,2751.131883
1082.747911,268,2751.2678
1095.863989,269,2751.404449
1118.200435,261,2751.542894
1089.642017,273,2751.68723
1073.174642,267,2751.824531
1095.870081,273,2751.961735
1114.155659,260,2752.092645
1102.614583,266,2752.225195
1083.906786,267,2752.367217
1097.716841,260,2752.505017
1096.066841,265,2752.644363
1088.884227,270,2752.786615
1094.483524,268,2752.928751
1092.898831,268,2753.069707
1100.661067,268,2753.210893
1089.569853,264,2753.346893
1089.199858,264,2753.478472
1092.021541,266,2753.611268
1071.429177,269,2753.745309
1102.686045,262,2753.878263
1101.793338,261,2754.0123
1100.27317,267,2754.149366
1116.960638,273,2754.294704
1111.96309,273,2755.226966
1104.944136,274,2755.441921
1310.46996,268,2755.65179
1011.525111,257,2755.853566
957.170577,269,2756.06404
804.646857,244,2756.259255
1121.71829,271,2756.478944
1275.143595,273,2756.785267
1231.51435,283,2756.929259
1265.768848,287,2757.075339
1261.478442,285,2757.219863
1234.526111,283,2757.363668
1269.027716,271,2757.501032
1273.242476,288,2757.647535
1283.631469,272,2757.785631
1253.207255,289,2757.9327
1286.076441,289,2758.079608
1289.253856,276,2758.240176
1288.68446,289,2758.434004
1429.22492,296,2758.645475
1281.453299,275,2758.836265
1288.493766,277,2759.022119
1265.189639,286,2759.213222
1274.079192,288,2759.380145
1229.361709,264,2759.551437
1271.050798,287,2759.759563
1298.661084,290,2759.952439
1290.555021,277,2760.116186
1301.131851,280,2760.274232
1289.906809,275,2760.432585
1275.381422,288,2760.603203
1256.400478,286,2760.786935
1283.171056,288,2760.958295
1285.307828,274,2761.095404
1304.937358,281,2761.238122
1243.959208,284,2761.381383
1198.518983,282,2761.526071
1275.06525,288,2761.691652
1342.489969,287,2761.838083
1310.584778,290,2761.986536
1270.07083,287,2762.151196
1211.588051,283,2762.310876
1258.820502,287,2762.4582
1307.467187,283,2762.599915
1297.946577,290,2762.748517
1291.233049,275,2762.890261
1363.412514,289,2763.065606
1303.934432,290,2763.226139
1328.316563,285,2763.385944
1289.401271,289,2763.55105
1268.897271,290,2763.715099
1315.510112,282,2763.873025
1182.955413,280,2764.029809
1264.291311,269,2764.182256
1310.373343,282,2764.341769
1312.413516,281,2764.501259
1299.378652,287,2764.663417
1355.880498,288,2765.574945
720.28638,210,2765.729655
718.323257,213,2765.886455
1084.149514,241,2766.06544
1151.142611,250,2766.252435
1058.863322,255,2766.44715
679.734607,212,2766.609292
1247.865927,261,2766.808169
1175.781114,238,2767.025554
1134.998865,241,2767.14701
1158.852335,234,2767.263327
1179.773101,265,2767.394636
1129.845367,239,2767.513002
1147.637774,235,2767.629325
1128.487782,241,2767.748781
1139.147373,238,2767.872198
1135.793027,239,2767.991798
1025.616806,246,2768.113949
1128.764941,242,2768.234174
993.207811,243,2768.358089
1116.201873,273,2768.493651
1159.214027,234,2768.609586
1126.63314,242,2768.729926
1132.990172,242,2768.852497
876.137104,240,2768.974584
966.511525,245,2769.096415
999.826604,242,2769.216431
1145.571751,235,2769.332807
1141.587159,238,2769.450596
1034.281662,249,2769.574807
1123.987858,235,2769.691615
1130.698057,237,2769.809262
1131.40048,243,2769.932452
1132.998882,241,2770.054541
1233.125215,272,2770.192258
976.670428,239,2770.316657
1130.208041,239,2770.435365
981.096071,240,2770.577432
1105.762849,243,2770.737106
1483.174199,295,2770.922531
1132.409196,242,2771.054232
1163.459431,236,2771.219922
999.236254,242,2771.365791
1111.604177,260,2771.512142
1121.457732,257,2771.657904
1122.013737,244,2771.798478
1148.279634,236,2771.93684
1138.156943,240,2772.078931
978.794427,240,2772.21722
969.268722,250,2772.356546
1001.842166,244,2772.492262
1123.170387,235,2772.627805
1141.617261,238,2772.75139
1142.990188,235,2772.869184
1157.002848,236,2772.986857
1138.439202,236,2773.104807
1039.82244,249,2773.229959
1135.177714,235,2773.346771
720.401167,186,2774.324152
1069.344971,274,2774.573995
1225.124538,245,2774.792829
1122.447793,264,2775.030056
1233.832332,283,2775.283403
621.670545,196,2775.454577
1064.996133,257,2775.676137
914.861492,232,2775.877542
1135.140644,255,2776.12774
1138.184566,253,2776.271909
1163.400043,257,2776.422424
1097.837105,249,2776.572312
954.623823,244,2776.715519
930.438596,243,2776.856022
897.661304,238,2776.996176
1105.250831,250,2777.143417
942.577533,245,2777.288025
1064.310728,251,2777.434582
1079.022041,250,2777.58004
1157.117255,257,2777.725634
1114.339829,256,2777.877972
1096.105861,253,2778.028729
979.319169,246,2778.168454
933.595725,247,2778.312918
912.205075,242,2778.45383
1105.372865,250,2778.598301
1064.33672,252,2778.746579
912.346425,243,2778.890871
1016.829988,249,2779.035273
895.753223,240,2779.174977
1166.073825,256,2779.323308
1036.403026,240,2779.464494
1058.002453,243,2779.602382
923.549826,242,2779.740936
996.930699,255,2779.885251
1151.764918,253,2780.036838
932.323166,245,2780.187287
1120.927879,252,2780.332047
1121.328305,250,2780.465033
917.79223,244,2780.588127
953.586335,246,2780.711952
1083.234603,253,2780.838876
1002.044552,257,2780.972441
1170.174536,257,2781.107861
1010.940635,248,2781.232588
1052.154926,250,2781.359116
1091.908504,253,2781.487709
1010.210894,258,2781.621801
1033.492396,261,2781.758421
997.558546,248,2781.886254
1021.895904,249,2782.012539
977.684653,252,2782.141562
962.548072,244,2782.266875
942.751678,248,2782.394319
1123.359621,252,2782.522505
940.067806,247,2782.650363
1039.967745,241,2782.772362
1126.3519,257,2782.904804
1058.832352,245,2783.90606
890.276881,251,2784.122651
990.72726,242,2784.318894
720.286074,216,2784.488984
990.596811,233,2784.663053
1058.932305,253,2784.87763
1303.877852,278,2785.132071
1188.57344,288,2785.36402
1215.830572,285,2785.548897
1221.801869,286,2785.692862
1225.026885,286,2785.835929
1251.231446,289,2785.979826
1240.758956,288,2786.134363
1216.992491,286,2786.29284
1209.176955,287,2786.452852
1343.881809,296,2786.619406
1247.656533,288,2786.768239
1264.330462,289,2786.912559
1357.163462,296,2787.060635
1213.570509,286,2787.21719
1295.625287,283,2787.373999
1215.511007,287,2787.516761
1223.554859,286,2787.658947
1248.168124,288,2787.802024
1296.885749,279,2787.940342
1356.854976,290,2788.084017
1372.878308,293,2788.229763
1429.984917,298,2788.377583
1225.331236,285,2788.518714
1220.998601,285,2788.660075
1267.723515,289,2788.803743
1204.311602,285,2788.945068
1218.588976,286,2789.086764
1207.571899,284,2789.227712
1183.277796,283,2789.367867
1221.923271,287,2789.510053
1218.36016,285,2789.651299
1354.711485,290,2789.796274
1345.144135,295,2789.952275
1205.702529,289,2790.110145
1224.999349,287,2790.25648
1234.28347,286,2790.398509
1338.01043,287,2790.540952
1299.833167,291,2790.685595
1199.467899,287,2790.828585
1245.994223,287,2790.970885
1261.917468,289,2791.120034
1238.2159,285,2791.270655
1211.214563,285,2791.421543
1216.619556,287,2791.569841
1217.733064,285,2791.720864
1277.262902,291,2791.866984
1203.459644,285,2792.008439
1457.131468,301,2792.157732
1261.90336,287,2792.300156
1214.426504,286,2792.441981
1233.420491,289,2792.585259
1229.763632,286,2792.727253
1166.891769,283,2793.63392
1271.031279,287,2793.845397
1836.739536,327,2794.085423
1105.134799,252,2794.272279
1450.331879,290,2794.493768
1110.084688,269,2794.699491
1019.529978,229,2794.874275
1552.856265,301,2795.118258
1338.835445,284,2795.259532
1181.160413,261,2795.389487
1305.196394,278,2795.527823
1156.928848,264,2795.658698
1499.216044,295,2795.805186
1378.666647,289,2795.948932
1076.498604,254,2796.074767
1292.487272,277,2796.212472
890.332265,240,2796.332217
1485.287295,290,2796.477701
1402.738584,290,2796.625147
1392.793256,292,2796.774299
1049.620083,249,2796.900603
1139.433798,261,2797.032988
951.244747,230,2797.149889
1128.995588,242,2797.272651
1076.12636,255,2797.401941
1045.725839,238,2797.522741
960.527504,249,2797.651188
1384.936811,284,2797.792707
968.388457,234,2797.909303
993.393415,262,2798.040741
1077.349522,254,2798.167006
1127.262084,260,2798.296007
1125.540455,260,2798.425508
1014.889493,270,2798.562423
978.046457,264,2798.694138
933.350551,245,2798.816507
1387.636027,291,2798.962167
1331.361801,285,2799.103934
1381.426711,280,2799.243743
1024.395074,243,2799.36535
1010.345776,267,2799.499924
947.838624,230,2799.614515
1535.42438,300,2799.763589
812.726146,233,2799.880297
982.646195,257,2800.009109
1550.478872,300,2800.158226
1005.080075,269,2800.293769
1226.880814,269,2800.428237
1554.292169,300,2800.577936
1155.613968,266,2800.710426
993.137783,261,2800.842253
1459.223551,297,2800.990122
1418.2208,284,2801.13131
1249.861813,276,2801.268342
1178.204693,271,2801.402905
1152.105181,263,2801.534828
1123.900088,242,2801.6551
972.241578,243,2802.658667
1293.860511,273,2802.899703
729.817926,217,2803.088596
862.141969,221,2803.269095
1054.792252,286,2803.488468
1183.741046,268,2803.692759
415.726405,141,2803.800597
1113.447726,258,2803.997998
996.577546,272,2804.256967
1011.837321,268,2804.393944
1001.333177,267,2804.53012
995.352795,267,2804.666265
991.269892,276,2804.807394
1007.17818,272,2804.946036
1042.806431,269,2805.0831
1058.788939,273,2805.222171
1002.800894,268,2805.358776
1003.296012,279,2805.503484
1004.865399,280,2805.657793
1003.865727,280,2805.801129
1044.395011,267,2805.935959
995.990237,280,2806.076783
995.186065,279,2806.216235
1006.849657,273,2806.35307
985.292825,277,2806.491939
1021.448469,269,2806.626368
1045.009396,268,2806.763252
1015.310668,283,2806.926075
1055.174838,272,2807.083587
1018.254488,262,2807.243842
988.232206,273,2807.407921
1000.923462,275,2807.57152
1006.379834,271,2807.730741
993.938344,276,2807.89255
994.167255,279,2808.05674
1000.618995,274,2808.206121
1014.599057,270,2808.341706
1007.393565,270,2808.482089
999.482994,274,2808.62592
1055.481148,271,2808.765689
1005.037515,272,2808.902926
992.537289,277,2809.041867
999.155731,270,2809.177391
992.567425,274,2809.31488
1044.710059,268,2809.45231
1018.774987,265,2809.587622
1009.670356,274,2809.728986
1020.789452,269,2809.870374
1000.730948,273,2810.021388
993.777167,275,2810.160623
1010.606803,268,2810.306555
1004.424212,281,2810.455503
1011.910509,278,2810.606647
999.367602,275,2810.753704
1018.121462,265,2810.888934
1005.526486,271,2811.026448
1003.205881,280,2811.190524
1010.702384,278,2811.358899
1022.703902,256,2812.380594
1153.922214,233,2812.576388
1087.827386,256,2812.790258
777.625384,223,2812.974784
1256.333764,282,2813.213339
1036.892577,280,2813.436256
1078.417714,268,2813.690809
950.727283,225,2813.905035
1355.188399,262,2814.091835
1444.379854,275,2814.268289
1304.693567,256,2814.416785
1474.512166,281,2814.577101
1370.229138,264,2814.729675
1433.022659,273,2814.884615
1266.115384,251,2815.029181
1460.938212,278,2815.191959
1521.916319,295,2815.342621
1332.863455,259,2815.474764
1430.007856,273,2815.614888
1429.105708,273,2815.751093
1539.292766,298,2815.915404
1425.787553,273,2816.081179
1159.241726,240,2816.224008
1386.37596,266,2816.37796
1354.476331,262,2816.527405
1520.97157,290,2816.730046
1398.78418,268,2816.884699
1305.940399,256,2817.029062
1510.783503,290,2817.195777
1399.392168,268,2817.350655
1436.444916,274,2817.508712
1453.049264,277,2817.690363
1377.952234,265,2817.852399
1329.710879,259,2817.9885
1310.998768,257,2818.116482
1323.922615,258,2818.24471
1530.449854,294,2818.390349
1378.250943,265,2818.521692
1391.250843,267,2818.654653
1440.853271,274,2818.793737
1417.202524,271,2818.931234
1494.132518,284,2819.07544
1493.741196,285,2819.217031
1233.742182,248,2819.340211
1530.964209,293,2819.488866
1536.659418,295,2819.63541
1428.94256,273,2819.771119
1404.689572,269,2819.90762
1407.431541,269,2820.041048
1537.607037,297,2820.190382
1461.747836,278,2820.332169
1499.462284,289,2820.476668
1453.528785,276,2820.615232
1478.01057,282,2820.776612
1410.959804,270,2820.925332
1377.411099,265,2821.058015
1507.238148,290,2821.204752
1453.043544,276,2821.360119
1234.173646,250,2822.311291
644.320992,181,2822.446715
1077.771292,272,2822.651012
1355.837503,278,2822.87375
1106.897105,263,2823.085248
1200.500643,279,2823.30853
1031.935198,266,2823.519924
1032.784043,253,2823.871098
1084.767514,262,2824.003271
1086.687372,259,2824.143654
1085.397065,265,2824.287444
948.88353,242,2824.4111
860.506992,231,2824.532381
926.884138,241,2824.670247
1023.070844,251,2824.802119
1059.00778,257,2824.942919
1077.713477,260,2825.082906
906.091588,237,2825.210453
1078.555282,257,2825.350165
1074.350625,259,2825.500324
1081.223233,263,2825.644409
1082.691459,261,2825.792414
967.842325,244,2825.915071
967.250362,246,2826.040613
1078.545736,262,2826.178858
1058.629281,254,2826.314694
1073.172509,261,2826.45416
958.110769,245,2826.584833
969.32005,244,2826.709914
1073.412955,262,2826.841499
999.765385,249,2826.966364
1035.339419,253,2827.099948
1069.828696,256,2827.252956
1078.719053,264,2827.397048
1059.251126,256,2827.542386
1081.067036,264,2827.691908
1088.204651,265,2827.842135
1081.483179,262,2827.991731
1017.239367,250,2828.133317
938.90789,240,2828.270083
1074.990403,261,2828.419913
1078.199151,265,2828.572139
1042.999351,254,2828.721072
907.17641,237,2828.856392
1042.143129,253,2828.998899
1074.674321,258,2829.13555
925.814568,239,2829.259136
1079.392756,262,2829.390886
1082.693951,263,2829.523324
1081.414168,263,2829.656936
966.701146,244,2829.779842
1073.81417,261,2829.912124
906.598165,237,2830.031261
1028.361017,253,2830.159748
1092.256326,259,2830.310899
906.259565,237,2830.454039
1078.431629,259,2830.599429
622.360158,192,2831.553408
991.747225,242,2831.752667
836.633029,234,2831.93593
1010.017371,249,2832.129708
1069.355008,271,2832.339218
1120.714557,257,2832.576422
1060.118208,251,2832.783386
696.81808,200,2832.940402
1687.012949,308,2833.260679
1287.701466,290,2833.431949
1515.289747,303,2833.609416
1706.521762,315,2833.793519
972.798194,276,2833.954828
1220.825403,286,2834.115094
1308.708831,291,2834.277677
1673.960385,309,2834.450261
1592.111931,310,2834.621934
1743.883513,316,2834.784994
1337.511986,306,2834.941828
1616.220314,308,2835.10334
1499.529639,300,2835.258692
1725.849146,310,2835.438026
1733.445227,310,2835.628346
1451.735713,300,2835.809641
1720.305274,310,2835.99794
1364.452366,294,2836.174685
1681.374898,310,2836.352545
1495.0234,303,2836.518912
944.00445,266,2836.660915
1720.010144,308,2836.823314
1642.415607,305,2836.984866
1701.549333,308,2837.147881
1543.678661,307,2837.314196
1428.184216,288,2837.486117
1661.002644,307,2837.681232
1532.016604,305,2837.861596
1654.258851,308,2838.058577
950.206146,271,2838.215496
1755.359889,313,2838.403888
1684.316,313,2838.560112
1129.923286,279,2838.698538
1616.552095,310,2838.852427
1573.622578,311,2839.006767
1722.768834,310,2839.160302
1472.643602,302,2839.310405
1498.214577,305,2839.46196
1031.685074,288,2839.628694
1516.154949,305,2839.814385
1662.883908,307,2839.99654
1635.615058,307,2840.159295
1730.187095,314,2840.316153
1415.325491,298,2840.465363
1674.269945,312,2840.645644
1719.996799,315,2840.813251
952.656434,271,2840.951919
2538.164526,399,2841.164722
1588.142076,308,2841.327694
1639.788257,304,2841.485492
983.043276,275,2842.465275
1115.376172,271,2842.7007
1170.825847,248,2842.895247
982.385086,222,2843.058757
1295.287589,288,2843.287252
1261.605078,250,2843.471304
807.705053,246,2843.653489
370.810852,135,2843.754071
988.88225,264,2843.981037
975.030503,244,2844.102718
1084.589329,254,2844.229125
939.322619,237,2844.347338
973.123338,264,2844.478867
968.877577,243,2844.602001
1042.490565,260,2844.734853
1002.51679,265,2844.870037
1041.743172,252,2844.998587
936.964271,236,2845.118031
1073.829873,263,2845.24962
985.308457,247,2845.37396
1047.916454,260,2845.504209
1013.233731,266,2845.640265
1072.282212,263,2845.772319
992.78004,263,2845.903328
1061.710446,262,2846.034395
1058.325342,261,2846.164974
1009.388963,262,2846.295746
1048.82645,270,2846.430332
926.549146,236,2846.548071
1015.692563,252,2846.67359
931.800712,235,2846.795928
1017.897908,267,2846.936729
1066.906302,259,2847.073435
992.022315,263,2847.214659
1057.517529,253,2847.351048
925.637959,235,2847.477588
936.259442,237,2847.604455
1067.3282,259,2847.740981
1032.778695,244,2847.869429
1063.558694,259,2848.005933
1072.383095,250,2848.137532
1036.606003,253,2848.270979
1029.028635,257,2848.406535
933.421477,236,2848.530879
1062.318406,258,2848.667007
1026.750373,259,2848.803656
953.082599,239,2848.929679
945.165105,238,2849.055116
1030.332032,267,2849.198334
940.78141,237,2849.325756
1062.9978,258,2849.464515
1061.425358,258,2849.603235
1059.592191,261,2849.744194
934.410359,236,2849.871267
940.994369,237,2849.998855
1041.30615,264,2850.140514
1001.932038,251,2850.275661
941.347778,238,2850.40393
955.850533,266,2851.328416
1436.921645,297,2851.546738
1207.638916,275,2851.751056
1052.341385,248,2851.946343
1172.375625,283,2852.175586
641.119863,195,2852.333069
1278.848127,271,2852.55227
890.660093,230,2852.854278
1139.979213,254,2852.983579
1147.861483,254,2853.112991
852.588615,218,2853.22835
1002.697375,239,2853.356648
1033.854564,245,2853.488128
989.055409,238,2853.615644
853.017256,219,2853.733263
855.21509,219,2853.850935
845.798614,219,2853.968572
1190.418287,259,2854.10775
863.593618,219,2854.225276
1178.867298,256,2854.362899
767.752197,218,2854.479876
877.658676,222,2854.599122
1001.457322,239,2854.727211
1124.104391,254,2854.86411
883.446185,223,2854.983809
854.903877,219,2855.100569
1188.746432,258,2855.231986
1202.534601,259,2855.363798
1180.169632,257,2855.494611
1045.779545,244,2855.618777
854.418588,218,2855.729723
854.902696,218,2855.840568
1144.661934,253,2855.966401
1146.399702,253,2856.092265
1144.683054,253,2856.218322
845.328707,218,2856.327065
1074.260022,248,2856.450805
876.732659,222,2856.562217
1058.053689,246,2856.687141
859.762491,219,2856.801254
790.469589,214,2856.913918
1188.239892,257,2857.049137
792.234959,214,2857.157796
1189.199632,257,2857.288777
962.603707,234,2857.411875
1032.954999,244,2857.540545
808.81164,217,2857.654653
851.364232,219,2857.76991
814.308339,217,2857.883916
780.901009,219,2857.999006
863.937145,219,2858.114675
1032.097827,244,2858.24309
1019.1867,242,2858.370227
789.613798,220,2858.48058
1020.69745,242,2858.601328
1145.495853,253,2858.731156
1180.796476,255,2858.867826
474.429772,156,2859.754683
1298.593372,253,2859.967137
1091.205989,275,2860.195503
1049.744214,275,2860.445779
779.560486,199,2860.615267
1142.973594,255,2860.827378
1027.348284,240,2861.02705
670.986172,175,2861.172018
798.853432,201,2861.330194
1085.728509,252,2861.483563
1055.241603,244,2861.606044
1065.280432,250,2861.732052
1019.414403,240,2861.852237
923.886457,230,2861.968664
1076.309621,248,2862.096052
1083.515581,248,2862.2243
1048.275415,244,2862.350248
1128.096391,254,2862.481335
1087.0754,252,2862.615538
1099.720367,253,2862.772948
979.596419,234,2862.919376
1002.906947,239,2863.064353
969.018884,235,2863.206277
1098.006986,249,2863.353622
905.260352,228,2863.488897
1096.894767,252,2863.638558
1050.358934,249,2863.769265
1104.504695,251,2863.899406
1047.430775,244,2864.028476
1099.157132,253,2864.1648
1090.308919,248,2864.303564
1007.854784,239,2864.439993
1026.491416,241,2864.578108
1086.605958,248,2864.708335
1078.658257,247,2864.849794
1053.864275,244,2864.987696
1047.999951,244,2865.12628
1094.899782,251,2865.268984
1092.445734,251,2865.411941
982.849357,235,2865.544785
1064.154016,250,2865.704028
1042.970195,243,2865.843713
953.626015,232,2865.974534
886.206312,227,2866.115588
1063.296207,244,2866.258733
1038.128763,243,2866.396655
883.967364,224,2866.523322
998.839858,238,2866.642106
1097.914328,251,2866.795882
1008.927044,239,2866.952389
1121.631355,254,2867.097472
1035.008768,242,2867.236361
1084.359389,247,2867.376819
1076.680903,252,2867.519173
1091.844248,249,2867.660206
969.774423,235,2867.792738
1037.178454,243,2867.927312
1095.620373,253,2868.066712
956.36811,234,2868.190639
816.95345,221,2869.143161
871.538422,227,2869.316396
1118.134844,261,2869.550177
1192.990638,277,2869.771132
1016.884957,227,2869.942103
1103.263535,228,2870.128064
625.26367,194,2870.275518
1142.185208,266,2870.4735
1146.518828,252,2870.747977
1194.059645,250,2870.895784
1185.165449,239,2871.045795
1231.106416,249,2871.195513
1207.930293,243,2871.343377
1115.840209,245,2871.503827
1067.448996,241,2871.648285
1143.436604,248,2871.788955
1226.670721,249,2871.930362
1157.291258,253,2872.075739
1158.75327,252,2872.217128
1214.65803,251,2872.357709
1219.921166,246,2872.495159
1214.347695,251,2872.641941
1221.368196,245,2872.787127
1102.456544,244,2872.927538
1147.903189,234,2873.054116
1215.774049,244,2873.183206
907.337912,205,2873.2911
1113.610723,245,2873.420992
1110.862607,245,2873.551399
1041.71353,242,2873.679743
1077.038027,223,2873.797611
1387.746148,281,2873.945518
1036.954365,219,2874.061756
1173.11567,261,2874.200871
1233.01358,249,2874.332957
874.756121,204,2874.434489
1128.648253,246,2874.556712
1185.497264,250,2874.684064
1038.755389,242,2874.811635
1164.761832,248,2874.953029
1380.809175,280,2875.111051
1068.517435,243,2875.252037
940.760246,235,2875.401608
1145.760969,233,2875.542512
1186.929769,240,2875.685568
1213.485532,244,2875.822127
1162.816509,248,2875.96101
952.008589,237,2876.093693
1219.497352,247,2876.231508
1195.873344,263,2876.380879
1218.015405,245,2876.518382
1188.424828,240,2876.643208
1223.976623,248,2876.772054
1176.609202,237,2876.893726
1200.914578,242,2877.016179
1227.84049,249,2877.14096
1200.018929,250,2877.268209
1156.764564,235,2877.389759
497.893274,151,2878.271935
1167.29659,267,2878.499012
949.938411,240,2878.705889
1001.929693,270,2878.935776
1081.230975,274,2879.171287
840.794391,209,2879.352244
781.812902,200,2879.524614
996.24978,236,2879.726693
1300.441959,270,2880.039288
1357.794345,269,2880.178563
1343.778033,265,2880.314487
1357.302981,269,2880.450917
1354.954519,267,2880.587534
1351.865915,271,2880.725679
1335.379034,272,2880.862935
1336.425379,270,2880.999758
1357.156527,267,2881.133888
1322.490792,263,2881.265328
1368.933441,269,2881.400798
1351.111594,266,2881.537963
1359.443022,269,2881.673617
1321.868697,270,2881.810585
1364.726801,268,2881.946545
1333.938451,270,2882.084768
1272.507534,270,2882.220845
1362.634695,269,2882.355625
1341.289712,264,2882.490013
1326.107355,270,2882.627873
1358.76143,271,2882.764734
1271.595915,271,2882.902888
1340.633469,264,2883.036777
1264.995624,270,2883.174908
1340.935524,264,2883.309524
1337.345244,271,2883.448611
1334.653456,270,2883.586828
1347.775446,266,2883.726481
1264.6636,270,2883.86639
1364.271593,272,2884.005874
1277.535782,270,2884.144168
1280.839294,270,2884.280613
1345.398464,270,2884.415627
1336.405856,271,2884.550916
1375.112802,272,2884.686807
1368.970257,269,2884.821178
1365.627641,272,2884.959214
1376.507479,272,2885.096034
1377.414918,271,2885.231647
1363.817286,269,2885.36904
1243.693019,270,2885.507828
1350.272695,267,2885.642401
1279.023791,272,2885.7798
1362.876916,266,2885.915448
1303.744303,273,2886.056348
1361.734086,272,2886.196004
1346.331794,266,2886.333895
1364.762881,272,2886.470744
1335.450901,272,2886.60724
1326.939085,269,2886.744689
1377.311737,271,2887.760917
966.698508,247,2887.969214
684.659242,193,2888.127929
1070.015989,271,2888.352239
1200.016516,252,2888.560008
784.566712,220,2888.743055
798.162489,209,2888.915073
1153.875677,248,2889.118587
1053.693406,261,2889.37161
1055.89994,268,2889.507142
1059.284277,272,2889.644055
1016.062896,254,2889.770566
1063.579722,273,2889.907619
1042.408011,261,2890.041547
1301.177937,302,2890.195576
1046.136261,263,2890.326974
986.123091,251,2890.456548
1036.180827,270,2890.590866
1070.371844,274,2890.72785
1051.0032,267,2890.865241
1045.849406,270,2891.000447
1042.360933,259,2891.130747
1023.785437,255,2891.261318
1050.224569,258,2891.4093
1041.996063,257,2891.538442
1049.703127,263,2891.684411
1047.624616,264,2891.821284
1045.480226,259,2891.95303
981.634368,250,2892.078787
1105.986332,266,2892.226309
1032.357361,256,2892.362478
815.878529,231,2892.495886
1061.208287,266,2892.631024
1091.076366,277,2892.784533
1037.251144,259,2892.930572
1055.891442,268,2893.066422
1055.082127,270,2893.206795
1058.943049,267,2893.340902
1008.657048,253,2893.468328
1055.433511,270,2893.603431
1050.051275,258,2893.73639
1030.221893,255,2893.866528
951.714271,246,2893.989855
1049.519409,261,2894.12126
1048.932958,270,2894.260254
1042.200182,257,2894.388481
1069.78778,272,2894.524164
1069.573844,274,2894.66219
1047.049697,268,2894.795783
1066.156837,272,2894.931605
1053.970097,271,2895.067983
1049.680558,258,2895.196668
746.39262,223,2895.30766
1054.617452,260,2895.437411
1022.233734,269,2895.573331
951.67418,246,2895.696588
1053.287369,260,2895.82755
1032.796285,256,2895.955754
955.914928,248,2896.828285
1156.127298,287,2897.040829
1008.70697,223,2897.205282
1022.218807,230,2897.377717
1176.127136,287,2897.589772
1037.63169,286,2897.833073
1264.526114,276,2898.040288
1030.932411,242,2898.328524
1066.953982,274,2898.464612
1057.934652,251,2898.589414
1079.052738,275,2898.726328
1058.652268,271,2898.861931
1088.385272,271,2898.996914
1107.747236,272,2899.132401
1066.073821,270,2899.267146
1080.503393,265,2899.401766
1066.752423,266,2899.537728
1071.343884,272,2899.676964
1065.245261,263,2899.811158
1105.293543,265,2899.946568
1042.591659,260,2900.079452
1066.954208,274,2900.218998
1064.517443,272,2900.359199
1008.392564,268,2900.496359
1106.68421,268,2900.639289
1061.274356,270,2900.785417
1068.345203,271,2900.920956
1065.702525,273,2901.058914
1049.511135,257,2901.220924
1061.704639,262,2901.365295
1065.196135,272,2901.537992
1102.594328,280,2901.728708
1058.642153,258,2901.883719
1099.536937,269,2902.042632
1103.226519,271,2902.209221
1049.637738,255,2902.3694
1106.7745,266,2902.526941
1085.588602,264,2902.68045
1032.066118,268,2902.852826
1133.070724,288,2903.032072
1085.113855,265,2903.191415
1071.208603,274,2903.337519
1034.376418,269,2903.48153
1033.137414,269,2903.642738
1087.822183,265,2903.809617
1092.053134,263,2903.955814
1116.81927,269,2904.102646
1115.090289,270,2904.24377
1052.845332,261,2904.375207
1047.996836,249,2904.504234
1089.004906,279,2904.646539
1071.768215,273,2904.79214
1099.797698,265,2904.927284
1096.925866,267,2905.061092
1073.360414,266,2905.194032
1096.207747,267,2905.328723
1085.723317,265,2905.465426
497.133577,154,2906.332434
1005.284406,247,2906.516237
829.851212,211,2906.672802
1276.214097,279,2906.919413
1023.950776,255,2907.130788
1201.637802,280,2907.362613
949.183943,252,2907.570905
1250.067754,286,2907.8085
1051.256505,281,2908.051929
1043.189286,281,2908.211243
1033.46976,285,2908.371974
1043.923578,281,2908.531854
1034.514886,280,2908.697706
1610.967003,352,2908.908719
1049.871813,287,2909.08376
1027.362156,279,2909.239615
1048.799028,283,2909.388596
1041.940835,280,2909.549698
1043.803827,282,2909.691842
1052.021898,287,2909.85159
1042.977797,280,2909.997966
1025.435754,288,2910.142346
1037.371252,280,2910.282876
1043.802382,280,2910.42318
1039.185347,284,2910.565424
1047.145788,281,2910.705837
1034.484682,280,2910.849634
1050.233459,281,2910.990548
1044.665809,280,2911.150337
1577.194645,346,2911.340799
1042.931127,280,2911.484828
1043.431786,280,2911.626158
1049.57061,283,2911.784108
1033.312158,280,2911.950679
1041.019272,280,2912.116976
1036.469916,279,2912.282547
1039.747218,280,2912.454693
1032.198962,279,2912.615021
1035.501557,281,2912.773514
1057.20002,284,2912.937454
1031.870043,279,2913.095068
1033.034664,280,2913.254399
1032.56862,279,2913.410982
1576.166827,337,2913.586363
1047.204541,283,2913.730868
1034.509132,286,2913.874987
1041.767131,279,2914.017711
1036.237836,280,2914.161205
1236.465293,302,2914.315522
1405.4366,318,2914.478999
1008.996324,275,2914.616609
1042.276303,280,2914.756805
1477.603946,325,2914.91944
1048.775516,283,2915.060921
1346.852686,314,2915.218137
1048.213348,282,2915.360571
1052.374561,282,2915.502283
1044.638869,281,2915.642877
374.75155,134,2916.433973
1199.003742,248,2916.621897
1237.156645,246,2916.806201
1197.533955,280,2917.018294
912.950455,212,2917.175483
435.338944,147,2917.284554
1157.934772,285,2917.495915
1268.295702,265,2917.69255
1250.306804,284,2918.017735
1171.158847,279,2918.158869
1053.639858,254,2918.286142
1415.864551,311,2918.441518
1185.155497,279,2918.580921
1112.893364,264,2918.713388
1237.096861,280,2918.85351
1255.356996,283,2918.995172
1228.296204,283,2919.136597
1245.998491,282,2919.278238
1231.725489,283,2919.424119
1194.292332,271,2919.564266
1118.087063,264,2919.698583
1368.94677,305,2919.852136
1246.69462,283,2919.994701
1225.57051,282,2920.136636
1034.650705,239,2920.256951
1366.153193,305,2920.410062
1212.602335,275,2920.548446
1190.926561,281,2920.690035
1240.625816,282,2920.832246
1559.133195,323,2920.994809
1183.84279,274,2921.134063
1088.314371,258,2921.273063
1182.229267,280,2921.435662
1238.807694,289,2921.608809
1227.479583,280,2921.770563
1245.4094,282,2921.931824
1487.339766,318,2922.117109
1228.840723,285,2922.279258
1225.359749,283,2922.441445
1244.999796,290,2922.601605
1244.727657,289,2922.749632
1270.351375,295,2922.899248
1233.96218,288,2923.043787
1199.702453,280,2923.18439
1239.924999,289,2923.330662
1217.053722,279,2923.47169
1240.017186,285,2923.616719
1159.129784,272,2923.754523
1205.971882,273,2923.899555
1145.874165,267,2924.038947
1101.086912,261,2924.170903
1217.790842,288,2924.315432
1204.547888,285,2924.46176
1594.713041,327,2924.627128
1182.998247,277,2924.766404
1249.396771,283,2924.908293
1663.081501,335,2925.076184
1464.840967,315,2925.233929
684.708589,198,2926.072213
1093.832522,257,2926.262403
976.148149,237,2926.437805
1078.466018,249,2926.621949
1085.202868,251,2926.814203
1073.128733,243,2927.00305
1039.620724,268,2927.213851
995.079632,259,2927.413351
951.636997,277,2927.627804
726.239345,212,2927.733743
927.832614,273,2927.870438
893.44529,239,2927.989754
659.190222,209,2928.094296
1178.710103,301,2928.245621
1360.452256,327,2928.410006
762.653526,219,2928.519593
783.194465,229,2928.643847
772.392453,225,2928.756877
875.726955,260,2928.887189
759.269991,223,2928.998755
720.58335,210,2929.103698
1079.123416,289,2929.248109
779.029567,235,2929.365753
956.448188,274,2929.503101
640.599418,195,2929.600433
1304.021164,322,2929.762356
1177.557511,300,2929.913383
735.809644,225,2930.027148
734.932596,225,2930.142507
937.541811,252,2930.27196
731.080574,224,2930.386921
782.111662,222,2930.5009
821.234394,226,2930.614165
947.368681,274,2930.751167
761.170987,218,2930.860762
1261.426462,319,2931.021939
732.311076,219,2931.132564
764.734088,224,2931.244932
789.841712,238,2931.366265
1207.680085,305,2931.51956
830.06525,233,2931.636307
708.972592,208,2931.741708
742.291505,222,2931.857191
776.870624,234,2931.974931
720.870247,211,2932.081944
761.742222,219,2932.19153
864.284071,243,2932.313418
950.010413,276,2932.452939
647.809736,197,2932.552258
841.406393,230,2932.667872
673.403392,202,2932.769097
695.130272,216,2932.878407
735.613703,224,2932.990654
713.897346,209,2933.095152
640.338557,195,2933.193031
779.715015,222,2933.304517
876.668326,259,2933.434707
672.448141,212,2933.542093
542.910373,172,2934.378001
1063.248604,249,2934.563186
1065.529443,260,2934.757091
1046.589783,267,2934.955735
857.373007,245,2935.139073
1204.258797,278,2935.344605
720.789789,187,2935.48443
1121.594358,291,2935.701785
926.282814,235,2935.912229
1052.822248,241,2936.038434
1092.920371,249,2936.164644
1055.167315,243,2936.286944
888.784184,231,2936.403059
1078.190943,245,2936.529701
1145.43058,257,2936.658813
1035.922933,238,2936.784804
1089.416882,248,2936.910504
1061.856989,248,2937.035595
820.737374,215,2937.14518
1146.932221,257,2937.275752
916.361416,235,2937.394135
1138.420977,257,2937.523533
804.267126,213,2937.630352
1075.924217,246,2937.756301
851.405327,228,2937.871078
1093.768612,248,2937.997084
893.835906,232,2938.113702
963.301508,230,2938.232142
983.583639,242,2938.355275
964.255503,230,2938.470969
1089.048722,247,2938.595103
937.854621,237,2938.719273
1176.794859,264,2938.855559
894.636587,232,2938.975092
1083.902711,247,2939.102534
877.633192,230,2939.218439
1060.888926,243,2939.340454
731.782068,205,2939.443026
1063.981596,244,2939.566239
931.026988,227,2939.680433
1241.052687,274,2939.818356
1108.74573,251,2939.944858
852.748785,228,2940.064559
1044.045481,238,2940.184674
867.840322,229,2940.301083
1110.639696,252,2940.427841
863.858369,220,2940.538443
1099.419335,250,2940.668399
1074.971661,245,2940.810719
1138.545148,256,2940.969306
981.213813,240,2941.103344
963.849284,230,2941.219249
907.236966,224,2941.331723
893.818427,232,2941.448399
1231.210238,271,2941.584616
895.052264,232,2941.705981
1101.609431,252,2941.833369
872.760308,230,2941.950075
1253.047579,275,2942.950155
966.783731,235,2943.145881
1006.428614,279,2943.379248
549.871618,172,2943.520821
541.415483,165,2943.649817
986.800215,234,2943.823967
1861.261472,365,2944.104725
1371.708872,292,2944.331775
990.487383,228,2944.483671
924.012768,219,2944.593557
1173.216413,265,2944.727212
1166.191142,262,2944.85937
1118.551044,252,2944.986555
992.349189,233,2945.104289
956.779493,229,2945.219887
1072.844844,245,2945.343549
978.47985,227,2945.457788
886.667596,223,2945.56997
838.199145,210,2945.675251
1216.693666,267,2945.809927
1053.166497,238,2945.932644
1173.630171,261,2946.067474
1190.709176,273,2946.208719
1084.289893,251,2946.338511
1110.76287,251,2946.468251
1202.84909,272,2946.608877
1083.285816,247,2946.737384
1063.052583,244,2946.863636
1067.001701,248,2946.991936
949.386082,229,2947.110158
1173.507233,262,2947.245777
1166.214294,266,2947.383313
1098.721853,252,2947.51233
969.743348,229,2947.627774
1220.87576,271,2947.76456
837.244135,209,2947.869397
1075.370958,246,2947.993509
1104.166495,255,2948.122132
974.117237,226,2948.236018
936.080426,221,2948.34712
1055.498768,238,2948.466832
996.084316,230,2948.582523
1192.344337,273,2948.720404
913.795632,218,2948.829765
1034.630762,235,2948.94783
1008.829458,232,2949.066702
1181.03734,270,2949.205914
987.597471,233,2949.326098
1032.819068,244,2949.452317
989.943391,228,2949.569736
977.332154,231,2949.68881
1144.347551,256,2949.820938
1025.822743,234,2949.941527
1201.615003,270,2950.081176
847.895551,210,2950.188901
854.263478,212,2950.297726
1192.043742,269,2950.436482
1137.92074,256,2950.568666
902.864044,218,2951.470362
1085.481467,235,2951.645245
1156.455074,247,2951.828403
1213.402003,281,2952.037028
776.008567,197,2952.187614
994.265847,228,2952.363503
1288.996086,268,2952.570098
1008.315149,246,2952.76039
1192.858747,265,2953.007339
1307.114556,274,2953.147598
1208.611022,267,2953.284774
1199.627669,258,2953.416886
1195.687333,262,2953.551212
1311.862447,275,2953.692399
1296.530225,274,2953.833215
1205.702123,259,2953.966265
1204.114047,267,2954.103698
1198.859731,262,2954.238571
1201.109531,265,2954.375304
1226.187328,257,2954.507205
1194.05962,260,2954.640671
1196.884249,264,2954.776301
1193.136054,260,2954.909777
1206.056697,262,2955.044204
1192.721767,264,2955.179172
1229.162646,268,2955.328475
1305.036113,272,2955.489353
1185.718352,261,2955.644145
1250.339207,269,2955.803728
1190.469638,264,2955.960234
1283.428586,273,2956.121758
1213.979721,255,2956.27264
1209.013887,268,2956.431674
1305.135119,274,2956.593515
1195.780637,261,2956.748865
1225.908656,268,2956.907805
1198.028261,262,2957.062973
1308.051173,274,2957.219322
1309.895261,273,2957.364519
1294.398257,273,2957.507485
1195.189643,263,2957.645444
1203.246765,263,2957.785023
1307.285892,273,2957.923569
1198.062412,266,2958.064153
1195.383261,258,2958.202175
1209.367614,267,2958.345262
1196.792073,263,2958.486254
1220.059479,268,2958.62997
1221.789754,269,2958.77421
1224.063683,258,2958.912523
1296.20107,273,2959.058618
1198.176556,262,2959.198887
1197.776651,261,2959.338603
1190.741091,262,2959.478955
1194.08181,261,2959.618809
1220.871375,257,2959.756526
1198.743264,258,2959.894763
1194.396953,262,2960.035601
978.631814,230,2960.887384
1019.898305,275,2961.089979
1175.518538,244,2961.269119
805.736171,219,2961.430528
1275.13574,289,2961.643356
1032.940165,285,2961.855366
1182.23664,300,2962.084566
1278.234995,257,2962.384346
1266.49061,262,2962.517383
1283.24281,258,2962.648178
1301.312052,261,2962.780767
1264.680821,257,2962.911207
1146.028231,257,2963.042247
1281.13015,265,2963.177257
1260.747976,262,2963.310617
1270.040934,256,2963.440774
1265.437398,263,2963.574674
1285.395492,263,2963.708254
1273.392423,262,2963.84139
1299.591348,263,2963.975057
1266.486177,256,2964.104996
1299.292976,263,2964.238523
1271.317143,262,2964.371945
1283.489327,259,2964.503326
1277.65515,265,2964.638179
1301.288825,268,2964.774358
1296.116242,264,2964.908874
1292.16168,263,2965.042439
1253.063119,254,2965.171307
1150.658888,258,2965.302711
1192.328197,252,2965.430875
1270.182364,263,2965.564619
1275.82692,264,2965.698832
1266.316329,255,2965.828599
1271.729873,262,2965.961922
1044.264782,246,2966.087427
1266.918503,256,2966.217482
1290.514016,259,2966.349081
1271.668825,256,2966.479251
1288.703153,259,2966.61097
1289.522777,263,2966.745312
1305.364473,262,2966.879142
1270.827478,262,2967.012521
1265.654006,261,2967.145071
1258.085954,255,2967.274588
1162.140363,252,2967.402878
1297.66994,263,2967.536505
1148.53552,251,2967.664188
1063.052345,249,2967.791119
1262.202538,256,2967.921321
1260.542326,262,2968.05448
1084.192099,249,2968.181406
1273.97864,257,2968.311711
1266.655914,264,2968.445822
1297.346064,260,2968.57783
1189.568254,256,2968.707884
1161.649473,251,2968.835398
1184.992725,257,2969.839052
1163.735407,287,2970.078063
1039.629657,292,2970.32182
1014.513268,241,2970.523514
1054.998108,248,2970.730571
1137.26663,291,2970.973151
1276.677347,261,2971.191491
1315.053763,292,2971.487666
1082.585616,265,2971.624673
1331.572343,297,2971.77825
1236.049759,276,2971.919982
1118.293538,268,2972.057518
1263.908636,301,2972.211921
1146.278539,275,2972.3529
1308.682356,294,2972.503069
1084.584453,265,2972.639077
1274.060262,299,2972.792621
1251.274576,276,2972.934071
1309.187564,295,2973.085383
1229.811791,285,2973.231553
1166.243997,278,2973.374853
1318.37107,298,2973.52759
1322.981409,296,2973.679422
1124.399529,272,2973.819093
1307.46022,281,2973.96322
1067.347392,262,2974.097934
1319.180006,297,2974.250015
1318.409319,294,2974.400363
1156.093121,270,2974.538712
1289.515388,277,2974.680705
1320.927928,303,2974.836316
1306.972215,293,2974.98666
1172.466871,279,2975.12976
1301.705324,302,2975.284923
1328.278398,300,2975.439189
1349.094193,303,2975.594391
1231.404171,286,2975.741241
1118.317642,267,2975.878316
1081.934048,265,2976.014385
1070.343378,264,2976.149529
1308.424142,294,2976.297167
1172.121199,279,2976.437221
1236.751306,296,2976.586308
1260.735523,297,2976.736511
1329.540509,298,2976.887626
1319.289586,295,2977.036557
1186.090485,279,2977.177493
1217.303457,284,2977.320668
1175.830055,272,2977.457533
1300.526259,292,2977.60476
1158.314852,270,2977.741004
1109.802431,268,2977.876161
1333.020543,300,2978.027253
1074.731881,265,2978.162304
1174.783962,271,2978.30189
1090.666721,267,2978.439872
1096.401535,265,2978.576704
1131.383873,270,2979.490358
1651.521837,347,2979.747854
851.990656,201,2979.896774
1127.957511,258,2980.088862
1156.801315,288,2980.311246
1251.563995,269,2980.51166
1101.071851,256,2980.702012
1228.613029,314,2980.991432
1215.621123,309,2981.146902
1468.179715,354,2981.324751
1155.338183,300,2981.475651
1210.685844,309,2981.631065
1234.743734,318,2981.795415
1249.504534,316,2981.976454
1221.35267,311,2982.154872
1235.934031,319,2982.33839
1478.483841,356,2982.542074
1221.156859,310,2982.719723
1220.02655,313,2982.899088
1228.914836,311,2983.077134
1138.414071,306,2983.252523
1528.999264,371,2983.464569
1377.093625,339,2983.659132
1227.210261,311,2983.82695
1201.335824,307,2983.983544
2436.680393,439,2984.206583
1188.238653,304,2984.36143
1217.545925,316,2984.522386
1431.229007,354,2984.703436
1263.135225,316,2984.864434
1245.330068,314,2985.0245
1225.373273,317,2985.185918
1243.479071,318,2985.348027
1300.602487,323,2985.512956
1161.373517,301,2985.666137
1190.063667,304,2985.820952
1187.898209,304,2985.975663
1208.825843,308,2986.132301
1187.390132,316,2986.292907
1263.6584,318,2986.454829
1249.91915,319,2986.617502
1201.554323,316,2986.778895
1229.570515,318,2986.940302
1208.779801,305,2987.092257
1263.434834,318,2987.250381
1199.780721,307,2987.403294
1236.495601,313,2987.559284
1243.578001,318,2987.717761
1432.974684,337,2987.886772
1233.055262,315,2988.044133
1436.476806,348,2988.217139
1272.906814,319,2988.376146
1290.271964,321,2988.536329
1501.76137,371,2988.721068
1249.518134,318,2988.879908
1281.969095,321,2989.039793
1282.924909,321,2989.201259
1265.639044,319,2990.228871
1126.808282,257,2990.459162
667.178404,190,2990.616837
1094.087483,269,2990.846043
1299.856618,302,2991.121665
1228.131405,279,2991.346446
934.61543,259,2991.565771
1123.729564,277,2991.888741
1156.818834,276,2992.027749
1161.457994,287,2992.171556
1129.693562,278,2992.312595
1148.244447,281,2992.453924
1133.588897,277,2992.594116
1111.759464,277,2992.746254
1171.474044,278,2992.904724
1134.692194,276,2993.061762
1121.403354,278,2993.225213
1149.733092,276,2993.381408
1157.100462,279,2993.535268
1158.028501,279,2993.686204
1170.085162,286,2993.836905
1144.155465,281,2994.010032
1099.331355,274,2994.179875
1151.354153,283,2994.350779
1128.108391,274,2994.507634
1131.362493,280,2994.666169
1136.563728,283,2994.848951
1129.61424,279,2995.021484
1131.378011,282,2995.20452
1153.257439,275,2995.360548
1107.143078,273,2995.536508
1123.272895,276,2995.689464
1128.797597,278,2995.828667
1155.870436,284,2995.970544
1109.980846,270,2996.105843
1133.844057,281,2996.24794
1141.444833,279,2996.39442
1176.936446,281,2996.538267
1161.581251,276,2996.675635
1123.361699,274,2996.813259
1134.377454,280,2996.956127
1173.67971,286,2997.118029
1115.097686,276,2997.257102
1167.64842,278,2997.418216
1126.251448,278,2997.580247
1157.285401,279,2997.752378
1101.383972,271,2997.913973
1137.751332,280,2998.071693
1148.859427,276,2998.211873
1174.78432,288,2998.356662
1143.503907,282,2998.513082
1116.615796,272,2998.694304
1111.386579,277,2998.868241
1147.446876,275,2999.02808
1129.171979,274,2999.185895
1202.877246,292,2999.351329
1125.095686,278,2999.509086
1145.834365,264,3000.482677
1052.637909,247,3000.665089
959.012887,240,3000.842646
3256.758119,469,3001.214882
1121.544313,256,3001.404137
1175.281014,294,3001.641427
1271.677581,267,3001.839935
1434.908131,317,3002.019253
1469.812896,321,3002.180339
1303.259389,316,3002.338959
1349.689688,300,3002.488643
1319.570275,302,3002.639565
1363.510251,308,3002.793466
1319.332072,298,3002.942959
1373.084433,309,3003.097133
1340.018661,305,3003.249629
1318.187113,300,3003.399573
1362.159378,300,3003.549151
1375.873252,298,3003.698048
1327.22826,301,3003.850554
1418.576879,318,3004.013221
1314.980452,300,3004.168244
1339.963788,300,3004.318149
1303.485311,314,3004.476893
1419.956567,315,3004.641451
1467.849229,320,3004.809703
1384.52663,310,3004.966073
1381.01854,298,3005.114966
1317.352319,301,3005.265936
1256.944203,316,3005.424474
1328.999227,302,3005.575388
1364.506717,295,3005.722881
1381.688749,317,3005.881108
1321.980392,315,3006.047694
1365.58883,300,3006.209085
1364.699412,309,3006.363421
1375.551359,310,3006.519871
1431.214531,316,3006.681282
1400.029946,318,3006.859442
1409.492525,315,3007.051829
1435.326834,316,3007.239718
1258.9277,321,3007.429443
1339.467705,301,3007.604122
1327.170334,302,3007.765349
1271.903606,317,3007.929452
1445.261124,319,3008.092157
1353.13472,317,3008.251906
1307.708507,316,3008.410728
1395.279611,312,3008.567389
1431.799809,317,3008.726343
1376.313978,317,3008.88528
1440.138283,320,3009.046307
1391.850639,316,3009.206378
1397.109377,312,3009.364729
1319.295663,303,3009.516801
1385.121982,311,3009.673298
1373.567306,297,3009.836442
1375.189076,297,3010.823244
1323.926026,268,3011.072508
1301.418969,255,3011.286576
1032.255409,249,3011.502478
1136.655125,275,3011.736598
1273.311842,325,3012.039113
1134.485768,270,3012.296879
1249.001706,295,3012.595481
878.001985,245,3012.736314
1284.567386,295,3012.906928
1032.532069,263,3013.055672
1251.517824,292,3013.202759
1261.32546,297,3013.351275
1282.952759,297,3013.519464
1226.118023,296,3013.689537
1246.238771,290,3013.853632
1302.435597,295,3014.020718
1246.663295,292,3014.19368
1217.89776,296,3014.374524
1295.716311,294,3014.551846
1118.287576,268,3014.714403
891.289809,260,3014.869214
1234.340431,294,3015.043616
1297.660535,303,3015.224016
1272.468103,291,3015.396259
1131.701408,288,3015.567432
1077.822461,260,3015.717364
1187.515316,294,3015.875322
1101.886726,289,3016.020109
1248.836384,290,3016.168022
1126.326838,291,3016.316769
1179.384498,291,3016.465554
1249.897833,296,3016.615427
1075.940011,263,3016.749768
1310.915746,296,3016.898216
1268.823803,294,3017.045097
1247.966488,290,3017.189102
1220.28552,286,3017.339729
1318.738853,297,3017.495723
1004.169467,257,3017.629925
1255.85664,296,3017.776778
1193.935528,292,3017.924616
1265.941943,292,3018.073413
1199.781677,291,3018.22267
1341.136207,296,3018.372176
1092.951992,268,3018.50925
1148.130462,266,3018.645089
1279.803962,294,3018.793834
1182.97311,291,3018.938837
1123.448441,267,3019.071983
1198.627738,291,3019.218964
1286.255074,294,3019.373949
1072.493175,272,3019.514659
1253.695214,291,3019.661696
1188.094111,293,3019.811816
1251.708279,295,3019.959324
1308.95686,296,3020.106087
1148.757072,265,3021.084688
1140.490968,234,3021.265053
910.984002,230,3021.437849
1235.346269,281,3021.651056
1083.274826,250,3021.840986
1061.720225,270,3022.045206
2089.939806,384,3022.331744
1248.200097,294,3022.592714
1263.134635,294,3022.740615
1223.951031,281,3022.883076
1264.405375,293,3023.031208
1231.559831,284,3023.17544
1195.815704,280,3023.319149
1260.662357,295,3023.469779
1255.42118,288,3023.616995
1198.654826,279,3023.759907
1166.533107,274,3023.900571
1248.98489,290,3024.048491
1235.036952,290,3024.196345
1217.090404,288,3024.354489
1262.226569,284,3024.505934
1271.86224,299,3024.658091
1251.422711,290,3024.803242
1284.20105,300,3024.956251
1283.824445,298,3025.108147
1276.790934,298,3025.256836
1246.567833,289,3025.40136
1272.963533,295,3025.563107
1274.828651,299,3025.732887
1235.264872,291,3025.901353
1157.319053,274,3026.060637
1196.80023,279,3026.222775
1271.636722,296,3026.394229
1175.228365,278,3026.555579
1172.169954,276,3026.715848
1268.151555,294,3026.884893
1269.74136,293,3027.053082
1220.677532,281,3027.212988
1257.559533,295,3027.388536
1270.608491,297,3027.559212
1273.43864,298,3027.727311
1276.515249,302,3027.898439
1175.672964,276,3028.058351
1189.127119,280,3028.231322
1266.226603,294,3028.394436
1262.698982,295,3028.547389
1220.131766,285,3028.709383
1248.848626,290,3028.855401
1270.258966,295,3029.020352
1202.352987,277,3029.167958
1156.19441,274,3029.321395
1261.512447,295,3029.485409
1262.660276,296,3029.649159
1193.568245,277,3029.793829
1247.781032,289,3029.938266
1185.622703,279,3030.079751
1248.029432,284,3030.230366
1187.274812,285,3031.242909
1285.601771,262,3031.464373
1497.067083,287,3031.707051
1104.032945,278,3031.945369
1395.24717,303,3032.209969
3166.727171,500,3032.624985
1103.903672,253,3032.862761
1045.597076,241,3032.986962
1120.911118,254,3033.114476
1124.399068,251,3033.240185
1133.418499,254,3033.367496
1440.443317,287,3033.512177
1124.326487,249,3033.636838
1132.876637,256,3033.767781
1130.878607,250,3033.895395
1078.030693,254,3034.025335
1122.196241,252,3034.151196
1129.628685,256,3034.281399
1097.300332,255,3034.410172
1087.417302,254,3034.53815
1084.828874,253,3034.664693
1124.218242,251,3034.789931
1085.211944,255,3034.917649
1110.946763,254,3035.044967
1134.327522,251,3035.170587
1104.052817,253,3035.296983
1115.567874,259,3035.426644
1083.584801,254,3035.555001
1124.594265,255,3035.685331
1076.992605,253,3035.81507
1044.116199,241,3035.938163
1072.393005,252,3036.067177
1130.776676,250,3036.194823
1124.836885,250,3036.322205
1102.837216,253,3036.45133
1093.772353,253,3036.580604
945.535905,231,3036.698723
1065.980831,253,3036.828807
1119.477493,249,3036.955863
1133.783717,252,3037.083984
1078.586078,255,3037.211529
1129.139518,253,3037.337922
1079.033544,257,3037.466529
942.266732,231,3037.581748
1106.611984,249,3037.705627
1121.901699,254,3037.832131
1096.522252,256,3037.960307
1106.206944,254,3038.087325
1114.632018,254,3038.213975
1132.70745,253,3038.340708
1130.428158,253,3038.470496
1132.260075,251,3038.598615
1193.12215,275,3038.749274
1114.252186,255,3038.880594
1108.814106,252,3039.010229
1104.786281,254,3039.140825
1099.432474,267,3040.145472
967.981383,224,3040.330293
1073.434054,271,3040.553853
626.920369,199,3040.732944
1021.659803,265,3040.964264
1619.754261,351,3041.263249
1546.579862,349,3041.542659
3309.072932,500,3041.916779
2454.507654,418,3042.138098
3303.223643,500,3042.405871
2422.313524,412,3042.622268
1606.054849,349,3042.810124
2044.983197,362,3043.004369
1733.237522,349,3043.191624
2661.715329,440,3043.427257
2658.810056,421,3043.652448
3561.204299,496,3043.917829
1645.143907,345,3044.102783
3377.092474,483,3044.361041
2252.123916,382,3044.56564
3559.029988,500,3044.833036
1849.621014,345,3045.017598
3401.180198,500,3045.285351
2243.869857,381,3045.489686
3502.975166,497,3045.755861
2033.844886,384,3045.961632
2402.948791,410,3046.181265
3327.595817,500,3046.448791
2637.236773,425,3046.676497
1709.820958,347,3046.857094
3454.431046,500,3047.106263
2662.178367,422,3047.316312
2486.736893,408,3047.519296
2509.270116,407,3047.721689
3390.784668,500,3047.97029
3401.22254,500,3048.218947
1450.266373,338,3048.38767
1589.174098,349,3048.561897
2288.484239,399,3048.760514
3352.302897,500,3049.013616
1646.936366,343,3049.188377
3015.481842,447,3049.415551
3097.935882,461,3049.650067
1606.748087,349,3049.828288
1611.498087,348,3050.00598
2890.406795,443,3050.230963
2028.832653,360,3050.418761
1489.905425,338,3050.600722
2350.092848,393,3050.811501
1624.145798,349,3050.990182
2384.916711,406,3051.206622
1822.528448,343,3051.390336
1763.418613,354,3051.580313
2860.875874,440,3051.816397
3372.325989,500,3052.076491
2475.589571,423,3052.286875
2948.62539,451,3052.511318
2264.336242,366,3053.580708
1097.094356,283,3053.816682
898.2931,245,3054.02152
1249.752054,289,3054.270833
1193.562813,280,3054.509739
1061.15024,274,3054.735856
1269.630486,289,3054.976743
736.469473,207,3055.125791
607.573809,194,3055.235486
1090.219268,242,3055.372957
777.243954,210,3055.49162
922.714943,226,3055.619556
869.086139,220,3055.743564
609.635121,191,3055.846498
798.818069,214,3055.955801
645.04183,194,3056.05461
809.92853,216,3056.165621
614.522895,197,3056.266877
914.10199,224,3056.381977
845.554085,217,3056.493465
870.216273,220,3056.606318
839.20238,217,3056.717738
678.962818,200,3056.820872
800.091672,215,3056.931504
891.16035,222,3057.045605
608.615503,195,3057.14562
835.775539,217,3057.257182
1022.071489,235,3057.378202
644.605141,196,3057.478973
943.579624,229,3057.596867
658.682606,197,3057.707048
607.671146,192,3057.816377
779.133922,214,3057.938606
695.392273,215,3058.062147
723.647145,201,3058.177067
756.627057,206,3058.294557
931.978951,227,3058.424398
826.081794,215,3058.547213
659.524486,198,3058.660384
951.821171,228,3058.791326
857.777592,218,3058.915833
754.327272,206,3059.033558
702.353633,204,3059.150004
608.067678,192,3059.259558
761.56885,211,3059.380202
646.041029,195,3059.491091
923.492919,225,3059.61371
601.622103,193,3059.713004
644.536485,196,3059.812494
645.658736,186,3059.907055
672.887557,198,3060.007381
972.875225,230,3060.124252
660.436556,190,3060.220308
711.533827,203,3060.340585
735.490162,207,3060.44864
645.380734,195,3060.545454
614.661659,194,3060.641568
661.023487,192,3061.527884
807.176513,213,3061.712792
1440.577566,343,3062.005941
1245.145676,267,3062.228003
1135.606184,290,3062.469167
955.470846,246,3062.674064
1261.770628,306,3062.929908
1120.274977,269,3063.230683
1121.157285,269,3063.366301
1114.074657,268,3063.502331
1126.222886,268,3063.636241
1097.723928,280,3063.778026
1105.497537,268,3063.91325
1120.272041,268,3064.048898
1118.724482,268,3064.182967
1155.408714,271,3064.322559
1082.954611,274,3064.461373
1136.99045,270,3064.597304
1123.044959,270,3064.732625
1120.050454,270,3064.869055
1136.93928,271,3065.008167
1071.327092,271,3065.147537
1116.041656,282,3065.291233
1132.358517,271,3065.426903
1087.330827,272,3065.562913
1097.124269,268,3065.702515
1090.967014,273,3065.841138
1109.269074,285,3065.98577
1128.490148,269,3066.124263
1089.196705,269,3066.261825
1069.964512,272,3066.399812
1152.270843,270,3066.535637
1209.763076,274,3066.673267
1179.360726,272,3066.811769
1082.684778,269,3066.950483
1117.756616,268,3067.085942
1089.30532,269,3067.223884
1129.209152,270,3067.364708
1070.525371,270,3067.50284
1090.113982,269,3067.638516
1116.592477,284,3067.78485
1103.662048,279,3067.926484
1069.847577,272,3068.064386
1115.709281,268,3068.200351
1079.602234,271,3068.337896
1086.420449,279,3068.478527
1086.25878,271,3068.614017
1125.430577,272,3068.750035
1092.194936,275,3068.908999
1120.496859,267,3069.044543
1089.711102,271,3069.183759
1093.833887,268,3069.330134
1133.686301,270,3069.482603
1112.136661,270,3069.661616
1105.330914,268,3069.833717
1187.262537,272,3070.026389
1128.992961,270,3070.186077
1165.265236,273,3071.19192
921.455597,224,3071.380046
1118.1325,280,3071.613422
1605.378789,319,3071.877029
1225.109332,265,3072.077623
1042.32755,285,3072.291423
1460.39608,281,3072.498815
1164.207485,282,3072.753189
1163.669316,282,3072.898432
1164.28665,274,3073.035498
1168.452056,282,3073.1822
1146.407606,269,3073.321185
1156.997565,278,3073.460388
1172.137054,275,3073.597723
1177.669113,275,3073.738505
1165.401178,275,3073.877071
1175.244362,277,3074.019081
1164.616346,279,3074.160085
1156.805196,272,3074.297929
1155.707115,279,3074.438099
1173.607155,282,3074.579343
1153.85402,282,3074.721237
1138.240135,277,3074.859627
1158.525835,279,3074.999077
1146.719202,280,3075.138633
1163.527055,274,3075.277564
1156.780124,280,3075.418278
1172.248791,279,3075.557259
1164.947551,279,3075.696552
1153.804753,282,3075.83977
1178.687819,277,3075.980861
1166.996738,277,3076.138137
1165.70927,277,3076.330962
1152.767035,278,3076.513304
1164.44671,279,3076.696341
1156.511205,280,3076.886465
1178.535113,276,3077.08205
1154.794843,279,3077.262438
1156.086601,272,3077.432201
1145.153536,268,3077.589515
1193.77072,278,3077.747819
1159.119881,270,3077.89793
1166.130911,280,3078.042958
1164.051563,275,3078.180673
1138.096134,266,3078.313992
1167.839749,283,3078.455734
1165.092439,274,3078.592964
1186.085069,279,3078.733762
1172.930147,280,3078.877167
1167.204121,276,3079.018561
1154.645603,270,3079.156929
1176.790465,276,3079.298203
1164.464316,275,3079.439162
1174.30744,276,3079.580546
1163.422733,269,3079.718578
1159.118797,272,3079.857869
1183.255615,276,3079.999192
1086.976556,257,3080.914209
1155.172833,269,3081.113487
1054.55685,244,3081.293466
1086.991121,279,3081.499464
642.414555,187,3081.637477
980.386354,230,3081.809971
958.92528,233,3081.982879
1181.424648,266,3082.179826
1345.654456,318,3082.413054
1300.740133,356,3082.609442
1599.803075,341,3082.801766
1310.040752,303,3082.97208
1558.706073,332,3083.159533
1360.996307,328,3083.345454
2965.913126,490,3083.622893
1430.067713,303,3083.794397
1182.200268,271,3083.947162
1196.929967,283,3084.115839
1486.181741,305,3084.287274
1442.105527,306,3084.459059
1465.901425,325,3084.641228
1524.834304,322,3084.822226
1418.145299,318,3085.004008
3089.189926,500,3085.324638
1406.631376,314,3085.533544
1104.235271,262,3085.708184
1857.966957,371,3085.922172
1551.965628,339,3086.102622
1482.992589,325,3086.276005
1309.223569,312,3086.435777
1548.268651,335,3086.602993
1500.517719,319,3086.765348
1457.525405,324,3086.928319
1496.540783,307,3087.081632
1457.471567,323,3087.242956
1489.692641,311,3087.436434
1112.202567,269,3087.599716
1771.606793,362,3087.799967
1274.554329,289,3087.944834
1451.301899,322,3088.104981
3121.209102,500,3088.355698
1233.765731,286,3088.497926
1496.135695,315,3088.654994
1602.714687,341,3088.826671
1525.953303,327,3088.990049
1352.863103,318,3089.151082
1157.678311,272,3089.291103
1589.705699,340,3089.461932
1813.426663,333,3089.630234
1349.738275,356,3089.808283
1309.865547,355,3089.985434
1617.794574,326,3090.148176
1592.730807,341,3090.318782
1620.075392,412,3090.528583
1262.235922,287,3090.671797
1581.497909,339,3090.842259
1825.369381,377,3091.030514
1427.448355,318,3091.190074
1271.13216,342,3092.158331
1058.459355,269,3092.357678
1149.97014,294,3092.575884
1116.901739,306,3092.801771
1249.267778,284,3093.012471
1410.818265,282,3093.22049
1083.035509,256,3093.565413
1091.979031,256,3093.693959
1157.062893,271,3093.829444
1081.687356,255,3093.968239
1200.411244,276,3094.116837
1080.868796,257,3094.248474
1306.606159,291,3094.411792
1287.379139,285,3094.570021
1277.553945,280,3094.715516
1277.033954,284,3094.873541
1080.320807,256,3095.025288
1295.712925,285,3095.173627
1278.276164,279,3095.323311
1291.820851,285,3095.4726
1275.147531,288,3095.625184
1286.089265,287,3095.768811
1286.818979,285,3095.916799
1307.426304,290,3096.063398
1297.6077,290,3096.208527
1272.706564,286,3096.352444
1200.773692,276,3096.493543
1284.432127,287,3096.643947
1155.051457,272,3096.801568
1101.822885,259,3096.939059
1305.041608,291,3097.094004
1098.838377,257,3097.234467
1298.259138,284,3097.381561
1297.724904,287,3097.525146
1129.597745,264,3097.658291
1288.694712,290,3097.803446
1285.768053,288,3097.950988
1302.069426,290,3098.09928
1099.956446,261,3098.24183
1287.17264,290,3098.393336
1303.14805,291,3098.542028
1299.59222,288,3098.689246
1292.577837,290,3098.836785
1284.884758,289,3098.988133
1073.294746,255,3099.125801
1291.838093,287,3099.274152
1284.428035,289,3099.419865
1302.099137,285,3099.563321
1117.69753,264,3099.703381
1311.856185,288,3099.872793
1274.861686,279,3100.03365
1288.055667,290,3100.200605
1292.325241,281,3100.351518
1282.440916,287,3100.508605
1287.135853,289,3100.675646
1276.776261,289,3100.832031
1124.044101,255,3101.730837
1096.27159,251,3101.915772
1125.263674,244,3102.103822
1174.391299,273,3102.353991
1452.414756,315,3102.619971
1566.66818,324,3102.85906
1005.848355,244,3103.038892
950.269086,288,3103.312711
993.593714,281,3103.470833
1035.882433,284,3103.612631
1085.258687,291,3103.757851
1010.834251,282,3103.898952
967.436982,288,3104.04339
1029.941163,284,3104.185665
943.276825,290,3104.331042
1010.510628,282,3104.472305
1029.021205,283,3104.613758
937.984533,290,3104.758842
1022.312893,283,3104.90195
1011.304988,283,3105.054474
975.077408,285,3105.215984
973.959632,286,3105.369524
1000.638788,281,3105.50993
1021.637655,283,3105.653526
1074.306255,290,3105.801026
945.480544,289,3105.948802
1003.093415,282,3106.094264
1082.629997,290,3106.239524
951.957226,288,3106.386135
945.723148,292,3106.532786
985.462904,283,3106.674546
1039.687079,285,3106.81843
1027.109519,283,3106.961795
998.103325,283,3107.103478
993.317177,282,3107.244799
996.272487,284,3107.386993
945.815042,292,3107.534581
1012.337988,282,3107.675846
1024.356027,280,3107.817078
951.569698,290,3107.963307
1085.19991,291,3108.108908
950.753971,289,3108.255047
1069.892074,290,3108.400721
973.007498,287,3108.54474
1011.421836,282,3108.689848
1003.824274,283,3108.832617
1004.948882,283,3108.975103
996.490452,282,3109.13699
965.51107,287,3109.284158
998.721514,284,3109.445144
1001.434848,281,3109.604992
1009.852687,282,3109.750736
980.327392,283,3109.895246
1018.715562,281,3110.047676
1013.555968,282,3110.215513
954.258703,292,3110.366078
1027.923976,284,3110.508446
496.482438,169,3111.395315
995.846713,263,3111.596794
1047.661432,247,3111.785206
1211.667397,248,3112.012283
1168.916526,271,3112.217904
1287.360136,304,3112.458206
1133.726117,271,3112.662402
1284.846969,253,3112.847903
1007.456502,234,3113.019601
1034.263599,255,3113.155962
1013.106221,252,3113.299767
1174.588563,258,3113.446438
1175.393993,284,3113.623615
1193.371005,286,3113.827417
1176.272283,285,3114.003346
1191.376958,264,3114.151064
1213.444609,290,3114.313921
1107.18339,246,3114.458291
876.837489,232,3114.589891
1132.321792,273,3114.744903
1114.462683,244,3114.873877
1040.210564,237,3114.991635
1176.410221,282,3115.132627
986.427875,243,3115.256934
696.239103,196,3115.353738
966.396762,229,3115.467194
1199.128003,284,3115.617122
1017.935162,234,3115.743961
1183.818305,261,3115.876169
820.393332,214,3115.995454
1084.024054,253,3116.128801
965.489067,246,3116.250972
767.194181,208,3116.354062
941.045122,226,3116.482897
1196.535582,270,3116.628944
1153.397014,250,3116.777788
1105.579593,244,3116.918696
1160.975284,252,3117.058189
928.768483,237,3117.187734
1117.82277,246,3117.310054
1174.271645,256,3117.43921
1205.971483,284,3117.589602
1128.256747,248,3117.724778
975.937994,229,3117.838257
906.967579,222,3117.969673
957.049122,245,3118.098313
1075.513593,254,3118.239467
1050.009371,238,3118.37859
1168.582696,261,3118.509775
970.264284,229,3118.623679
1173.772796,285,3118.783857
1264.982476,293,3118.961038
1190.774272,284,3119.109199
1024.948357,251,3119.237873
1018.689002,257,3119.366951
905.098437,222,3119.477253
1149.037118,250,3119.604232
753.451908,206,3119.707905
1106.444495,249,3120.572872
1528.462626,331,3120.816593
1199.034034,294,3121.032716
1137.598975,285,3121.24311
1217.975785,259,3121.435322
668.47332,175,3121.56403
1053.513283,254,3121.769545
1037.224326,260,3122.06975
1244.818551,295,3122.242281
1241.391445,295,3122.406695
1029.853887,258,3122.539467
1227.412936,293,3122.686223
1068.393649,263,3122.84515
1085.186379,271,3122.991485
1048.395701,258,3123.122232
1164.632913,267,3123.257801
1210.979854,270,3123.392974
1053.705699,260,3123.523137
1231.8877,293,3123.671606
1054.455686,259,3123.803918
1050.076244,261,3123.93761
1129.988056,264,3124.075255
1233.668895,292,3124.237117
1069.032964,263,3124.376411
1109.455243,262,3124.516777
1115.844523,263,3124.648704
1047.835612,264,3124.78255
1048.202741,264,3124.915143
1047.793865,258,3125.048073
1117.981125,276,3125.196778
1266.183031,297,3125.358652
1057.974947,259,3125.49304
1100.522689,262,3125.626762
1239.595147,295,3125.779029
1056.684571,264,3125.924192
1055.890759,260,3126.063269
1038.302141,260,3126.199747
1062.860967,268,3126.335994
1242.587993,295,3126.483674
1109.686418,275,3126.622367
1038.054882,262,3126.756282
1052.218527,262,3126.891977
1121.839312,277,3127.03698
1041.453806,258,3127.168612
1033.497677,258,3127.299373
1049.283021,261,3127.431195
1059.056067,258,3127.56071
1115.209344,263,3127.699944
1049.285009,260,3127.840875
1041.749519,259,3127.981249
1057.267498,258,3128.113098
1025.198123,254,3128.245656
1054.634265,263,3128.382233
1096.357873,261,3128.513422
1041.435705,261,3128.644051
1058.446402,259,3128.774082
1341.685328,304,3128.945963
1309.403577,283,3129.871205
1013.586994,239,3130.06186
671.028919,196,3130.23628
1753.287186,344,3130.513726
1083.4847,253,3130.700158
1015.364706,226,3130.870252
831.649987,205,3131.02098
1070.700139,249,3131.207584
1147.670033,266,3131.39296
992.402655,233,3131.510011
725.918503,201,3131.609431
1081.113668,254,3131.739077
981.638517,232,3131.862517
945.818257,228,3131.982612
819.366274,218,3132.094851
1037.919947,237,3132.213107
911.733311,225,3132.325311
831.818796,224,3132.437271
938.357979,226,3132.549453
1139.913073,265,3132.684356
1034.418281,246,3132.807057
1138.173813,266,3132.942844
878.325178,223,3133.060026
969.138477,231,3133.181222
714.416876,200,3133.285585
924.141465,227,3133.407224
1183.651055,273,3133.553843
810.926201,220,3133.671029
1018.555106,238,3133.797407
1227.290252,283,3133.94594
1146.744145,268,3134.08744
858.011808,221,3134.204686
863.99587,225,3134.323233
831.426839,222,3134.442054
1254.209439,289,3134.594215
861.63974,218,3134.708707
943.777812,232,3134.832
805.795435,219,3134.947702
1005.514997,243,3135.075438
1149.112073,265,3135.217731
699.765565,196,3135.321159
868.950276,218,3135.434686
750.099987,206,3135.554352
814.799844,214,3135.666844
712.007015,199,3135.76585
882.693146,220,3135.889255
697.015378,195,3135.995441
841.942866,224,3136.109269
875.485506,220,3136.23811
856.198288,225,3136.36931
915.839374,225,3136.493996
810.996285,219,3136.629511
964.606583,234,3136.775476
771.75966,217,3136.901537
1249.26587,287,3137.053176
1230.466677,288,3137.20463
960.333131,231,3137.325858
937.028606,234,3137.469962
752.948562,204,3138.448889
1124.550585,268,3138.684871
1243.570513,268,3138.908733
901.145104,213,3139.087245
1384.890647,315,3139.3536
1306.183285,278,3139.587627
1270.891578,299,3139.834826
1392.96675,282,3140.145652
1398.291864,283,3140.288322
1969.804409,358,3140.4687
1431.851267,286,3140.612825
1361.38789,274,3140.750427
1339.456552,279,3140.912523
1308.416044,266,3141.082493
1894.824625,348,3141.30478
2049.518076,366,3141.560885
1360.071028,291,3141.762094
1408.41756,283,3141.95247
1334.052496,270,3142.128359
1387.89968,278,3142.316449
2228.492066,388,3142.539208
1378.84967,283,3142.696538
1340.689321,281,3142.841749
1409.771841,282,3142.982698
1341.836862,278,3143.127505
1352.184125,281,3143.270262
1439.401621,304,3143.425009
1379.590122,294,3143.574864
1385.024363,279,3143.731318
1970.844466,357,3143.91653
1340.911484,280,3144.057195
1477.08646,311,3144.213827
1349.515909,281,3144.355711
1347.316062,279,3144.49684
1348.832905,281,3144.653417
2128.981576,376,3144.854653
2005.565224,361,3145.036741
1414.015416,303,3145.190352
1620.554481,321,3145.355265
1557.953425,317,3145.516745
1370.456192,282,3145.660622
1375.091131,282,3145.804491
1301.607358,265,3145.938276
1417.73863,284,3146.081059
1577.038857,319,3146.24299
2166.044608,381,3146.437849
1541.075114,314,3146.597466
1441.872551,288,3146.742631
1243.936912,256,3146.877614
1548.595224,316,3147.037762
1436.565801,304,3147.196299
1342.254896,287,3147.359699
1352.770668,279,3147.50059
1379.08746,277,3147.639735
2056.049692,366,3147.824188
1375.640844,276,3147.963255
1358.33456,290,3148.109218
707.720424,198,3148.964745
963.011951,232,3149.197163
1079.153381,250,3149.407079
1153.912375,249,3149.617042
1074.359998,243,3149.846818
1131.266941,260,3150.097696
1147.426151,272,3150.341833
965.104527,243,3150.552574
1416.974658,327,3150.84183
663.000568,206,3150.960852
1160.696923,297,3151.143906
690.712936,208,3151.255821
737.46454,213,3151.376805
1068.001711,288,3151.532983
664.627365,207,3151.637386
683.814466,206,3151.766744
675.166205,206,3151.874713
704.886298,209,3151.983039
1276.974406,311,3152.173584
651.008485,204,3152.280205
687.29545,206,3152.387862
654.325523,204,3152.491806
754.486149,214,3152.600349
984.974681,259,3152.752102
734.520498,215,3152.864034
1161.970377,291,3153.022563
1199.056736,296,3153.183352
1110.091516,281,3153.334701
1112.421097,284,3153.493844
1208.336174,303,3153.657019
1102.029002,286,3153.82927
1153.107222,293,3153.991582
1208.965177,297,3154.151354
1111.507128,282,3154.301209
679.230433,207,3154.404659
722.379568,211,3154.511815
1124.199169,291,3154.65714
1090.659539,290,3154.802064
672.336645,208,3154.906669
658.744056,205,3155.009208
659.497329,204,3155.112976
752.703004,216,3155.221112
1103.694728,292,3155.368383
1182.086502,299,3155.540174
692.774537,208,3155.646701
1161.470122,296,3155.808689
1223.759411,305,3155.967562
727.686677,211,3156.076546
688.207435,205,3156.182989
1111.16592,284,3156.329379
1087.471503,274,3156.471615
664.461521,207,3156.582173
1272.340071,309,3156.749122
1104.46779,287,3156.901048
650.308379,202,3157.005638
1120.357627,309,3157.165259
1109.573171,283,3157.31399
672.508749,206,3157.417322
750.994371,220,3158.28656
793.342689,191,3158.431714
1073.542694,252,3158.620108
1043.19975,253,3158.807906
1088.279414,242,3158.987827
1339.768747,272,3159.199852
1026.618882,254,3159.400801
1225.654186,287,3159.623786
1180.776265,253,3159.823067
1061.390985,239,3159.94408
1140.368388,248,3160.069222
1027.423121,235,3160.189601
1107.251767,236,3160.313975
930.775503,223,3160.432674
994.876986,231,3160.549845
1074.503203,232,3160.669231
1114.137514,244,3160.793531
1096.494953,243,3160.916608
949.852139,225,3161.031826
1094.528072,243,3161.154864
908.838219,221,3161.268045
889.710599,219,3161.379325
914.726042,221,3161.494503
1114.425142,245,3161.619444
1061.877103,237,3161.741258
1060.275671,244,3161.86571
1071.820581,240,3161.98727
1056.275838,237,3162.107643
1098.046604,243,3162.23078
1164.253755,251,3162.359026
1071.107687,232,3162.476745
1105.177052,245,3162.601789
939.868451,224,3162.715337
1001.427524,232,3162.832817
1068.425168,240,3162.957354
1128.047881,246,3163.081924
911.046128,221,3163.19392
1149.224958,249,3163.320067
1126.177211,239,3163.44188
1149.582077,249,3163.56793
1022.224094,235,3163.686835
950.459773,225,3163.804568
1120.314592,245,3163.928604
919.289751,222,3164.040895
1147.7631,243,3164.163774
924.605419,222,3164.276828
1144.51603,242,3164.402387
1156.104863,250,3164.529772
950.06945,225,3164.643817
1183.856291,253,3164.771982
1116.836592,246,3164.896585
1113.884802,245,3165.023361
1160.558976,250,3165.150096
1082.813142,242,3165.273305
1002.633957,239,3165.397104
1180.31773,253,3165.528548
1062.136168,244,3165.654236
1101.503432,247,3165.779427
732.686922,193,3166.614712
999.895444,234,3166.794125
1106.879639,282,3167.016032
1333.068917,271,3167.225564
1073.723513,266,3167.433493
1748.366424,346,3167.703713
1004.765289,248,3167.89712
1085.506732,280,3168.215372
1084.427988,279,3168.357186
1089.702176,278,3168.500014
1071.498813,287,3168.646867
1088.068799,281,3168.789786
1062.798044,287,3168.934447
1093.004254,278,3169.079583
1091.144785,277,3169.225111
1084.45155,277,3169.365287
1082.196542,277,3169.507548
1086.024911,283,3169.658448
1081.597427,277,3169.797869
1083.027787,279,3169.940817
1085.244991,274,3170.087682
1065.619986,286,3170.238764
1092.048993,280,3170.380198
1095.532167,273,3170.517404
1073.204684,284,3170.6603
1079.589776,288,3170.808986
1067.453435,288,3170.957558
1080.074153,287,3171.102762
1085.137955,280,3171.244589
1082.284644,277,3171.383484
1063.667102,287,3171.527647
1083.726364,275,3171.672351
1091.296784,281,3171.831922
1090.458326,277,3171.988512
1078.268775,283,3172.147842
1091.31175,278,3172.30504
1084.761663,279,3172.46279
1089.572928,274,3172.622676
1079.293715,284,3172.785914
1083.29886,278,3172.947088
1091.891123,275,3173.105188
1065.17708,285,3173.2687
1082.634482,277,3173.426166
1084.314411,279,3173.584594
1093.00924,275,3173.740778
1085.418333,278,3173.892339
1078.727318,284,3174.037204
1092.006048,279,3174.178218
1091.804645,278,3174.320551
1089.686699,272,3174.460956
1084.375152,278,3174.604575
1071.381185,286,3174.752333
1079.467913,285,3174.899586
1078.88882,287,3175.048008
1085.394455,274,3175.189543
1071.578486,284,3175.336594
1083.41456,279,3175.480765
1052.768689,267,3176.453974
975.890786,227,3176.65398
1076.886716,273,3176.887266
850.784151,210,3177.063784
768.476365,194,3177.229395
1124.949696,260,3177.451774
1205.63278,260,3177.666384
643.612147,191,3177.813226
492.770351,166,3177.937719
1235.959503,286,3178.092074
1085.600572,242,3178.212698
1122.843476,280,3178.351359
1114.295716,247,3178.474172
1140.147385,256,3178.601202
1337.79261,305,3178.752626
1290.95637,299,3178.901505
1445.633302,310,3179.055438
1028.214175,234,3179.171617
1112.952696,279,3179.30996
1163.852047,264,3179.442527
1231.32065,285,3179.586848
1154.479928,261,3179.719522
1241.330116,287,3179.86496
1150.207641,268,3180.000946
1123.700968,247,3180.126578
1167.570455,272,3180.264351
1013.069015,232,3180.382027
1094.907347,244,3180.505961
1152.773165,259,3180.637285
1765.163916,343,3180.811075
1096.951979,244,3180.934871
1199.366258,278,3181.075474
1163.169841,276,3181.214967
1156.030745,276,3181.354548
1082.096675,276,3181.494523
1214.228266,282,3181.6375
1126.157863,250,3181.766754
1150.407954,260,3181.917581
1071.944953,275,3182.094663
1142.823944,255,3182.242965
1161.318054,263,3182.394633
1281.882538,294,3182.5645
1405.247753,309,3182.740579
1297.56227,294,3182.908332
1166.567642,275,3183.064712
1225.912135,284,3183.226393
1161.574337,262,3183.379527
1193.363912,286,3183.537059
1043.687348,237,3183.659755
1220.046936,294,3183.806009
1265.886558,291,3183.955102
1184.669214,278,3184.097607
1428.382452,306,3184.253509
1161.63147,269,3184.387198
1145.570421,253,3184.514915
1229.846786,289,3184.65819
1170.833621,268,3184.791174
1471.186947,311,3184.949319
1168.729397,269,3185.082768
1157.317817,265,3186.098691
1308.723648,280,3186.334096
988.369582,243,3186.535867
1174.589733,247,3186.741877
840.954037,206,3186.911289
2329.853949,402,3187.214848
1030.690209,215,3187.37308
1034.572664,248,3187.648083
1032.328678,248,3187.77248
1045.695994,249,3187.898853
1054.151941,268,3188.03493
1094.318735,256,3188.166006
1539.54773,298,3188.314161
1051.922855,250,3188.438361
1093.667426,270,3188.572194
1172.566499,276,3188.709026
1181.115032,277,3188.846689
1054.532085,267,3188.979154
1137.044349,274,3189.118207
1298.459433,285,3189.260881
1033.790157,248,3189.385752
1182.498313,277,3189.523803
1131.22752,259,3189.655631
1113.031161,256,3189.783345
1305.55297,286,3189.925331
1107.181938,255,3190.053218
1303.380766,286,3190.195405
1268.550293,283,3190.336078
1113.527389,255,3190.46261
1264.454734,283,3190.602932
1075.481007,270,3190.736854
1093.72176,266,3190.869036
1257.41865,288,3191.011819
1074.73211,252,3191.137092
1065.150551,251,3191.261974
1318.473972,278,3191.400084
1073.034325,252,3191.525496
1354.40468,289,3191.669042
1193.183092,278,3191.807842
1093.147104,270,3191.943727
1136.389777,274,3192.097945
1269.477384,284,3192.241312
1595.935936,303,3192.395353
1058.00112,282,3192.538977
1256.654571,278,3192.680261
1050.022974,250,3192.807386
1188.651584,278,3192.94876
1479.378075,294,3193.098101
1036.07317,248,3193.224356
1296.951269,279,3193.365524
1044.471862,249,3193.492686
1321.630649,284,3193.634943
1126.366496,273,3193.770955
1064.486798,268,3193.906012
1321.168126,287,3194.049798
999.925106,276,3194.190332
1551.221035,299,3194.339514
1671.299902,330,3195.26421
1267.567277,272,3195.46474
1232.933538,258,3195.654982
1250.457587,294,3195.871072
971.980095,233,3196.043931
628.412831,193,3196.185579
1076.378739,245,3196.366864
1266.333388,286,3196.695492
1275.251099,286,3196.838592
1277.943701,287,3196.981164
1228.886737,292,3197.128078
1259.786607,286,3197.274626
1250.573026,284,3197.416545
1244.033189,289,3197.561946
1228.046688,289,3197.706182
1241.599288,283,3197.846475
1241.251344,295,3197.993283
1262.102821,287,3198.136397
1258.76699,284,3198.277869
1259.596775,284,3198.4196
1248.945019,287,3198.56642
1252.814983,284,3198.709131
1260.03903,286,3198.852294
1240.356081,294,3198.999002
1277.50795,289,3199.142978
1250.987097,287,3199.286031
1257.932842,287,3199.429376
1234.473095,295,3199.577031
1242.385037,286,3199.720883
1252.964642,284,3199.863159
1254.204376,285,3200.006949
1254.524703,286,3200.14987
1248.715466,296,3200.299267
1240.983874,294,3200.448094
1262.297929,285,3200.591219
1271.144514,287,3200.734329
1239.502131,297,3200.883009
1248.772718,298,3201.035105
1239.812233,288,3201.182357
1290.746182,288,3201.326952
1319.96699,290,3201.472556
1243.42048,288,3201.617361
1300.98247,288,3201.760934
1260.374,287,3201.904481
1250.211792,286,3202.048244
1288.864548,287,3202.191147
1236.492145,291,3202.337921
1249.109248,296,3202.486055
1273.894075,287,3202.628696
1244.861052,295,3202.788237
1239.775039,297,3202.943505
1252.609302,284,3203.095749
1241.206651,298,3203.259044
1253.2108,284,3203.401165
1236.837314,285,3203.559591
1249.202467,287,3203.706744
1258.068485,286,3203.860899
1188.372513,258,3204.770992
1103.701299,263,3204.994951
660.610679,178,3205.144316
1048.86111,267,3205.381215
974.063926,228,3205.590377
1081.011231,247,3205.839497
1086.356261,252,3206.093205
1250.671631,261,3206.309524
1169.11293,260,3206.554949
920.884603,231,3206.70867
1123.847242,250,3206.85562
1093.324244,251,3206.985483
1120.877671,257,3207.119226
1065.987531,247,3207.248318
1223.758023,270,3207.393612
1088.937477,252,3207.528816
1044.413847,244,3207.66327
1168.792333,262,3207.807982
1215.20494,269,3207.9428
865.11842,225,3208.055604
876.463792,226,3208.169207
1149.151027,260,3208.300023
864.901865,225,3208.412907
1241.204502,274,3208.550466
1153.524864,258,3208.67994
1109.729097,253,3208.8072
857.181707,225,3208.920262
1139.6215,255,3209.04821
882.599124,227,3209.163134
1118.720548,250,3209.291495
1158.508316,259,3209.428169
1141.093412,256,3209.566143
1225.613601,271,3209.706732
888.564754,228,3209.821373
1008.664796,241,3209.942558
1039.798384,244,3210.065478
1146.922048,260,3210.196635
1149.977016,261,3210.328072
1184.133651,263,3210.460123
862.94054,225,3210.573039
900.235727,229,3210.688023
1065.320381,246,3210.81178
1102.922059,254,3210.93991
936.613345,233,3211.059758
1030.845866,243,3211.185717
893.129133,228,3211.304626
1086.833425,253,3211.432138
1264.505757,279,3211.572568
1115.585547,249,3211.6982
1145.789716,258,3211.828568
1172.828719,261,3211.959696
1167.122691,261,3212.090972
1242.526288,274,3212.230041
1244.529429,274,3212.367583
1125.28268,251,3212.494432
1094.917813,253,3212.622023
1119.636395,258,3212.751743
1120.774326,250,3212.877265
1026.689477,239,3213.856576
1422.959087,328,3214.132165
1010.499707,270,3214.355053
1171.825118,273,3214.563715
1171.862204,277,3214.769872
771.513927,191,3214.911254
922.153217,230,3215.082281
943.98938,256,3215.401059
1004.642913,256,3215.530119
948.495348,257,3215.659676
988.599063,245,3215.782904
943.058825,250,3215.908973
968.075851,260,3216.040688
980.504555,249,3216.16876
974.35993,251,3216.298585
972.012581,260,3216.429413
974.266911,259,3216.56009
965.708004,258,3216.691671
955.878308,258,3216.823357
981.372876,254,3216.951691
970.62725,250,3217.085789
968.332124,258,3217.232687
974.832752,250,3217.359052
954.705305,251,3217.485669
992.647665,262,3217.617756
952.81697,258,3217.748346
988.645662,250,3217.893862
974.591466,259,3218.054404
977.070376,252,3218.243409
986.592799,249,3218.424335
966.076813,258,3218.600585
953.214482,252,3218.765501
952.742434,258,3218.933637
961.833032,256,3219.105839
974.604805,251,3219.27459
920.282463,252,3219.444248
961.316284,257,3219.622226
966.633874,258,3219.796078
972.213636,258,3219.968655
967.414045,249,3220.135059
950.72466,257,3220.306813
984.863934,258,3220.464067
965.874006,260,3220.612468
963.906478,252,3220.754728
975.502505,259,3220.892348
972.696811,255,3221.02043
954.742042,251,3221.146176
969.534817,254,3221.273988
963.754348,258,3221.403755
962.432844,252,3221.530476
1011.664021,249,3221.655522
960.816786,252,3221.785976
980.476276,260,3221.91989
973.966036,260,3222.054103
1022.319781,251,3222.181105
961.639512,261,3222.317744
995.942139,261,3222.449871
968.926838,255,3223.434158
1169.008312,273,3223.661613
1095.021789,274,3223.893092
1318.913467,300,3224.151085
1038.976209,238,3224.352134
1069.298487,267,3224.580355
1093.995362,268,3224.805631
1053.478349,281,3225.094641
1038.96879,277,3225.235575
1333.748101,308,3225.393102
1052.146265,283,3225.537201
1392.051682,316,3225.697288
1043.148412,278,3225.839718
1036.409142,280,3225.981342
1047.300226,288,3226.127692
1049.576456,287,3226.272613
1049.045741,282,3226.418772
1039.974921,281,3226.563112
1044.464068,278,3226.703818
1050.731524,285,3226.849638
1392.637167,314,3227.008777
1052.142812,283,3227.150994
1047.982828,287,3227.297286
1029.908012,276,3227.436228
1048.479483,286,3227.580112
1050.339646,287,3227.725422
1037.494141,277,3227.865564
1057.879604,291,3228.012005
1056.121864,282,3228.15445
1050.947156,283,3228.297891
1042.97409,280,3228.439572
1425.721829,317,3228.599849
1038.51578,280,3228.741137
1054.96391,288,3228.886997
1052.171896,284,3229.0322
1035.821174,277,3229.172763
1455.318953,319,3229.334657
1056.81292,281,3229.476936
1050.390702,286,3229.622315
1050.890787,281,3229.76424
1046.420163,283,3229.908587
1049.507605,280,3230.050206
1044.337365,285,3230.194227
1039.036319,281,3230.337281
1416.251037,312,3230.495826
1051.127306,281,3230.640425
1041.09007,277,3230.783601
1045.786157,280,3230.925908
1043.183636,285,3231.069676
1042.605258,286,3231.213691
1051.463519,287,3231.358468
1271.881947,301,3231.511006
1052.025369,283,3231.654837
1049.655057,287,3231.800733
1054.634736,290,3231.94734
1053.523439,287,3232.095862
1044.904779,279,3232.25516
1028.271747,280,3233.329607
1340.015949,343,3233.624644
1054.515558,271,3233.871288
935.331082,222,3234.066101
1342.0766,282,3234.306701
1357.56293,305,3234.592919
1183.318104,264,3234.835032
505.833511,163,3235.015073
506.7125,163,3235.117639
1033.366835,242,3235.263923
881.702849,227,3235.40208
690.665938,200,3235.516375
508.013929,163,3235.602993
550.654942,174,3235.689917
847.143433,219,3235.799555
973.534336,233,3235.917777
690.871318,199,3236.02486
980.156576,239,3236.155669
691.05253,200,3236.265764
468.590696,154,3236.351947
626.764455,189,3236.461177
589.670734,182,3236.563785
973.13405,234,3236.694602
684.386959,198,3236.802803
490.786082,159,3236.883991
1012.47808,241,3237.007054
528.108037,168,3237.097614
634.636209,190,3237.20061
1044.207961,246,3237.326921
855.836471,220,3237.438026
1019.32854,250,3237.563758
447.934857,149,3237.638812
667.739009,196,3237.737736
898.123822,232,3237.854915
933.131356,233,3237.97192
568.125661,178,3238.060937
995.942456,236,3238.180387
684.360455,199,3238.282509
491.619892,159,3238.364483
956.091979,231,3238.482523
432.071464,145,3238.556991
424.703421,143,3238.631085
939.196312,231,3238.749587
984.733155,234,3238.870243
662.121397,194,3238.97036
545.861723,173,3239.059665
664.957124,195,3239.159442
998.734058,242,3239.28354
1022.322105,242,3239.40735
1006.161748,238,3239.528757
950.107417,230,3239.646019
803.310718,214,3239.754858
811.553673,221,3239.867707
423.385297,143,3239.941386
649.412649,192,3240.041175
679.556169,198,3240.140332
846.718158,219,3240.249605
367.370985,130,3241.038727
1142.845164,293,3241.255431
971.423642,221,3241.418614
945.247867,230,3241.600544
1338.481025,279,3241.848215
1479.548539,288,3242.150867
1073.079014,255,3242.437449
1277.139622,287,3242.725992
735.349644,185,3242.917602
1228.409343,249,3243.05726
1136.19725,236,3243.19019
844.605601,199,3243.302881
1183.835556,243,3243.440139
1067.369231,228,3243.583843
1204.753543,246,3243.726451
1144.195662,237,3243.860469
1044.918839,226,3243.991141
1000.86327,220,3244.119668
1126.125942,235,3244.255588
676.919053,178,3244.357695
1040.843353,225,3244.481633
741.093241,186,3244.578489
854.026793,201,3244.679287
974.954363,217,3244.787673
941.021072,212,3244.893471
858.527848,202,3244.994274
662.368539,174,3245.080924
676.003392,178,3245.169751
681.339236,177,3245.257987
971.410231,216,3245.365732
681.909307,177,3245.456971
1097.970629,232,3245.574944
684.562903,180,3245.66636
681.869933,177,3245.755355
1271.778227,256,3245.88366
1234.689425,250,3246.00918
1104.236262,232,3246.125542
1145.669583,237,3246.245292
886.041933,205,3246.349169
955.440495,214,3246.456658
686.10514,177,3246.545564
795.000132,192,3246.647007
806.190342,194,3246.747839
1023.208112,223,3246.863248
1014.766617,221,3246.97456
993.245101,219,3247.087217
999.976569,220,3247.200063
1080.653694,238,3247.325222
850.764598,201,3247.428765
978.582131,218,3247.543883
1208.582943,246,3247.667513
1163.998856,240,3247.787738
1098.795783,232,3247.90382
1002.939699,221,3248.01469
1268.967191,255,3248.143208
931.653511,211,3248.250378
1026.020218,223,3248.362354
681.455822,178,3248.452601
522.987628,159,3249.264956
945.3769,229,3249.435374
869.278369,220,3249.597672
951.933797,238,3249.773677
1273.47457,290,3249.987815
982.29923,241,3250.168487
1081.551414,276,3250.375489
1073.710413,274,3250.607979
1063.543048,248,3250.860336
1152.051884,267,3251.025002
1148.700785,263,3251.178751
1134.992634,261,3251.323555
1139.128636,263,3251.459119
1086.40753,250,3251.587102
1087.707129,251,3251.735857
1060.278159,248,3251.869116
1148.412775,263,3252.009465
1150.202973,264,3252.156251
1075.424461,250,3252.298048
1108.246445,253,3252.440301
1141.433292,260,3252.585329
1086.142875,250,3252.725849
1141.476119,263,3252.865065
1156.683211,267,3252.998799
1078.905306,250,3253.136895
1101.628371,252,3253.279639
1151.483714,265,3253.422595
1149.742293,265,3253.556365
1052.342735,247,3253.680408
1162.718278,268,3253.815185
1058.377675,248,3253.939703
1138.224523,263,3254.07123
1149.197389,267,3254.205813
1052.967145,247,3254.330362
1076.968038,250,3254.456412
1148.937158,262,3254.59035
1147.229068,264,3254.73149
1063.456856,248,3254.855808
1142.637042,264,3254.988587
1162.080268,268,3255.123596
1149.169558,266,3255.266027
1063.838746,248,3255.395584
1127.665813,260,3255.528534
1154.518345,262,3255.65976
1153.732834,261,3255.79175
1158.461815,261,3255.924134
1069.105751,249,3256.050724
1120.586475,255,3256.17843
1080.22251,250,3256.30483
1092.073459,251,3256.430955
1102.283714,252,3256.558508
1078.021106,250,3256.684543
1112.113149,254,3256.813266
1125.774073,258,3256.943304
1096.066188,251,3257.072985
1074.288561,249,3257.200686
1142.053806,263,3257.336198
1086.188109,250,3257.464768
946.609407,241,3258.343229
1215.895806,272,3258.548389
1022.003377,282,3258.760147
978.239016,247,3258.950216
840.593238,226,3259.129345
1195.812667,258,3259.33926
1067.914224,247,3259.540316
1234.842576,271,3259.907182
1211.325242,290,3260.056035
1253.029876,291,3260.204657
1180.307718,268,3260.34225
1119.096626,261,3260.476163
1193.075317,277,3260.617506
1301.113479,272,3260.758256
1179.088887,267,3260.895756
1128.676573,261,3261.028951
1270.686743,285,3261.171484
1237.985838,289,3261.317504
1219.635952,280,3261.457948
1172.252794,267,3261.592363
1131.866824,283,3261.73589
1227.526651,280,3261.876418
1212.925735,288,3262.021322
1227.757695,280,3262.161576
1226.697507,281,3262.302175
1230.232963,281,3262.442765
1268.676601,294,3262.589198
1230.933113,283,3262.730942
1260.840584,293,3262.879085
1245.894059,283,3263.020489
1283.086939,283,3263.161759
1285.978066,284,3263.30405
1214.250269,281,3263.444985
1163.751945,272,3263.581405
1122.187317,268,3263.715734
1201.751346,290,3263.86141
1156.906474,283,3264.003473
1309.965136,286,3264.146125
1127.377961,282,3264.297807
1215.749513,285,3264.461857
1142.19607,263,3264.630757
1233.244727,288,3264.812217
1309.24607,286,3264.998193
923.680903,257,3265.152607
1119.32518,280,3265.317955
1174.481354,285,3265.510882
1243.977625,281,3265.701399
1290.222535,287,3265.859193
1048.24293,260,3266.005904
944.605854,260,3266.17553
904.681053,255,3266.334199
1248.752523,281,3266.495092
941.728896,247,3266.63606
1285.77395,284,3266.798651
1214.901483,281,3266.966334
1169.185741,265,3267.121543
1219.652278,283,3267.285372
1287.908237,273,3268.218647
509.372007,162,3268.342664
1147.842855,246,3268.529948
999.175571,270,3268.741902
1062.541568,274,3268.947198
380.782252,129,3269.045752
636.145013,197,3269.196108
1316.647095,259,3269.41134
1172.474471,267,3269.790653
1194.538143,278,3269.950868
1137.731208,258,3270.097128
1144.957034,264,3270.245841
1153.21466,262,3270.393436
1162.173039,263,3270.541662
1162.201625,267,3270.694787
1166.299126,273,3270.84865
1139.363613,258,3270.993877
1174.340674,266,3271.142016
1163.393449,261,3271.279004
1162.695929,270,3271.413936
1162.869516,263,3271.548129
1162.764783,265,3271.680706
1152.286322,269,3271.821556
1163.712953,263,3271.952958
1160.000742,273,3272.091436
1159.441991,267,3272.225557
1150.420113,263,3272.364092
1184.392436,269,3272.505791
1151.085929,266,3272.645586
1146.108214,259,3272.781937
1152.130718,261,3272.919568
1167.532047,261,3273.057864
1149.240466,261,3273.195851
1159.724587,265,3273.33647
1161.55751,264,3273.468584
1138.243655,258,3273.597362
1153.711052,268,3273.732508
1159.181624,271,3273.86799
1160.310434,272,3274.004066
1164.939456,264,3274.137741
1151.623384,266,3274.277061
1158.205274,261,3274.407808
1158.27045,267,3274.542038
1158.203253,261,3274.674731
1162.250187,263,3274.816132
1164.553686,271,3274.969327
1148.523981,259,3275.115865
1155.693484,263,3275.265185
1162.583335,264,3275.417764
1160.841272,265,3275.585858
1145.530131,262,3275.742668
1157.606859,260,3275.908058
1162.585098,264,3276.07698
1168.236712,263,3276.231417
1139.723886,258,3276.37876
1162.516575,269,3276.544474
1171.318318,265,3276.712321
1154.454421,267,3276.852233
1117.268598,260,3277.871114
1217.699584,254,3278.10654
892.972029,236,3278.311544
1019.921514,273,3278.544377
832.255127,208,3278.719884
875.240056,228,3278.911611
1135.195469,272,3279.142993
856.153441,227,3279.334335
1131.575804,280,3279.558194
817.180158,230,3279.672864
971.227714,249,3279.797633
811.269271,230,3279.912566
1027.221983,254,3280.040328
843.007773,233,3280.156739
796.592857,228,3280.270256
1128.156619,266,3280.403161
1089.030467,262,3280.536076
1120.083036,274,3280.673986
1111.679909,271,3280.809945
885.163747,238,3280.931068
991.909115,251,3281.059521
1117.344159,274,3281.200516
1085.648919,261,3281.332787
995.420163,249,3281.457089
1126.634537,279,3281.59851
1116.456058,274,3281.743334
1114.238502,271,3281.886204
911.226124,241,3282.012965
1126.644802,277,3282.155743
1099.818913,272,3282.290932
1119.419802,275,3282.430969
1125.452679,276,3282.576378
1139.397882,272,3282.71512
1115.539464,275,3282.85533
818.313253,231,3282.972592
1139.238366,281,3283.115769
1129.044588,280,3283.25844
1048.51378,261,3283.396493
1109.992273,275,3283.536533
1118.419893,278,3283.678809
1125.923649,276,3283.83114
912.34695,241,3283.951231
805.798656,229,3284.066237
1107.431698,268,3284.200273
1112.772253,271,3284.338427
1129.950903,279,3284.477699
822.160389,231,3284.59235
830.963914,232,3284.707651
817.028275,230,3284.82175
1103.247225,268,3284.956777
1086.743106,266,3285.092343
1124.071185,278,3285.231519
1114.295011,270,3285.366231
1106.927858,271,3285.501377
1133.130578,279,3285.640407
1119.865102,275,3285.777505
818.412854,231,3285.892299
1081.342569,261,3286.022511
901.071627,237,3287.013538
1071.94598,267,3287.24004
983.873148,213,3287.417711
1024.801205,263,3287.643439
1000.901485,250,3287.861434
898.452339,220,3288.045078
1077.827472,235,3288.244782
942.690856,220,3288.42398
1075.151436,268,3288.687613
1051.049607,275,3288.826423
1046.229244,275,3288.967921
1148.375189,284,3289.113983
1107.181262,276,3289.253363
1056.345252,275,3289.391068
1108.191576,276,3289.529624
1083.311861,269,3289.664747
1096.983851,273,3289.802078
1059.430357,276,3289.944987
1109.996022,274,3290.083324
1104.588194,273,3290.221142
1093.769186,272,3290.359246
1055.966655,278,3290.498655
1098.388839,274,3290.638179
1091.706259,271,3290.775498
1097.489781,273,3290.917594
1120.666797,289,3291.062947
1076.538576,283,3291.204487
1121.182579,279,3291.344938
1135.428044,284,3291.487372
1137.596938,283,3291.630731
1090.224963,279,3291.774747
1105.866774,281,3291.922296
1093.416399,271,3292.062153
1038.794498,276,3292.200832
1112.67378,276,3292.344922
1090.439382,274,3292.483981
1123.358919,280,3292.628104
1100.630147,286,3292.775754
1087.853875,269,3292.923053
1138.093158,284,3293.097484
1100.866302,289,3293.264111
1115.471742,287,3293.427666
1037.244796,271,3293.580492
1074.621639,284,3293.740192
1134.30661,285,3293.900844
1077.374155,268,3294.068223
1070.873745,267,3294.239766
1121.197228,291,3294.41437
1123.705155,279,3294.60772
1101.252196,273,3294.773378
1088.295376,271,3294.922129
1142.257884,283,3295.071943
1110.112603,275,3295.21522
1097.600357,272,3295.358261
1038.664998,271,3295.502191
1099.653024,273,3295.644448
1143.129771,284,3295.794998
1095.798083,271,3295.932367
1135.03913,251,3296.922957
885.316128,217,3297.08891
765.597441,235,3297.313312
1168.788935,275,3297.566684
700.565172,187,3297.723824
1059.523185,236,3297.92895
1302.644172,254,3298.127693
1420.00361,298,3298.358282
1408.668726,310,3298.602343
1578.134063,324,3298.767502
1789.201601,364,3298.960963
1351.303659,306,3299.125799
1561.317806,316,3299.290764
1264.54211,296,3299.441787
1400.248666,299,3299.592421
1921.708157,357,3299.780618
1378.890289,309,3299.936763
1249.586515,295,3300.087181
1738.980795,363,3300.26924
1360.482694,304,3300.425224
1518.752619,318,3300.583127
1312.26811,286,3300.724399
1558.536077,326,3300.888827
1800.110628,343,3301.061893
1335.789279,302,3301.217081
1744.573527,339,3301.386502
1507.531507,321,3301.550818
1283.463075,298,3301.706427
1318.409112,302,3301.860351
1250.916144,294,3302.009288
1427.970922,311,3302.164308
1997.323643,374,3302.356525
1988.250791,372,3302.541023
1331.078258,303,3302.692842
1869.251042,351,3302.870188
1293.12375,297,3303.017361
1247.948593,294,3303.166249
1265.20889,296,3303.321011
1264.724907,296,3303.46881
1251.74505,277,3303.609592
1658.781617,357,3303.787341
1295.400591,300,3303.936116
1995.103534,374,3304.123076
1273.435483,296,3304.269975
2057.650568,378,3304.458935
1313.318314,302,3304.608875
1257.179821,295,3304.755728
1428.270256,311,3304.910447
1433.397138,312,3305.066849
1652.716412,331,3305.231477
1779.487947,342,3305.410038
1259.716631,295,3305.576679
1316.464917,300,3305.750902
1265.95099,295,3305.917525
1380.476639,307,3306.091215
1356.438043,305,3306.263677
1258.943983,295,3306.430525
1486.990011,320,3306.613
1542.412525,325,3307.705945
1241.950098,254,3307.9296
758.78679,197,3308.095608
1035.763306,259,3308.311228
866.784023,229,3308.512467
1183.649134,251,3308.724418
908.358514,226,3308.901328
1212.858104,277,3309.104871
1032.98349,240,3309.260131
1337.406596,275,3309.399882
1311.898945,272,3309.538134
1066.32644,244,3309.661933
1285.969239,267,3309.797718
956.76569,232,3309.915406
1343.36076,281,3310.058426
988.933094,235,3310.181431
1021.155688,246,3310.312786
1320.783888,273,3310.457576
1102.876222,248,3310.589419
1107.172575,249,3310.717054
1085.513235,246,3310.845528
1118.494374,251,3310.97854
1055.592074,249,3311.105148
977.046577,242,3311.226667
1102.754004,249,3311.355495
1076.699866,245,3311.477543
1052.161104,249,3311.61401
1100.427242,248,3311.756721
1067.463349,244,3311.885731
976.795966,233,3312.011583
1106.854579,249,3312.152875
1296.181004,269,3312.296448
1328.63525,274,3312.437949
971.053779,245,3312.568646
1128.163292,254,3312.701846
1037.978495,241,3312.824748
982.71658,246,3312.952711
1361.936387,280,3313.143207
1085.268185,247,3313.283803
969.036517,233,3313.404495
996.960376,246,3313.52712
1088.647398,251,3313.65225
1082.069517,251,3313.777134
1103.562497,252,3313.902323
971.521921,245,3314.024389
1226.810262,256,3314.151668
1110.966935,249,3314.275239
1102.365651,252,3314.40737
1020.720512,239,3314.52625
1250.308788,262,3314.656416
991.426239,235,3314.776799
1311.336839,272,3314.914635
1384.302877,282,3315.064568
1237.049061,259,3315.202734
992.168624,236,3315.320293
1229.279112,259,3315.449062
1258.807116,263,3315.588628
1067.358241,244,3315.711553
1367.960061,281,3316.699059
1287.272708,278,3316.931445
1035.010775,264,3317.153254
1025.915874,249,3317.362959
1118.32023,283,3317.600243
984.297142,255,3317.805089
965.986187,276,3318.010011
1561.944352,303,3318.298582
1467.807906,280,3318.438337
1513.831404,288,3318.582927
1542.084087,293,3318.730676
1444.789937,273,3318.868258
1525.581633,289,3319.012306
1458.20461,279,3319.154277
1548.437763,293,3319.303685
1449.697303,275,3319.442161
1500.47402,285,3319.585
1518.828172,287,3319.732598
1473.227427,281,3319.873885
1562.228741,295,3320.02193
1493.77239,283,3320.16481
1539.336462,299,3320.314991
1552.316052,298,3320.467231
1547.116653,294,3320.615694
1493.536576,283,3320.759041
1460.713822,279,3320.900928
1475.265285,282,3321.042508
1568.550533,302,3321.194156
1560.395412,300,3321.356436
1529.669634,290,3321.501387
1531.363096,290,3321.646496
1560.578507,302,3321.798076
1460.684928,279,3321.937134
1477.248319,281,3322.07777
1552.696625,295,3322.22448
1468.596897,279,3322.370676
1456.619621,275,3322.529075
1455.07958,278,3322.668328
1510.340901,286,3322.81048
1568.314346,299,3322.959181
1522.358529,289,3323.103013
1542.480336,292,3323.249551
1470.630894,280,3323.391093
1561.11978,301,3323.543649
1495.263914,283,3323.704306
1485.990983,283,3323.846116
1515.654657,287,3323.99787
1534.383833,290,3324.157093
1517.500836,287,3324.300227
1520.012875,287,3324.44829
1561.194341,301,3324.598885
1443.376198,275,3324.736521
1554.017271,300,3324.886964
1502.210974,285,3325.029944
1555.537604,294,3325.177126
1546.903327,292,3325.323503
1535.505038,293,3325.470555
1486.99689,283,3326.507529
1111.509019,260,3326.736776
815.827997,217,3326.938704
1025.58974,242,3327.148473
1158.982847,262,3327.388067
1784.739696,339,3327.693539
1210.064553,284,3327.969739
1555.25019,324,3328.299085
1661.08044,334,3328.480072
1556.758941,323,3328.652303
1580.636871,351,3328.842245
1408.059143,309,3329.007156
1239.280531,293,3329.161799
1548.121118,338,3329.360337
1747.552618,344,3329.560189
1739.574645,345,3329.761206
1791.520827,352,3329.965306
1527.138685,337,3330.162674
1746.368187,345,3330.360756
1647.61649,333,3330.552218
1663.665938,335,3330.745678
1328.241554,301,3330.907177
1510.223239,312,3331.0876
1434.589128,311,3331.264602
1662.762751,335,3331.455888
1603.118193,355,3331.660553
1795.198008,357,3331.8642
1759.452953,347,3332.061634
1194.729665,289,3332.236922
1192.862806,289,3332.412975
1142.562797,284,3332.58186
1179.326118,288,3332.746746
1796.626692,351,3332.944435
1672.756414,346,3333.13935
1686.33908,332,3333.336977
1525.270232,321,3333.53268
1693.180712,343,3333.729029
1645.392298,335,3333.917472
1388.80124,332,3334.102238
1758.504398,347,3334.316978
1674.578543,336,3334.499398
1351.077179,304,3334.678279
1591.130664,327,3334.87174
1302.167058,290,3335.043392
1803.717608,352,3335.25358
1215.478711,291,3335.447715
1815.922601,355,3335.646699
1688.429686,335,3335.820455
1594.052881,328,3335.985839
1615.507829,330,3336.152
1402.827103,308,3336.320769
1585.568707,327,3336.519701
1194.697847,278,3336.684848
1743.936357,341,3336.866401
1478.38662,316,3337.045842
1248.753259,293,3337.203943
1501.47068,317,3337.390068
1189.786419,281,3338.400178
1090.644464,254,3338.610277
660.663268,199,3338.774566
914.470737,227,3338.979433
1069.634092,248,3339.207244
1002.608524,266,3339.461794
1891.397759,357,3339.804848
1070.508385,221,3340.15877
1103.478764,224,3340.31455
1311.169607,250,3340.483627
1347.706118,255,3340.641787
976.960946,210,3340.760408
1444.947168,269,3340.912757
1471.860313,279,3341.074973
1114.617134,226,3341.198606
1020.369995,215,3341.311431
1366.827001,258,3341.445865
1048.357788,218,3341.560942
1439.622217,268,3341.695927
1431.988872,267,3341.831096
956.608828,207,3341.935133
1132.721627,227,3342.048916
1077.824533,222,3342.160406
1458.829448,275,3342.29797
1193.828756,235,3342.415584
1442.90353,268,3342.549645
978.309474,210,3342.656781
1459.485921,276,3342.798472
1472.427005,279,3342.941742
1138.235085,228,3343.058928
1272.629567,259,3343.191982
1299.092138,247,3343.317629
1327.017106,262,3343.452195
1168.880951,232,3343.571596
908.876046,201,3343.675122
1031.453068,216,3343.786503
1458.454562,274,3343.927132
1452.044233,269,3344.064919
1160.114767,231,3344.183063
1026.682113,216,3344.291708
1309.430474,263,3344.424422
1036.750068,243,3344.546946
1431.613099,267,3344.680628
960.239081,208,3344.785077
1074.433621,221,3344.896033
1127.643467,227,3345.010528
1114.771972,226,3345.123991
1190.206292,234,3345.241194
1234.782022,239,3345.360986
1201.259062,236,3345.479264
1220.489929,238,3345.599551
896.554276,200,3345.700156
1446.72727,268,3345.836696
1182.569148,233,3345.95644
1236.113829,240,3346.080184
1333.251943,252,3346.209509
1309.689863,249,3346.335352
642.650974,171,3347.169782
1169.765287,260,3347.362454
1117.643017,257,3347.553308
1059.894927,258,3347.745213
1008.997004,226,3347.915839
1132.570027,262,3348.117667
1069.099301,280,3348.325854
1080.929609,252,3348.512642
1245.822929,242,3348.706715
835.170263,193,3348.80434
875.633615,199,3348.904211
1284.68193,254,3349.031112
817.748284,190,3349.126134
862.541901,197,3349.224858
1307.872756,254,3349.352016
790.785518,187,3349.445964
888.586696,201,3349.546712
891.182466,202,3349.649037
876.761293,201,3349.752248
1192.2856,236,3349.872951
885.727793,201,3349.975922
870.744461,198,3350.07756
1048.388031,218,3350.189633
1228.890176,240,3350.312247
831.171574,192,3350.410684
1340.350324,256,3350.53937
1074.637288,221,3350.650484
1316.004094,254,3350.777426
1152.832597,230,3350.895383
1294.322096,253,3351.034924
895.104363,202,3351.15571
846.773826,195,3351.293941
1282.698303,253,3351.465175
832.613686,192,3351.599208
1300.80243,254,3351.769576
1339.453559,256,3351.932605
863.886352,200,3352.059523
884.037448,200,3352.185217
842.031443,194,3352.302635
1119.788161,246,3352.440955
1028.092888,215,3352.561604
1088.649613,223,3352.686631
1030.870155,240,3352.82127
862.323953,197,3352.931486
1286.203002,254,3353.094921
1327.049829,255,3353.253775
1152.90329,230,3353.372731
1341.680078,256,3353.504562
1343.225605,255,3353.662391
1278.475058,252,3353.813692
967.613797,209,3353.932263
877.873518,199,3354.045079
887.547288,201,3354.158601
1042.678181,217,3354.281194
1124.785653,227,3354.409361
1059.539562,218,3354.537604
846.390104,195,3354.650391
1246.107727,243,3354.789896
441.916362,141,3355.693628
899.239137,217,3355.875905
1022.725908,258,3356.076466
892.897219,209,3356.232228
1296.3692,293,3356.45019
1206.615524,280,3356.663342
989.376343,232,3356.837609
625.940993,185,3356.989209
857.105799,211,3357.156282
903.45909,235,3357.305973
966.114878,240,3357.446977
1066.325519,252,3357.574169
1111.821815,258,3357.707855
1079.902638,255,3357.836913
1110.280086,258,3357.967113
1083.601451,255,3358.095008
1056.708085,252,3358.229016
1062.545201,247,3358.353217
1058.449489,252,3358.480692
1105.951391,259,3358.610915
1035.159707,248,3358.738933
1059.042392,252,3358.866604
1238.56807,283,3359.008844
1101.914409,257,3359.14626
1092.533721,256,3359.275714
1113.11417,260,3359.407676
1007.093859,239,3359.533098
1080.981571,252,3359.660162
1205.672356,280,3359.805857
1167.327426,272,3359.943959
1202.539169,279,3360.094074
1225.654687,282,3360.242668
1101.959931,257,3360.396341
1078.288815,254,3360.525431
1102.354615,257,3360.672447
1053.233175,251,3360.806755
1230.63647,282,3360.94795
1082.901961,255,3361.076811
908.954417,234,3361.194021
927.580466,230,3361.308716
1086.801887,255,3361.436794
1138.940316,265,3361.572173
1098.79556,257,3361.702221
972.075834,235,3361.820448
925.399375,237,3361.939047
1243.187261,283,3362.080659
1108.11718,258,3362.213963
892.351344,225,3362.335863
1073.917148,250,3362.464068
1191.759478,276,3362.602597
1196.402648,276,3362.741201
1091.530686,256,3362.873741
1094.032181,256,3363.003978
897.250603,234,3363.121705
1072.26584,254,3363.263108
1080.610511,255,3363.399273
946.932919,231,3363.521597
1082.671412,255,3363.667741
1057.972719,252,3363.804285
734.919558,219,3364.772788
1275.010481,260,3364.969876
1028.790296,248,3365.159051
391.974399,135,3365.263028
620.345774,177,3365.397711
926.298296,216,3365.561511
1078.275948,280,3365.776182
1071.626297,284,3365.990982
1420.502464,265,3366.314384
1410.281244,264,3366.450694
1412.127791,264,3366.591346
1364.351399,273,3366.734743
1401.101379,264,3366.870395
1227.532969,252,3367.003187
1318.743833,267,3367.139953
1418.351283,265,3367.274891
1361.101341,273,3367.412654
1403.637216,264,3367.547951
1374.904057,258,3367.678447
1375.430058,259,3367.812431
1413.831178,264,3367.949772
1237.265613,253,3368.077651
1325.447879,261,3368.211815
1375.024456,259,3368.341555
1066.631912,226,3368.459071
1345.209812,263,3368.596616
1312.351945,251,3368.72648
1165.690216,236,3368.849135
1294.053226,265,3368.98358
1304.342907,266,3369.120462
1421.613521,271,3369.261111
1317.340855,262,3369.393757
1410.175769,264,3369.526841
1294.034727,262,3369.65905
1377.665463,267,3369.793654
1245.961923,253,3369.921102
1399.016516,263,3370.053757
1284.376066,264,3370.187184
1415.951264,264,3370.320381
1311.024143,268,3370.45732
1300.527151,261,3370.589109
1329.213387,263,3370.723149
1403.238429,263,3370.859341
1278.699534,266,3370.997116
1407.558116,264,3371.13268
1350.786507,263,3371.270538
1044.577553,224,3371.383075
1327.161348,262,3371.518491
1377.232575,259,3371.655174
1358.995061,263,3371.792777
1317.652498,265,3371.926845
1399.094795,263,3372.059505
1241.899774,262,3372.192379
1346.786582,263,3372.325127
1334.904378,262,3372.457688
1331.415301,262,3372.590197
1402.696366,264,3372.726358
1310.658969,262,3372.861968
1224.065155,245,3373.848076
1294.064505,284,3374.082817
1191.525895,267,3374.304981
1125.039456,271,3374.53411
1726.147891,346,3374.819408
951.338241,239,3375.00537
935.899125,232,3375.175755
1187.309248,283,3375.452597
1188.483319,285,3375.598299
1176.102712,284,3375.743518
1187.029788,285,3375.888703
1184.648465,285,3376.033952
1176.663985,285,3376.179363
1167.623078,281,3376.322942
1196.694139,283,3376.467365
1226.283393,284,3376.615726
1202.477235,284,3376.767356
1177.774053,283,3376.916995
1204.564414,284,3377.067026
1220.131144,285,3377.21732
1169.403484,281,3377.365645
1234.512556,285,3377.515981
1186.969829,285,3377.66638
1187.406891,284,3377.812848
1211.275234,285,3377.962945
1199.08969,283,3378.114121
1232.048901,287,3378.268884
1180.039066,279,3378.418998
1177.265392,283,3378.57164
1177.341589,283,3378.726809
1195.617752,285,3378.877556
1186.931296,284,3379.027617
1205.336014,284,3379.174069
1177.352954,285,3379.323872
1169.749227,284,3379.474077
1169.266783,285,3379.622757
1169.09605,284,3379.764677
1187.837314,286,3379.914161
1168.846047,285,3380.064407
1226.840962,285,3380.215054
1207.677127,285,3380.365454
1182.408648,283,3380.514724
1170.504408,283,3380.664159
1199.285665,283,3380.813445
1198.244976,284,3380.963936
1179.866054,286,3381.117697
1196.994076,283,3381.268856
1169.869874,283,3381.414335
1177.413756,284,3381.564318
1177.806416,284,3381.71631
1199.551869,284,3381.870072
1196.11237,283,3382.020039
1221.652833,285,3382.166299
1179.672502,285,3382.328876
1181.351881,281,3382.488729
1193.92288,285,3382.65114
1191.909861,284,3382.813141
1153.411725,274,3383.838741
1081.792581,237,3384.042333
1203.919651,315,3384.304821
1365.276096,276,3384.533331
1079.400533,292,3384.775854
1284.506823,282,3385.009416
1236.571117,256,3385.239835
1125.625028,249,3385.505162
1372.474428,271,3385.677999
1353.611763,269,3385.844706
1374.340178,272,3386.01241
1354.532046,269,3386.174778
940.6418,234,3386.316562
1251.99558,257,3386.472085
1383.729042,274,3386.634083
1315.814954,263,3386.780525
1391.199527,274,3386.931161
1262.992845,258,3387.06683
1055.156781,243,3387.194824
1203.193634,254,3387.328581
1372.967138,267,3387.468958
1350.565354,261,3387.605353
1051.312468,247,3387.728646
1223.486791,255,3387.859819
1385.24826,274,3387.997154
1373.157637,270,3388.133296
1177.193373,253,3388.273773
1338.236554,267,3388.414705
1372.62315,271,3388.557072
1269.813014,258,3388.685578
1276.599103,258,3388.81406
1142.921805,250,3388.938763
1073.527871,245,3389.061148
1355.676856,269,3389.195209
1355.307848,267,3389.329013
1356.875317,269,3389.465521
1373.606629,273,3389.601876
1262.693264,257,3389.72973
1359.901216,268,3389.863282
1154.753692,251,3389.988358
939.120214,234,3390.105326
1385.56139,273,3390.241125
1439.210545,274,3390.381307
1375.260411,272,3390.521763
1373.617408,271,3390.660894
967.913684,237,3390.781898
1343.071343,267,3390.917836
1159.14978,251,3391.054089
1337.347351,265,3391.193255
1188.199596,254,3391.322735
1362.684718,269,3391.464493
1352.728973,268,3391.60442
1355.259276,267,3391.740577
920.251264,232,3391.857684
1291.862001,259,3391.986743
1359.964825,268,3392.120734
1384.48677,273,3392.260428
587.69317,169,3393.204855
493.96714,169,3393.345932
1203.487563,246,3393.550107
2017.603218,337,3393.818877
744.120749,189,3393.960226
937.837792,226,3394.126203
857.171482,220,3394.289383
1257.864099,283,3394.499326
579.625743,181,3394.637437
1062.108709,252,3394.801319
1189.816372,277,3394.940556
1164.929986,265,3395.073042
1159.666965,269,3395.210921
1033.892399,248,3395.335361
1139.821616,263,3395.467494
1105.061775,257,3395.598341
1177.910395,276,3395.73714
1184.682626,276,3395.877258
1180.282334,271,3396.012934
980.520076,241,3396.133373
1126.950548,260,3396.265306
1169.318741,267,3396.399869
1085.821703,255,3396.530384
1120.460854,260,3396.664984
1164.848156,266,3396.835219
1120.077786,260,3397.004022
1191.777627,277,3397.1796
1032.063807,247,3397.364099
1150.833263,263,3397.551262
997.976487,243,3397.70985
1165.821212,271,3397.874793
1040.883339,249,3398.02342
1185.293059,276,3398.184042
1095.323508,256,3398.329539
1189.083202,276,3398.484365
1160.267543,268,3398.62422
1164.754512,271,3398.762357
1175.470554,277,3398.902451
1161.73187,267,3399.03721
1002.027031,244,3399.174305
1162.542394,268,3399.323596
1007.183109,244,3399.474825
1157.028064,266,3399.637123
1181.886623,275,3399.793798
1104.341867,258,3399.935431
987.508309,242,3400.061358
1170.590413,267,3400.200301
1167.639498,270,3400.340332
1166.974743,272,3400.483961
1170.958715,272,3400.629296
1001.522342,244,3400.759954
1172.97257,270,3400.903359
1149.206999,263,3401.044705
1165.045906,270,3401.188847
1153.812276,267,3401.332175
1009.836765,245,3401.463954
1165.909759,271,3401.609327
1183.317977,276,3401.749745
1186.389367,277,3401.888762
1139.710573,267,3402.818766
1009.183576,235,3402.996287
787.587656,240,3403.174721
1290.92301,250,3403.404392
936.840976,268,3403.647365
1466.858083,325,3403.928046
739.826401,193,3404.071783
612.922228,174,3404.201263
780.137835,197,3404.383832
1079.456091,243,3404.50622
694.451298,186,3404.613421
702.490997,185,3404.720473
1067.131612,234,3404.856872
783.393661,199,3404.964592
703.093824,185,3405.05733
1066.892203,235,3405.17559
1054.486341,231,3405.29377
1032.711023,240,3405.417367
1074.423445,235,3405.535707
686.968888,182,3405.626721
703.956103,186,3405.720001
758.313158,198,3405.819373
1049.88058,243,3405.9416
1058.501534,231,3406.057269
1034.991119,239,3406.177577
760.884729,194,3406.274957
695.7281,186,3406.368237
1080.726351,251,3406.494435
697.717781,185,3406.586932
703.920656,186,3406.679977
1043.353773,241,3406.804891
728.869449,190,3406.900349
1057.473346,246,3407.024542
698.280865,185,3407.116973
694.917273,186,3407.210109
777.19628,197,3407.311168
1046.363873,243,3407.435369
694.918816,185,3407.530211
769.735154,195,3407.630602
696.39627,186,3407.725905
1043.472798,240,3407.849713
1026.964932,238,3407.973079
792.920752,199,3408.07543
696.542315,186,3408.170792
763.451492,194,3408.270408
757.723931,198,3408.372103
691.16116,185,3408.466948
1037.619623,241,3408.591386
682.048075,183,3408.685359
1032.480528,238,3408.807988
704.252115,186,3408.903393
1060.544211,236,3409.024992
695.077686,185,3409.119699
1042.070953,241,3409.243897
1037.659523,238,3409.366589
1031.130424,236,3409.488098
1034.751615,236,3409.609693
1060.501723,235,3409.730319
620.489098,180,3410.56999
1145.077775,261,3410.763594
1232.30619,287,3410.976319
906.196525,208,3411.129766
1195.789984,249,3411.316693
1150.141225,268,3411.522311
1210.055822,251,3411.714893
987.245668,232,3411.887536
933.888081,241,3412.1028
1209.912054,285,3412.245281
1026.009955,252,3412.371176
1336.179157,302,3412.522089
1045.962157,254,3412.649128
944.324578,242,3412.770008
1231.677582,286,3412.913104
1247.105617,287,3413.056427
1068.831426,256,3413.184535
1128.059907,262,3413.318219
975.92536,246,3413.442939
967.709513,245,3413.565574
1125.72868,261,3413.697085
934.209474,242,3413.818219
944.027394,241,3413.938961
902.485865,238,3414.058102
1123.064965,262,3414.189178
1036.613683,253,3414.316293
1199.866294,284,3414.459195
970.690081,245,3414.585268
1245.818001,287,3414.730423
1323.709089,301,3414.884525
1161.493353,270,3415.023633
1185.809348,284,3415.171554
1107.616258,260,3415.302536
1169.931565,271,3415.43926
912.727586,239,3415.56088
1058.022772,254,3415.689451
1245.463155,287,3415.834323
1212.888833,285,3415.979553
989.412016,247,3416.104125
1216.954781,282,3416.246413
1172.191761,272,3416.384749
1012.274257,249,3416.512477
1222.484872,286,3416.657717
1182.636017,276,3416.797359
1239.982139,287,3416.942954
1215.010627,286,3417.086985
1136.983389,265,3417.222849
1176.36328,275,3417.367022
975.881603,246,3417.500453
1027.246121,252,3417.626971
1139.866051,268,3417.761621
1127.252236,265,3417.895442
1208.505546,284,3418.039246
993.18186,248,3418.16373
1044.216497,253,3418.292744
1242.833877,287,3418.436755
1214.183115,286,3418.581443
1045.571469,254,3418.708859
751.935739,225,3419.587178
1048.28981,238,3419.79574
1223.793519,273,3420.007962
673.660707,181,3420.142136
1076.583649,242,3420.321444
969.797668,246,3420.510005
1149.100063,251,3420.736116
1170.133689,275,3420.965237
717.487122,179,3421.15399
1100.084852,221,3421.26465
1145.749904,226,3421.378855
883.439611,197,3421.479909
855.147204,193,3421.57876
724.174575,179,3421.674081
1486.289662,264,3421.808554
1021.425264,212,3421.914897
926.464993,202,3422.01625
1165.707989,228,3422.130373
1215.972595,233,3422.246967
822.263006,189,3422.341589
894.218301,198,3422.440651
1532.334489,269,3422.574819
1166.320199,228,3422.688942
987.949823,209,3422.798137
1280.80602,239,3422.953279
793.602284,187,3423.068075
1069.023961,218,3423.195947
1027.235668,213,3423.304591
847.409666,192,3423.403827
996.691663,209,3423.52363
957.068669,205,3423.642713
1089.031584,220,3423.75406
1356.566834,248,3423.886518
977.811604,208,3424.004973
921.648499,201,3424.105224
1420.860442,255,3424.231739
1187.620533,230,3424.345942
1014.411552,212,3424.451464
1443.733045,258,3424.579845
1033.010165,214,3424.686551
974.04444,207,3424.789766
1154.56168,227,3424.902799
1018.061167,212,3425.009643
1227.333203,234,3425.128918
1138.7694,225,3425.243866
862.070638,193,3425.342485
1344.722564,247,3425.468256
1686.979111,296,3425.619117
1218.016583,233,3425.737747
917.673153,201,3425.840343
1000.059158,210,3425.947731
946.174794,204,3426.0531
1505.151936,265,3426.195108
1139.514743,225,3426.318019
1059.597824,217,3426.426579
867.569516,195,3426.529343
1080.138979,219,3426.657559
857.434392,193,3426.766761
719.31258,178,3427.609442
714.594862,208,3427.783794
1026.704749,245,3427.965639
384.643714,130,3428.061927
636.168504,199,3428.209187
1177.377943,308,3428.437365
1054.83381,258,3428.642699
439.425434,151,3428.77465
451.84521,146,3428.883193
559.828,183,3429.018663
955.457722,236,3429.179979
1138.25397,252,3429.306073
1267.578661,284,3429.44804
957.845491,236,3429.579311
947.068482,235,3429.709018
1088.467962,250,3429.834739
738.203888,204,3429.95103
796.11715,211,3430.065048
950.568904,228,3430.178999
675.448936,196,3430.277038
734.659173,203,3430.3781
945.42776,235,3430.508607
1197.390951,266,3430.65826
956.288139,229,3430.784063
799.838182,211,3430.891273
1230.892613,272,3431.028858
589.424846,181,3431.121554
728.622028,203,3431.22463
725.308805,202,3431.327804
733.121697,204,3431.436923
814.26289,213,3431.562943
793.222778,210,3431.686653
944.306994,235,3431.822242
1139.372957,252,3431.949823
1097.192649,251,3432.077293
1015.85055,236,3432.196038
720.024526,202,3432.300426
1128.691264,251,3432.430417
959.221712,237,3432.550644
733.585951,204,3432.654004
967.901762,238,3432.7764
956.521987,229,3432.891224
900.850636,222,3433.002296
1154.146485,257,3433.132689
868.950507,219,3433.24247
814.822213,213,3433.349818
1263.26601,277,3433.491222
1081.708926,244,3433.618266
684.489346,197,3433.717038
683.175469,197,3433.817027
695.391697,199,3433.916896
1299.117797,286,3434.059814
734.97144,204,3434.161308
1077.951654,249,3434.287454
682.051003,197,3434.38779
1167.487924,259,3434.518691
726.263351,203,3434.619542
775.052955,208,3434.722826
1283.242542,284,3434.864963
858.371224,218,3434.976026
1256.130513,282,3435.89567
1019.655355,221,3436.060031
1483.529103,332,3436.309138
868.803744,210,3436.472147
886.411827,200,3436.620409
884.996864,225,3436.792611
1216.889363,264,3436.999733
562.297591,184,3437.14357
1113.812256,224,3437.366406
1001.55065,211,3437.471851
841.872762,192,3437.572126
1132.633314,225,3437.687526
1392.794891,255,3437.817902
903.193316,200,3437.936383
1413.980835,259,3438.091454
753.458054,183,3438.211572
853.740103,193,3438.338047
895.685889,199,3438.452303
1467.559329,269,3438.602859
858.133181,195,3438.712065
1320.84165,247,3438.861265
995.368704,211,3438.989732
910.94205,202,3439.107296
1419.787334,258,3439.254202
1213.332731,234,3439.387107
915.204372,202,3439.500662
946.582161,205,3439.622795
1064.359331,218,3439.761184
900.298618,200,3439.875699
1443.887152,263,3440.032964
1018.132866,213,3440.153619
783.000955,185,3440.25999
1432.797395,261,3440.416373
910.624691,201,3440.535383
895.281581,199,3440.647759
953.043643,207,3440.775239
950.249432,206,3440.904279
1404.142053,257,3441.06062
1015.884748,213,3441.19302
1402.900554,256,3441.336411
1026.680135,215,3441.460113
1004.76017,213,3441.583143
820.294873,190,3441.710831
862.76054,195,3441.837824
1481.421647,271,3442.008009
871.586002,196,3442.115123
1499.88562,274,3442.25602
1460.90191,267,3442.391919
990.837838,210,3442.497904
921.083493,202,3442.598609
854.947016,194,3442.696045
1414.7738,258,3442.82697
1104.982461,223,3442.970551
844.840949,192,3443.099876
789.480391,186,3443.215422
1475.986391,270,3443.378992
807.104533,188,3443.488919
861.367915,195,3443.608484
632.192361,168,3444.526666
1100.040725,273,3444.754109
1181.162967,262,3444.968218
964.997677,239,3445.164788
1100.942333,240,3445.378837
1032.900663,258,3445.590811
1010.910696,260,3445.783057
1006.384851,284,3445.992836
958.424964,239,3446.172059
1109.957003,262,3446.303247
1142.98028,265,3446.435577
1118.084995,260,3446.565281
1136.316385,265,3446.697653
960.103038,239,3446.818468
1092.568724,256,3446.946948
1029.974771,247,3447.070949
971.073307,240,3447.191406
1130.764785,264,3447.323972
959.620216,239,3447.444122
986.810685,242,3447.565513
1143.186391,265,3447.698447
1114.350749,259,3447.828122
958.498706,239,3447.948071
968.199725,240,3448.068566
966.97286,240,3448.189834
1116.248495,259,3448.320928
1049.291555,250,3448.44653
1059.963847,251,3448.572454
1127.786005,262,3448.703941
1023.139898,246,3448.827905
1159.654676,266,3448.961628
941.52856,236,3449.081685
1036.91899,248,3449.206296
1042.831108,248,3449.330775
957.422976,238,3449.450517
1084.406278,256,3449.579197
1058.576023,250,3449.705194
1003.324648,244,3449.831199
1123.740435,260,3449.965197
955.08001,239,3450.088353
959.490861,239,3450.211351
1105.203584,260,3450.343215
970.985286,240,3450.464211
1064.828181,253,3450.591444
959.399656,239,3450.711889
1116.710059,260,3450.842917
1152.902731,266,3450.976842
1150.14824,268,3451.111436
1135.852267,262,3451.243088
978.894573,241,3451.364448
954.530786,238,3451.484392
1102.916031,257,3451.613435
1036.169827,247,3451.739297
1096.844918,256,3451.87205
1051.070727,250,3452.000809
1039.179448,247,3452.128202
1026.697657,245,3452.255772
1145.857278,265,3452.393512
959.411564,226,3453.251233
1002.69021,238,3453.427707
1220.555163,253,3453.614703
999.912243,281,3453.822658
1137.326203,256,3454.016143
1335.819437,288,3454.237072
696.058665,190,3454.382774
535.320542,170,3454.512906
1149.225434,253,3454.766151
1119.240846,250,3454.893993
1213.833871,258,3455.023664
1107.346986,243,3455.14602
1313.839102,257,3455.274966
1254.732583,254,3455.402335
996.003741,237,3455.521755
1372.783237,280,3455.662525
1118.54596,250,3455.788586
1156.759899,247,3455.913049
1141.312528,246,3456.036676
1147.773778,246,3456.16013
1286.979053,276,3456.298144
1140.255696,251,3456.425488
943.186137,231,3456.544669
1052.086906,240,3456.668325
1005.702975,236,3456.790616
942.799071,231,3456.909684
1496.904818,286,3457.056322
1115.533405,249,3457.18554
1357.343833,281,3457.326805
1033.855571,238,3457.446544
1332.524324,271,3457.582081
1191.589481,249,3457.706518
1050.620372,242,3457.827735
1095.502506,248,3457.951916
1043.901813,249,3458.07671
1297.355742,287,3458.220281
1500.420706,288,3458.36396
1371.048603,255,3458.490778
1242.990749,259,3458.619689
1277.457109,255,3458.74668
1048.595364,246,3458.869714
1181.97495,254,3458.998116
1293.947063,255,3459.127937
1111.42412,249,3459.25526
1210.977648,250,3459.383049
1138.980181,251,3459.511438
1081.717868,247,3459.63778
1040.110272,246,3459.763942
1207.382324,250,3459.891744
1141.179611,245,3460.017239
1312.286424,257,3460.148277
948.370926,232,3460.267027
1320.136875,280,3460.410326
1306.931391,256,3460.540939
1191.52395,249,3460.668089
1332.069444,279,3460.811805
1086.919068,248,3460.939937
1262.457467,254,3461.070884
931.587382,213,3461.961272
1397.833877,281,3462.193132
894.307322,214,3462.36948
627.152839,183,3462.520926
1237.627384,278,3462.757203
971.512485,277,3462.993901
1351.901599,270,3463.224542
884.818298,229,3463.419982
1464.854334,360,3463.706639
1342.462647,326,3463.873072
1427.114087,336,3464.044681
1362.619622,326,3464.211231
1465.935185,340,3464.385297
1670.893111,347,3464.562876
1370.531393,326,3464.730273
1379.174255,324,3464.93751
1336.089513,323,3465.1549
2884.777119,500,3465.444272
1590.392291,340,3465.640768
1343.789358,322,3465.833985
1487.680226,336,3466.027616
1431.136042,369,3466.239077
1448.834283,369,3466.480494
2755.584603,500,3466.789443
1375.989625,327,3466.96632
1386.413566,325,3467.151364
1361.239241,323,3467.316081
1112.100595,309,3467.476856
1352.743746,357,3467.656749
1558.879482,337,3467.826044
1591.429469,340,3467.996529
1557.192606,338,3468.1689
1342.840161,321,3468.341738
1569.562709,339,3468.520802
1424.572428,328,3468.686937
1425.10655,365,3468.877586
1318.551953,323,3469.047359
1289.973987,315,3469.204556
1488.216077,332,3469.370155
1350.804571,325,3469.537727
1406.803143,331,3469.705278
1365.19788,321,3469.870265
1381.92473,332,3470.039449
1446.451338,331,3470.206944
1101.738437,308,3470.364775
1668.235452,346,3470.570551
1656.234738,345,3470.801834
1470.804384,331,3470.99492
1347.882209,356,3471.175125
1340.066247,323,3471.345417
1385.504597,332,3471.513958
1500.056485,377,3471.714207
1359.796766,322,3471.904223
1396.173177,333,3472.095584
1339.430239,321,3472.279084
1319.150841,323,3472.454363
1489.142064,336,3472.626938
1351.141025,322,3472.810052
1481.712738,353,3473.945964
1121.320789,276,3474.181521
686.59863,193,3474.342093
1122.900471,284,3474.559678
999.661049,274,3474.765353
627.040138,164,3474.888791
1115.630236,249,3475.074799
863.311534,224,3475.387856
909.866571,229,3475.505683
702.342976,212,3475.612204
723.839967,212,3475.718609
838.756964,225,3475.831566
811.350731,224,3475.944325
759.564954,215,3476.054348
1227.133676,302,3476.207966
921.003923,230,3476.323647
1023.139618,276,3476.47033
711.421411,209,3476.595241
900.769185,227,3476.73428
750.234145,216,3476.860139
732.841,214,3476.984254
887.638241,242,3477.124893
743.348506,207,3477.241647
1057.695641,244,3477.38799
781.767778,220,3477.532383
988.974329,237,3477.686705
844.143412,223,3477.827996
768.384793,219,3477.95115
748.182909,215,3478.073181
592.990306,183,3478.176153
853.578765,238,3478.30752
1028.404268,271,3478.450566
1121.177907,266,3478.594707
851.315252,221,3478.720589
1034.545643,244,3478.857761
775.382202,227,3478.971049
1233.878927,304,3479.128662
883.702329,226,3479.248474
932.965674,231,3479.371644
890.529803,229,3479.502887
690.615584,199,3479.618364
767.961508,221,3479.747069
782.655807,214,3479.858391
628.559778,189,3479.952442
779.409013,222,3480.063398
549.087101,172,3480.15081
741.208867,216,3480.260766
820.409872,223,3480.374892
857.064903,227,3480.488548
789.504612,221,3480.598733
1021.464683,275,3480.735762
727.561395,217,3480.844055
765.433065,217,3480.961637
873.349353,225,3481.094707
733.963943,218,3481.216855
716.004373,212,3481.331072
969.366926,236,3481.46618
641.471059,191,3482.304824
1066.229551,260,3482.510863
428.963702,142,3482.62723
1111.233745,259,3482.837512
962.187186,241,3483.022367
912.204729,238,3483.197674
1191.807943,280,3483.405018
1940.323439,369,3483.678008
1502.75228,316,3483.899474
1486.820569,304,3484.051195
1275.429472,286,3484.194233
1454.271426,312,3484.357045
1235.626569,283,3484.514756
1611.106833,343,3484.708018
1601.172013,345,3484.900004
1278.695869,286,3485.043663
1302.220324,287,3485.187501
1778.191059,346,3485.363881
1660.687733,333,3485.530931
1210.708556,281,3485.676322
1532.5314,319,3485.839561
1566.249838,322,3486.014251
1257.385088,285,3486.159025
1656.161454,342,3486.334703
1736.69922,344,3486.510971
1658.930813,341,3486.684812
1628.325515,344,3486.857139
1364.148361,285,3486.999787
1786.261556,349,3487.177925
1218.736154,281,3487.325073
1538.208093,318,3487.485317
1858.522259,368,3487.688747
1240.881485,285,3487.833951
1258.532842,285,3487.980919
1987.060549,377,3488.172746
1626.420508,339,3488.344697
1212.437657,278,3488.4859
1505.029214,316,3488.64295
1884.785268,360,3488.825209
1722.601684,338,3488.993537
1703.980058,340,3489.163522
1287.735089,291,3489.309144
1442.624821,308,3489.462032
1294.919822,287,3489.60566
1806.778961,352,3489.788068
1772.599353,348,3489.963502
1649.043956,340,3490.134228
1358.991042,291,3490.279068
1843.971031,356,3490.458355
1340.060733,283,3490.604393
1585.714456,323,3490.767692
1489.274288,299,3490.919467
1560.847026,319,3491.08059
1387.810957,306,3491.23612
1652.945156,341,3491.409625
1490.741594,299,3491.564055
1783.563635,362,3491.747751
1863.891533,369,3491.933485
350.478274,122,3492.709837
990.083986,224,3492.876251
1158.139569,281,3493.086109
1034.373489,233,3493.257526
1095.322808,262,3493.457689
926.216087,240,3493.643845
1017.28901,245,3493.827774
1252.844411,260,3494.027299
629.208317,180,3494.168542
874.967893,223,3494.295004
1068.06575,250,3494.423158
1032.956685,243,3494.545357
998.782107,238,3494.66444
1003.567282,239,3494.785975
1057.127868,248,3494.910792
1082.227972,250,3495.036041
1047.610308,246,3495.160812
1239.091728,274,3495.29705
1218.96647,269,3495.43226
1212.601357,269,3495.568979
941.140501,233,3495.688545
928.886638,231,3495.812933
940.405304,232,3495.929616
948.801216,233,3496.045941
964.786524,235,3496.163257
1071.811187,249,3496.287651
1057.036216,247,3496.411733
958.580347,234,3496.531769
968.578304,236,3496.652701
938.647189,232,3496.772964
955.01185,234,3496.89531
995.334084,239,3497.022913
1031.77372,244,3497.152314
1030.647376,243,3497.281146
1248.497111,276,3497.428625
938.975031,232,3497.552305
1059.19769,247,3497.680363
1075.285244,247,3497.80687
992.626584,238,3497.926871
1050.284649,243,3498.051124
1248.578593,276,3498.19168
927.549073,231,3498.309695
967.997947,235,3498.42691
1045.137788,245,3498.549054
1000.052666,239,3498.670155
1194.624092,265,3498.810401
931.432022,231,3498.945942
950.30351,232,3499.065586
1033.660873,244,3499.187417
929.653602,231,3499.302599
1062.540484,249,3499.427893
988.244414,238,3499.546556
994.424563,239,3499.665759
967.849564,235,3499.783081
1178.677386,262,3499.913815
1048.260446,246,3500.037721
871.899353,222,3500.155128
989.842446,237,3500.280017
1012.887463,241,3500.40741
943.554182,235,3501.398986
1219.676662,276,3501.614689
1111.296725,278,3501.828963
1231.689633,259,3502.029427
1088.204732,226,3502.228322
1385.785015,320,3502.481398
1019.405138,219,3502.644425
482.047631,169,3502.769138
1142.174444,276,3502.967481
1119.278025,276,3503.105594
1140.824208,275,3503.25773
1134.876546,275,3503.416574
1115.90824,278,3503.567667
1139.591106,276,3503.715925
1126.247216,275,3503.865838
1119.387724,272,3504.007373
1136.709567,278,3504.148615
1107.104001,278,3504.289958
1133.868511,277,3504.431142
1150.232235,277,3504.581443
1134.941901,275,3504.74039
1117.833856,277,3504.900193
1137.208257,275,3505.038527
1150.844108,278,3505.180219
1132.811492,276,3505.318528
1126.089329,274,3505.455137
1127.429469,278,3505.59543
1115.362894,276,3505.735589
1128.36536,275,3505.873452
1127.307919,278,3506.01217
1134.387479,275,3506.149273
1134.845767,277,3506.29128
1141.170682,278,3506.43209
1151.252573,278,3506.587084
1151.758383,276,3506.742595
1128.991366,275,3506.917806
1133.543699,277,3507.063655
1151.2401,277,3507.202821
1130.781646,272,3507.341332
1150.616976,278,3507.495152
1150.899009,276,3507.678487
1132.509457,276,3507.868358
1121.534214,274,3508.024904
1149.335208,277,3508.181882
1142.903643,276,3508.342846
1121.480933,279,3508.504706
1134.744379,275,3508.660849
1123.231228,279,3508.819388
1144.412636,277,3508.978265
1132.408818,278,3509.140048
1142.748813,276,3509.300353
1142.140078,277,3509.46182
1116.962499,277,3509.620269
1135.36354,274,3509.777845
1126.373802,273,3509.933325
1142.819959,276,3510.086886
1127.441271,274,3510.226642
1125.41717,276,3510.365186
1098.54031,280,3511.301929
974.721457,237,3511.480984
1267.080047,269,3511.685712
1179.018961,258,3511.878177
1064.577172,246,3512.061539
1032.365021,267,3512.262841
1063.484475,254,3512.452039
1006.322073,241,3512.762065
1038.519829,250,3512.889794
1025.198856,247,3513.013568
1062.286759,278,3513.152753
1021.952159,248,3513.277337
1083.83029,272,3513.419325
1071.975773,275,3513.566413
699.51238,204,3513.669027
1067.660429,278,3513.81147
1080.845482,271,3513.94996
637.719788,192,3514.058264
1090.348618,269,3514.211392
1077.891188,266,3514.364306
693.283777,203,3514.480227
998.40839,240,3514.617567
926.575425,231,3514.748151
1061.682553,280,3514.90537
1068.376142,263,3515.053384
1252.918908,300,3515.223066
942.117023,231,3515.352726
1114.536231,273,3515.506238
1063.644447,279,3515.663009
914.395472,229,3515.791998
720.074439,208,3515.903693
703.874267,205,3516.007383
721.376858,208,3516.111168
1063.779688,279,3516.250935
1041.818634,254,3516.381607
1037.793795,250,3516.511939
767.931833,213,3516.620008
1067.897742,277,3516.764708
997.362953,240,3516.893137
1114.83456,272,3517.039452
650.106851,194,3517.14355
1015.115715,242,3517.267467
1084.27442,270,3517.406096
1017.00967,245,3517.530629
1065.661022,261,3517.661132
1063.435867,278,3517.803075
1083.257843,274,3517.945596
1103.172065,270,3518.105278
1109.89951,271,3518.269734
938.305128,233,3518.403076
757.226933,211,3518.525553
1122.024039,280,3518.688676
1062.140297,263,3518.842335
690.803425,202,3518.960383
699.801426,204,3519.083769
966.06987,236,3519.225152
1080.355515,273,3519.38917
371.898471,134,3520.282853
1246.44433,282,3520.513384
1092.994936,248,3520.700416
1088.951005,263,3520.893981
1238.182616,252,3521.083929
1118.339398,231,3521.256751
1134.152584,239,3521.439926
1129.158891,268,3521.642384
1169.920463,246,3521.878124
1083.9281,235,3521.997612
996.557054,273,3522.136875
1277.192172,260,3522.268396
1018.167696,275,3522.41219
1079.093044,234,3522.529412
1099.293223,296,3522.677761
1253.379308,259,3522.806729
1092.698229,237,3522.924858
1093.280793,235,3523.043221
1019.086828,272,3523.186411
1357.333073,299,3523.361672
1114.356152,239,3523.503063
1128.858228,241,3523.631492
1623.563485,311,3523.786648
1083.804138,275,3523.924222
1319.152241,273,3524.060491
1491.223782,294,3524.209051
1015.646905,271,3524.344135
1306.986626,267,3524.477813
1904.044008,338,3524.646327
1046.896107,288,3524.791559
1236.242926,288,3524.935433
1288.901373,264,3525.069655
1015.540089,276,3525.210805
1422.255813,301,3525.364562
1697.605754,317,3525.52518
1295.294173,272,3525.661627
1912.556131,335,3525.828705
1018.075514,275,3525.9659
1084.892836,234,3526.084921
1029.065516,272,3526.220818
1105.368706,236,3526.33823
1016.878722,274,3526.474748
1014.655932,277,3526.614677
1286.758212,269,3526.749351
1021.185737,289,3526.896127
1099.620634,237,3527.01668
1029.716975,301,3527.171336
1105.018227,236,3527.291073
1034.536473,282,3527.431996
1038.729415,304,3527.584839
1091.534566,237,3527.703304
1019.422288,273,3527.8405
1130.227544,319,3528.001437
1171.335559,323,3528.164531
2436.539773,347,3528.336267
1534.109048,303,3528.488513
1213.058623,332,3528.654994
1042.000166,279,3528.794046
985.442143,223,3529.775047
372.08755,136,3529.888431
1174.568238,265,3530.109691
937.56679,236,3530.315004
1179.555779,295,3530.582406
944.160409,235,3530.781376
1172.95826,266,3531.004953
1022.989735,246,3531.200831
694.725769,193,3531.41987
724.176304,197,3531.518574
736.024892,199,3531.619776
1084.776636,243,3531.756717
701.914913,194,3531.864023
709.031445,195,3531.962662
722.887858,197,3532.084546
1249.850084,269,3532.27498
1299.047048,278,3532.447669
846.996061,213,3532.568089
1326.164139,282,3532.750695
740.339456,200,3532.867733
710.816832,195,3532.979051
788.525303,206,3533.096772
944.794727,224,3533.223746
750.441524,202,3533.341998
1112.385085,245,3533.484608
1285.446514,275,3533.661901
1320.259207,282,3533.826953
1238.110948,268,3533.970513
760.390204,202,3534.076535
741.945462,199,3534.180801
804.965433,208,3534.292449
942.680843,224,3534.413728
690.240652,192,3534.518245
719.066138,196,3534.618983
846.743613,213,3534.725067
791.142917,206,3534.828175
1080.860522,241,3534.954414
856.026119,214,3535.067582
823.866421,210,3535.193745
816.055765,209,3535.317735
720.520209,196,3535.431547
703.794612,195,3535.530892
782.742421,205,3535.633158
922.154335,222,3535.747214
685.812835,192,3535.843984
718.361458,196,3535.947712
1067.88292,239,3536.068126
779.107358,205,3536.170592
912.676814,220,3536.28086
1154.326357,251,3536.406071
848.319093,213,3536.513867
690.731794,192,3536.609896
1217.666186,262,3536.741449
1143.630414,250,3536.866877
795.814326,207,3536.971017
902.575153,220,3537.084864
936.183998,223,3537.196431
1185.880865,279,3537.33944
412.879225,140,3538.269436
1409.612474,302,3538.582809
1021.274241,244,3538.810233
882.247788,222,3538.996529
1276.277037,250,3539.212383
1157.911438,250,3539.424031
1125.08533,259,3539.645509
1300.623096,254,3539.870981
1173.439586,262,3540.172159
1143.8358,258,3540.338046
1277.549173,277,3540.517091
1026.969857,246,3540.673183
1175.688593,262,3540.840669
1316.302542,283,3541.007416
1323.993781,284,3541.170947
1185.087844,263,3541.316272
1259.855593,274,3541.471321
1173.662391,261,3541.622552
1130.078682,257,3541.772086
1005.33855,244,3541.910136
964.611546,240,3542.030378
1353.219986,291,3542.175714
1204.998617,267,3542.308922
1228.380061,270,3542.443752
1165.979805,261,3542.58794
1353.498993,291,3542.757715
955.250964,239,3542.897619
969.141089,241,3543.041636
1216.033084,268,3543.199342
1128.20246,256,3543.349749
1278.695097,278,3543.489328
946.683693,238,3543.614263
1164.562391,261,3543.766162
1297.883063,281,3543.930233
1316.347264,282,3544.087912
1240.490988,272,3544.223869
1144.489883,258,3544.355267
1257.650729,274,3544.492866
1173.632807,261,3544.623229
1188.833179,263,3544.755127
1231.610887,270,3544.891393
1285.832718,281,3545.031366
1268.771263,282,3545.171944
1162.199377,260,3545.302819
1108.916381,254,3545.438967
1282.682604,280,3545.602328
1094.371453,252,3545.750046
1271.586919,282,3545.895533
1130.756166,257,3546.024282
1242.260633,272,3546.176649
1286.81563,277,3546.338635
1232.877455,270,3546.493471
1252.509904,275,3546.630603
1037.378323,247,3546.755019
1074.799229,251,3546.880385
1214.468356,267,3547.017403
1337.518347,286,3547.162395
941.423028,238,3547.281244
982.724493,229,3548.134778
1132.901243,280,3548.342765
1186.14327,256,3548.531954
1207.556485,289,3548.744682
946.850109,226,3548.913204
939.249857,227,3549.0806
958.791456,215,3549.240378
1021.116224,236,3549.414191
1031.256034,255,3549.622997
1081.835618,267,3549.759838
1068.120199,275,3549.90051
1084.255011,270,3550.038767
1030.905596,254,3550.167232
1040.683063,255,3550.295943
1066.735733,262,3550.426952
1031.153744,254,3550.553892
1078.597255,266,3550.687882
1065.809788,260,3550.817892
1083.475328,268,3550.951673
1066.827101,262,3551.08284
1000.11006,251,3551.225098
1040.580078,255,3551.370235
1022.318381,253,3551.54501
1068.245393,274,3551.73498
1070.204552,276,3551.921805
1056.970549,257,3552.088738
1077.335822,271,3552.265175
1029.015592,254,3552.427969
1070.147117,277,3552.606003
1083.454896,263,3552.778982
1049.242153,258,3552.94913
1066.220863,272,3553.126546
1066.908716,259,3553.266668
1069.807358,273,3553.407504
1066.532008,259,3553.542309
1082.572749,268,3553.684004
1080.291019,275,3553.827806
1068.195067,271,3553.975766
1031.135165,254,3554.11263
1069.345214,264,3554.247243
1073.236206,275,3554.387438
1078.3145,265,3554.522065
1079.952989,275,3554.662678
1019.085789,253,3554.793256
1072.879108,266,3554.931374
1049.55864,257,3555.060864
949.261642,245,3555.184762
1068.701507,276,3555.323645
1074.099715,264,3555.457336
1049.559938,257,3555.586787
1040.672182,256,3555.718331
1074.791615,278,3555.861505
1085.481894,268,3555.999298
1072.910454,274,3556.138517
1080.195719,270,3556.274279
1076.350617,277,3556.414294
1087.286039,264,3556.553026
1060.867713,259,3556.707417
691.178871,213,3557.592934
1028.804571,244,3557.784392
1026.225916,244,3557.978406
1001.873438,273,3558.182792
1163.981424,282,3558.392158
969.873125,248,3558.576453
1170.819714,266,3558.77795
778.606256,202,3558.929313
1178.224174,258,3559.132548
1202.969822,264,3559.289567
1164.869608,254,3559.429444
1185.032618,259,3559.559406
1103.356678,247,3559.683166
1174.199159,259,3559.813916
1153.291558,255,3559.941807
1171.977259,259,3560.072604
956.489353,232,3560.188783
1164.717294,255,3560.31691
1177.240579,258,3560.448299
1198.969211,264,3560.580914
1104.028135,248,3560.705639
1125.090455,253,3560.833344
1201.585274,263,3560.968388
1095.536723,246,3561.094733
1186.740546,259,3561.225897
1108.632652,248,3561.350641
1204.680018,267,3561.485233
1169.230381,255,3561.615955
1120.639601,249,3561.742442
1185.828153,264,3561.876546
1161.586627,254,3562.005413
1148.092429,254,3562.133578
1165.073485,255,3562.271071
1154.49257,257,3562.411668
1201.787353,267,3562.554478
1159.11089,257,3562.686344
1098.08433,245,3562.810147
1141.022895,256,3562.940811
1164.220837,259,3563.071764
1174.399924,259,3563.208355
1176.12018,259,3563.338696
1183.962535,259,3563.469084
1170.056638,256,3563.597687
1099.361178,247,3563.722405
1206.882104,265,3563.857173
1173.570504,262,3563.993478
1195.758387,262,3564.133179
1174.2121,257,3564.281594
1133.049851,255,3564.430389
1159.17275,255,3564.570806
1102.983243,247,3564.696374
1187.855178,264,3564.829238
1169.150737,256,3564.957673
1167.283214,256,3565.086299
1154.396905,256,3565.218472
1169.404693,256,3565.370033
1206.231891,266,3565.529276
1175.227108,259,3565.670986
962.0327,224,3566.69724
1434.022105,307,3566.95812
1062.971199,289,3567.205374
1199.426827,271,3567.432076
1034.202801,250,3567.641177
1104.708466,256,3567.839123
629.330346,188,3567.999708
982.617306,243,3568.219094
918.312279,285,3568.39747
954.726089,281,3568.540622
1377.679453,326,3568.708517
968.36943,282,3568.853819
969.699952,283,3568.996679
947.495569,284,3569.140177
930.860444,284,3569.283597
959.480829,285,3569.431166
1305.319127,333,3569.626995
933.669609,278,3569.791635
882.460053,291,3569.942798
958.8031,285,3570.087667
925.361873,284,3570.235504
915.409687,283,3570.390123
897.834782,289,3570.545215
961.315219,281,3570.690044
902.647009,287,3570.835023
924.8826,283,3570.978503
1343.734869,340,3571.151538
972.273239,284,3571.296629
917.828696,283,3571.439824
948.530706,283,3571.582887
963.976828,285,3571.728372
971.419248,284,3571.893633
960.321701,281,3572.056365
1300.182838,323,3572.23605
962.919417,283,3572.381613
949.83172,284,3572.526277
890.502288,288,3572.672297
970.830625,284,3572.815788
878.392859,292,3572.97194
957.788945,286,3573.140582
969.352795,283,3573.308104
922.874367,283,3573.457177
964.595384,285,3573.603849
896.431776,288,3573.75084
916.668944,284,3573.894643
1173.288068,308,3574.052278
1029.564638,293,3574.200184
963.703979,283,3574.343066
1099.874067,295,3574.49199
972.292078,284,3574.636587
962.855635,282,3574.78926
943.126542,279,3574.947414
877.068232,290,3575.112909
963.676549,284,3575.275198
964.740331,284,3575.43584
910.965614,286,3575.598374
964.100612,285,3575.762054
970.800009,283,3575.923104
1364.458008,327,3576.938931
1308.783159,297,3577.157529
1183.600533,282,3577.397945
1363.225925,275,3577.636077
1189.002486,269,3577.834699
1218.830045,262,3578.02778
981.426482,241,3578.206883
1018.912795,250,3578.414431
1046.292981,259,3578.544791
1106.056771,267,3578.678224
1101.590103,266,3578.811785
1092.548926,264,3578.943433
946.130109,230,3579.057675
1012.837504,255,3579.201104
1003.393685,236,3579.337956
1035.844858,254,3579.486138
946.298054,230,3579.602246
990.181806,234,3579.719773
938.389143,236,3579.837619
1054.368394,264,3579.971355
1010.45641,251,3580.096964
817.408389,222,3580.207588
1037.540213,260,3580.33727
1044.04477,257,3580.465375
955.788974,237,3580.584717
953.892025,237,3580.703108
1012.446633,252,3580.829596
1113.973493,275,3580.970358
1055.815449,263,3581.123947
974.553339,234,3581.259956
1031.365776,241,3581.396607
1015.850778,254,3581.523767
1027.614156,251,3581.649017
972.161113,235,3581.770543
1027.233699,252,3581.896587
967.250513,232,3582.011942
973.112405,234,3582.128791
1006.208295,247,3582.253248
1057.672418,265,3582.38681
1049.4377,243,3582.50832
990.442319,245,3582.630731
1025.008193,256,3582.758676
968.496045,242,3582.879775
931.163819,242,3583.001814
1143.681659,280,3583.141824
1082.193318,262,3583.274838
1108.321729,275,3583.415309
1076.523734,265,3583.549301
1163.308258,281,3583.689592
1035.654898,254,3583.816478
1088.414395,271,3583.951729
796.751806,227,3584.065111
851.585399,226,3584.178906
757.254615,221,3584.288942
1006.287945,237,3584.407327
940.632547,230,3584.542991
1045.017621,256,3584.695608
1065.842192,267,3585.736411
1036.582137,227,3585.927967
384.223435,134,3586.038905
1059.729604,278,3586.268018
961.692965,232,3586.458822
1113.450642,251,3586.646199
1150.45182,268,3586.844218
1050.426408,240,3587.026816
1260.987,266,3587.283195
981.195632,220,3587.39272
1162.804464,243,3587.514718
1036.528965,226,3587.644992
814.060378,199,3587.759018
1159.109429,238,3587.898248
817.275722,198,3588.001664
1154.253236,260,3588.133754
898.142068,209,3588.239522
972.460428,219,3588.348625
1130.152754,236,3588.466732
950.877637,213,3588.572904
1149.012575,244,3588.69575
1148.969888,238,3588.814814
970.486408,233,3588.931049
989.233572,218,3589.0398
999.089663,220,3589.149429
1117.979473,241,3589.272876
805.180596,198,3589.371752
977.891684,234,3589.488506
1125.283,234,3589.606012
784.908152,192,3589.70171
1145.190773,237,3589.820118
906.934513,210,3589.925787
767.102022,194,3590.022372
943.954225,213,3590.128375
1145.647768,239,3590.247358
1147.634736,235,3590.364243
1234.722871,268,3590.49903
772.289017,194,3590.595897
1096.401715,232,3590.712037
1146.161983,242,3590.834134
878.438834,207,3590.937356
1094.832226,248,3591.061145
1127.916403,237,3591.180755
1272.008398,272,3591.316561
1060.196852,236,3591.434783
1118.80522,234,3591.551538
808.660064,196,3591.649197
964.029546,215,3591.760817
1094.548149,232,3591.877228
1132.953699,236,3591.996107
1262.623644,268,3592.132483
1032.729317,236,3592.253088
969.783758,217,3592.361978
1047.736531,226,3592.474202
1141.486753,236,3592.591583
1153.124006,238,3592.710917
980.844371,220,3592.82066
1033.363839,241,3592.941717
570.675843,167,3593.788511
1270.740198,272,3593.98899
611.265843,177,3594.120293
1140.323534,267,3594.317676
1426.712323,307,3594.544603
1589.199059,340,3594.796478
1164.936931,267,3594.993315
618.400503,166,3595.115575
998.205889,270,3595.326099
1399.606897,253,3595.452048
1378.995815,256,3595.579354
1020.645081,266,3595.712194
1306.327957,254,3595.838977
1002.969299,267,3595.973433
1389.576781,255,3596.100208
1400.499124,255,3596.226695
1156.053252,246,3596.349348
1389.703649,281,3596.490791
1388.615004,254,3596.617394
1330.786165,257,3596.747885
1332.681707,254,3596.882048
1350.219214,253,3597.015454
1139.461897,249,3597.14472
1030.414929,265,3597.280638
1144.604848,248,3597.40734
1093.354923,247,3597.532909
1363.855519,276,3597.691441
1296.464806,252,3597.823313
1363.279372,274,3597.963846
1196.151042,279,3598.106936
1387.779489,255,3598.238249
1025.028924,240,3598.359745
1302.84817,254,3598.494496
1351.927737,251,3598.637427
1303.559925,283,3598.798021
1094.573999,250,3598.941803
1138.686648,251,3599.084735
1514.756924,292,3599.250675
1134.070178,245,3599.389984
1389.936481,285,3599.553282
1383.002384,253,3599.697082
1200.368103,250,3599.839834
1368.281691,276,3599.998659
1309.50645,270,3600.154385
1278.214532,255,3600.298483
1314.9423,254,3600.443483
1271.749167,254,3600.5869
1295.288069,269,3600.739985
1349.970605,274,3600.895411
1149.168168,227,3601.024289
1409.321497,252,3601.1671
1355.103061,252,3601.310395
1232.995143,251,3601.45262
1299.393223,283,3601.613403
1368.287139,251,3601.75795
1156.35404,254,3601.896699
1101.186384,244,3602.020874
1079.293025,243,3602.143138
1289.067667,250,3603.023071
910.718438,231,3603.195658
1205.317174,249,3603.38018
1045.229984,281,3603.589147
1172.729601,258,3603.781831
1149.528715,270,3603.983407
1086.143391,271,3604.193753
730.48941,211,3604.493667
1057.575621,248,3604.618709
811.397817,221,3604.729895
1047.021681,245,3604.853165
705.991126,214,3604.962166
732.020129,219,3605.072888
1036.492015,244,3605.196211
1018.792187,243,3605.318958
675.728576,196,3605.417569
758.225247,211,3605.524075
786.243817,230,3605.639356
735.240085,212,3605.745427
825.873026,219,3605.854889
833.711723,225,3605.967596
632.941067,189,3606.061867
745.568157,208,3606.166792
784.838142,214,3606.273813
749.748104,222,3606.385022
854.874251,222,3606.495989
626.74445,188,3606.58993
854.417329,222,3606.70201
647.554111,191,3606.798223
962.058512,236,3606.917782
764.37945,211,3607.025826
863.015325,222,3607.139984
978.610746,235,3607.260689
935.551302,233,3607.378747
1009.644766,241,3607.50034
691.198287,212,3607.607169
916.507738,229,3607.722496
707.457483,209,3607.827769
686.879521,207,3607.93283
752.974971,220,3608.043635
1054.75037,248,3608.168193
882.25049,225,3608.292344
1064.086854,248,3608.43529
732.576853,216,3608.559735
626.86491,188,3608.666913
692.721252,210,3608.780159
753.889539,223,3608.914212
704.326747,210,3609.033683
621.983287,187,3609.135206
695.573496,213,3609.246906
863.02273,222,3609.359149
597.934079,183,3609.451193
745.798575,215,3609.560281
1042.854101,245,3609.684564
690.456463,210,3609.790416
654.68199,192,3609.886606
669.78899,204,3609.990391
356.54348,127,3610.794541
1209.835187,276,3611.005
1044.506386,261,3611.199778
980.039985,244,3611.381513
1018.845134,268,3611.595757
1112.00705,255,3611.78656
962.39401,236,3611.964921
1091.3139,285,3612.179751
1007.302898,283,3612.410772
1006.941853,277,3612.551699
1018.034315,282,3612.695153
1014.035394,276,3612.83593
998.673887,279,3612.976974
1023.349392,272,3613.117078
1023.28396,274,3613.269981
1029.793901,270,3613.424873
1015.886722,276,3613.591552
1007.762644,278,3613.752768
1002.400011,283,3613.922052
1009.655851,283,3614.082233
1031.331262,269,3614.23761
1008.035143,272,3614.394766
1045.707571,267,3614.549136
989.532246,280,3614.709933
1023.014596,265,3614.862076
1046.830105,268,3615.019126
998.532639,281,3615.180935
1002.140287,283,3615.344686
1034.036309,268,3615.503372
1007.99275,282,3615.667713
1007.140065,277,3615.826744
1024.337989,276,3615.984962
997.348298,277,3616.145723
996.307457,276,3616.302081
1048.215438,268,3616.452775
999.440729,280,3616.597961
1021.10543,274,3616.737858
989.763715,281,3616.903142
1049.876812,269,3617.062323
978.074788,258,3617.20309
1027.94154,267,3617.336632
1022.275009,269,3617.472114
1006.256192,280,3617.612094
989.825672,278,3617.751917
1037.548455,265,3617.905135
1039.255467,266,3618.054853
1015.391095,282,3618.19625
1013.862963,268,3618.331567
1031.539541,265,3618.47078
998.397184,278,3618.609279
991.715172,281,3618.749633
1021.54644,269,3618.891823
1010.224969,283,3619.033842
1023.661699,268,3619.171133
1009.186917,283,3619.322138
1024.844063,273,3619.465833
1022.903809,274,3619.610129
992.831491,282,3619.758616
1042.585887,290,3620.8326
917.52501,252,3621.047725
936.880185,221,3621.232248
1258.434417,254,3621.444275
1065.449828,259,3621.659146
640.216238,174,3621.797261
1142.873195,257,3621.992326
1235.283787,268,3622.1976
890.268529,235,3622.386178
854.274257,231,3622.501695
855.745447,231,3622.617208
868.76593,233,3622.737965
784.367292,224,3622.866436
812.236332,226,3623.030001
815.16545,227,3623.187537
811.656986,226,3623.332454
922.512288,237,3623.493148
853.620685,231,3623.641066
863.443663,232,3623.779326
814.924112,227,3623.917158
1077.075792,253,3624.067591
847.371232,230,3624.203535
1059.064952,252,3624.353209
1194.985092,276,3624.512595
805.041417,226,3624.630616
936.245402,240,3624.749716
864.215331,232,3624.864579
1308.63055,289,3625.007591
832.972695,228,3625.122433
949.498604,241,3625.242026
982.092554,244,3625.363517
1105.80731,256,3625.498818
1078.409548,252,3625.637593
824.823453,229,3625.767536
962.320191,240,3625.903894
1252.224603,283,3626.056946
878.070439,233,3626.178742
971.588799,243,3626.306733
859.296932,232,3626.428347
902.526124,236,3626.553392
889.019413,235,3626.677716
949.443067,242,3626.805415
879.314866,234,3626.928437
943.837829,240,3627.054989
935.617835,240,3627.178562
817.828457,228,3627.296204
826.064575,229,3627.416559
813.2993,226,3627.530124
932.044548,239,3627.651367
891.50788,235,3627.770596
805.543081,226,3627.882807
862.523754,232,3628.003809
875.364336,233,3628.125918
878.968482,234,3628.248626
831.766813,228,3628.369679
1185.140195,274,3628.514126
987.015507,245,3628.642817
865.786417,233,3628.765061
1080.937225,250,3629.763423
2100.168901,392,3630.105871
895.609494,209,3630.308609
1160.114049,266,3630.529988
1111.013374,257,3630.748486
920.188307,225,3630.938403
1065.944956,276,3631.168639
754.623698,227,3631.459383
1411.602662,344,3631.653244
1236.075846,317,3631.833127
800.396175,240,3631.973365
1009.593322,290,3632.13807
1035.182768,292,3632.301822
1037.970994,292,3632.456627
1007.780302,290,3632.618795
2162.508011,425,3632.835646
1046.360364,292,3632.983377
1385.588261,347,3633.161985
1345.681073,333,3633.330783
1074.448971,290,3633.476876
1155.799423,301,3633.628767
1059.906892,288,3633.775984
748.543428,224,3633.888608
1138.593071,296,3634.037365
1247.235306,317,3634.196303
1094.869008,292,3634.346873
1591.474426,356,3634.526423
1407.424515,351,3634.705485
854.840054,254,3634.832299
1163.043127,299,3634.987067
707.703395,214,3635.096693
751.852638,225,3635.209293
1013.338384,283,3635.35662
1166.198851,306,3635.517653
698.434954,214,3635.626935
1045.707249,292,3635.772936
1156.236522,298,3635.921986
785.464757,235,3636.03996
1155.71341,298,3636.192731
1024.49352,291,3636.340299
1153.599977,297,3636.489513
1169.886485,304,3636.64409
742.364615,223,3636.759514
876.828221,263,3636.891534
985.931145,290,3637.037641
1162.143971,299,3637.191759
1286.661822,321,3637.355341
1388.153256,335,3637.524242
863.235296,257,3637.653588
1451.032062,356,3637.832813
879.418846,266,3637.968174
1154.62254,298,3638.118301
1174.826292,300,3638.269123
1010.165118,290,3638.414871
1153.670417,299,3638.566735
1444.368943,339,3638.741661
1026.759137,291,3638.888109
1198.505239,308,3639.85889
731.567702,213,3640.017532
943.428669,230,3640.18922
656.814101,176,3640.321751
1272.702697,287,3640.535869
919.66516,227,3640.705379
997.781169,246,3640.89056
929.303406,231,3641.064505
1056.0954,270,3641.310514
1020.138782,285,3641.454738
1071.918914,287,3641.600511
1051.868524,274,3641.745191
1050.783255,270,3641.908515
1051.852679,274,3642.070672
1027.590103,282,3642.242235
1040.154644,282,3642.411121
1060.733184,288,3642.583398
1057.181244,286,3642.75525
1047.026666,277,3642.920479
1022.075094,284,3643.089623
1053.714162,270,3643.2505
1016.63541,282,3643.420344
1035.97588,286,3643.591344
1021.037702,285,3643.750514
1060.921547,287,3643.902483
1042.016298,284,3644.045046
1065.433371,287,3644.189044
1032.056736,281,3644.330128
1032.389949,284,3644.47252
1037.124321,278,3644.61368
1031.817297,283,3644.755421
1048.799537,277,3644.896503
1038.207612,278,3645.038815
1056.415053,280,3645.180405
1073.204555,288,3645.324489
1032.992665,283,3645.469282
982.179015,279,3645.616417
1021.891618,283,3645.766765
1054.661394,272,3645.905588
1061.229837,283,3646.047137
1023.252093,281,3646.187807
1043.992978,273,3646.325469
1032.255674,284,3646.467917
1046.903382,275,3646.605807
1036.483948,283,3646.753809
1026.420289,284,3646.906126
1032.071183,281,3647.047797
1051.041626,272,3647.18392
1055.766575,268,3647.32329
994.495901,280,3647.471113
1016.37107,282,3647.61428
1057.583482,287,3647.757743
1045.330663,276,3647.895758
1042.505865,274,3648.032716
1065.890501,286,3648.177088
1036.317005,285,3648.320538
1065.687908,286,3648.479704
1026.206867,280,3648.642982
889.459344,262,3649.639323
1073.849603,283,3649.892533
1066.767071,253,3650.152859
1126.499329,261,3650.378091
1324.345653,298,3650.631618
812.01281,224,3650.81852
1154.292233,263,3651.036506
1218.885843,302,3651.394556
1221.677773,297,3651.575728
1123.69821,291,3651.757616
968.517637,253,3651.898859
917.067772,238,3652.041059
802.684624,224,3652.169384
1064.409993,248,3652.311468
967.061776,251,3652.453438
848.190961,225,3652.582577
1131.506932,272,3652.737655
836.995182,222,3652.864507
1178.644182,290,3653.029294
789.640724,218,3653.154589
1156.402141,278,3653.312757
837.484468,231,3653.444195
755.03662,214,3653.563139
1152.458028,285,3653.711915
1144.38592,273,3653.849701
1097.593119,267,3653.984602
1125.747557,271,3654.121781
1133.254458,284,3654.264536
816.710978,221,3654.377508
1171.796864,287,3654.521466
1160.725532,281,3654.665029
1136.609459,272,3654.804113
1568.745853,329,3654.969317
1152.049778,286,3655.11327
1063.394872,272,3655.250098
1138.11409,287,3655.39525
1078.686347,264,3655.528499
1054.938637,270,3655.664242
1096.793412,265,3655.797388
1172.184998,286,3655.945679
847.937332,232,3656.082999
1162.434122,287,3656.251988
1187.969589,292,3656.409512
905.604551,237,3656.529688
883.341319,232,3656.646142
1037.607106,278,3656.785369
1175.676235,290,3656.930823
1401.55237,324,3657.094453
1064.995997,273,3657.252971
860.451107,225,3657.387941
1162.770253,282,3657.552631
1167.548135,288,3657.697831
1159.580391,286,3657.843514
855.165375,229,3657.958718
1064.770243,272,3658.09527
1064.758749,274,3658.232311
843.247145,228,3658.350718
925.935469,224,3659.241643
1029.235244,241,3659.422113
1104.421841,267,3659.621412
1052.793137,269,3659.821454
806.941715,260,3660.015844
1050.752848,252,3660.202825
1005.881482,267,3660.408544
931.120965,234,3660.586679
1048.369583,281,3660.766572
1048.891856,282,3660.908137
1057.732873,279,3661.047959
1150.893608,278,3661.188272
1159.628358,279,3661.328691
1059.73797,278,3661.469722
1066.581436,278,3661.611355
1052.983857,280,3661.752801
1157.013187,284,3661.895606
1067.542003,279,3662.038372
1153.45655,279,3662.179824
1051.201562,280,3662.326997
1068.762904,280,3662.48101
1051.340951,280,3662.623336
1169.714046,284,3662.766735
1150.550356,284,3662.912975
1149.439878,277,3663.053796
1096.376566,280,3663.195972
1052.739928,279,3663.336989
1155.053051,275,3663.477305
1111.94144,281,3663.621743
1150.713386,278,3663.765517
1150.972651,278,3663.907357
1133.030957,282,3664.049996
1086.719809,278,3664.190409
1121.72985,281,3664.333272
1051.198921,280,3664.474176
1058.703658,282,3664.616097
1042.178434,280,3664.757324
1058.407469,278,3664.899635
1041.544277,278,3665.040814
1054.166622,280,3665.182449
1104.492765,280,3665.325663
1180.226524,285,3665.472542
1063.584225,280,3665.616638
1078.023949,278,3665.757632
1133.136151,282,3665.901981
1058.840303,280,3666.044436
1150.042353,276,3666.186354
1125.748375,282,3666.328271
1161.146734,283,3666.470984
1159.160307,279,3666.611635
1078.604662,279,3666.754859
1152.331762,276,3666.89409
1079.010844,279,3667.052946
1084.600404,278,3667.217611
1069.577576,278,3667.37732
1159.991299,280,3667.523932
1072.395947,280,3667.667809
1048.193407,281,3667.809339
1114.513532,278,3668.717936
1538.904368,288,3668.931771
1124.950907,240,3669.112241
1223.248655,258,3669.304974
987.802056,234,3669.479439
1023.466871,237,3669.655764
935.835235,218,3669.820638
895.793569,240,3669.999126
969.626329,206,3670.155794
830.807634,205,3670.259783
974.810598,205,3670.370636
1123.866046,262,3670.518624
903.310363,200,3670.638093
1076.681741,239,3670.795152
927.874064,212,3670.92526
947.916501,211,3671.045197
914.157354,200,3671.158135
751.228475,188,3671.264189
934.514634,202,3671.378704
938.653152,203,3671.495491
890.749446,196,3671.606762
901.0798,198,3671.718677
896.98905,198,3671.830891
910.321552,199,3671.94691
1066.087176,239,3672.091385
725.371069,188,3672.206354
989.85663,225,3672.340648
874.184032,200,3672.455932
963.306601,205,3672.562234
831.196534,205,3672.668812
991.153532,208,3672.773184
943.524629,216,3672.881469
1177.974644,256,3673.010263
1134.266588,252,3673.136626
858.803944,200,3673.236888
1145.597884,264,3673.371688
901.542134,199,3673.471636
892.953414,199,3673.575148
708.784846,185,3673.673615
900.708177,200,3673.775631
904.739888,199,3673.889925
924.981549,201,3673.990093
985.041236,225,3674.102046
827.706271,204,3674.204006
935.543975,202,3674.308612
952.397503,205,3674.425823
817.258329,205,3674.545686
919.614483,210,3674.664884
684.202434,182,3674.775203
871.683965,204,3674.891614
914.93969,200,3675.010365
1164.937312,254,3675.15463
992.885699,209,3675.273355
1120.253801,255,3675.417664
919.42304,210,3675.53766
1033.269723,214,3675.659533
932.294156,212,3675.780668
846.380379,202,3675.895086
668.691113,175,3676.775318
1011.759455,254,3676.977495
694.895204,193,3677.120507
981.43405,270,3677.323875
1383.592362,266,3677.522122
703.719127,190,3677.66348
1542.341636,306,3677.892441
1260.097051,286,3678.107172
993.410333,256,3678.329094
947.672597,251,3678.456302
1062.848632,267,3678.592349
1054.22035,263,3678.725177
1075.006671,269,3678.86099
1066.764066,268,3678.999174
1024.042468,260,3679.133406
981.78886,276,3679.289401
868.762623,241,3679.425425
953.402677,252,3679.567741
1047.515826,264,3679.718021
859.852684,238,3679.854088
849.108185,236,3679.998487
1070.673017,269,3680.153143
1063.970968,265,3680.303234
962.512415,252,3680.44565
1049.269174,263,3680.596919
1075.6426,269,3680.748892
1048.05654,263,3680.898683
1078.565334,271,3681.051774
1065.473021,267,3681.203299
888.98126,244,3681.334023
1073.692075,269,3681.470194
857.79168,239,3681.58977
1074.306979,270,3681.725752
1055.197129,265,3681.859669
991.242205,256,3681.988883
1037.737487,261,3682.121226
1054.151115,264,3682.253395
885.346126,241,3682.3751
842.299331,236,3682.492999
1045.15531,263,3682.624407
942.704656,250,3682.750039
1165.669247,298,3682.899209
877.806344,240,3683.020146
1052.176438,264,3683.152668
1014.55539,257,3683.282602
1005.350776,258,3683.411903
1062.979179,265,3683.545039
1025.141218,260,3683.678842
880.712991,242,3683.803583
1080.887004,269,3683.942447
848.236366,236,3684.063607
1074.944542,287,3684.211079
1073.108231,268,3684.346014
897.442165,244,3684.474439
1079.997251,271,3684.639062
1046.35361,262,3684.811973
870.644348,242,3684.975552
962.649584,253,3685.130095
851.893401,231,3686.221417
743.737148,209,3686.42042
1055.897478,238,3686.619484
854.081789,218,3686.816484
1281.756222,253,3687.041233
1209.570513,271,3687.261714
1030.868231,266,3687.459372
963.539649,218,3687.622222
1471.807178,314,3687.89834
1444.217916,311,3688.054298
1308.243279,295,3688.209331
1329.681342,295,3688.372286
1953.601644,369,3688.559874
1252.150499,280,3688.699914
2001.032741,373,3688.887835
1299.545321,295,3689.034531
1255.814392,275,3689.176619
1292.034636,286,3689.319028
1308.684377,296,3689.466397
1322.903085,298,3689.614959
1336.784594,301,3689.766488
1494.878198,315,3689.923891
1292.668896,285,3690.071146
1291.262914,286,3690.241729
1970.013427,371,3690.459764
1305.537667,295,3690.640445
1250.177876,280,3690.791907
1325.81131,295,3690.942702
1326.370816,295,3691.092336
1905.520501,355,3691.271191
1222.449621,272,3691.409798
1346.863687,304,3691.568769
1319.868154,296,3691.716948
1450.813128,312,3691.886532
1428.919955,310,3692.067513
1234.237368,281,3692.230648
1304.63771,289,3692.394931
2104.195743,378,3692.611479
1302.921142,295,3692.784169
1308.337816,289,3692.947751
1255.642078,288,3693.110604
1326.19419,291,3693.275464
1322.012778,293,3693.455092
1436.053483,310,3693.637763
1306.375259,295,3693.795124
1887.135364,350,3693.97506
1413.334485,309,3694.134076
1228.376409,276,3694.273965
1303.209066,286,3694.417144
1322.990179,296,3694.566495
1342.38987,301,3694.718998
1320.416105,296,3694.869282
1288.587091,296,3695.019503
1949.871467,363,3695.202957
1265.968819,291,3695.350715
2059.305949,377,3695.542358
1316.890524,292,3695.689789
1328.217916,293,3695.838568
1343.689621,297,3696.840162
1512.027833,263,3697.060004
962.025686,247,3697.25152
1030.281826,278,3697.482505
898.989224,228,3697.653788
1272.482431,269,3697.858248
916.40318,236,3698.038551
1174.825914,243,3698.355962
1359.360857,266,3698.488872
1357.221032,264,3698.6231
1352.734444,263,3698.757258
1350.346713,263,3698.891847
1368.132243,266,3699.024948
1062.761054,233,3699.141926
1359.058094,265,3699.274683
1065.696936,233,3699.393656
1070.205578,234,3699.52231
1089.493256,235,3699.659372
1191.136466,245,3699.803695
1089.291141,237,3699.941241
1067.160325,233,3700.079158
1364.945565,265,3700.234689
1094.156153,237,3700.353832
1352.790989,264,3700.487002
1057.019579,232,3700.605748
1074.524671,235,3700.723809
1358.800736,266,3700.857033
1101.139731,238,3700.977265
1335.576728,261,3701.109741
1251.547295,251,3701.237694
1367.922226,266,3701.375087
1032.771682,230,3701.494147
1094.368712,236,3701.617959
1353.232323,264,3701.751863
1276.717621,254,3701.879913
1359.108923,265,3702.012568
1099.171176,236,3702.131176
1177.239646,244,3702.255682
1313.394357,258,3702.391792
1366.680801,266,3702.529409
1167.408028,245,3702.65334
1364.55812,266,3702.787854
1316.065467,259,3702.917583
1091.097214,235,3703.048944
1361.754271,266,3703.204977
1090.799327,235,3703.344137
1363.306342,265,3703.479535
989.059818,227,3703.593505
1211.765495,247,3703.720697
1121.650022,239,3703.844701
1083.76789,236,3703.968051
1123.219994,240,3704.090007
1089.746906,235,3704.209882
1025.118277,230,3704.325293
1117.572741,238,3704.446609
1082.887348,235,3704.566072
1096.165406,236,3704.684534
1143.330198,249,3705.580698
721.850684,199,3705.731421
852.749394,217,3705.912996
1329.328662,286,3706.152609
1481.742461,277,3706.388105
1259.750545,278,3706.620067
1082.5841,275,3706.852513
1000.340951,239,3707.051491
1196.061373,262,3707.237651
1138.553106,254,3707.387525
1126.252611,252,3707.530575
1105.276964,250,3707.660324
1189.63784,260,3707.791148
808.771737,220,3707.903045
1148.502363,255,3708.031729
954.702773,234,3708.162311
726.498135,209,3708.281841
1017.929593,240,3708.422733
1159.580465,256,3708.572042
752.416922,213,3708.693408
1168.316924,257,3708.841858
936.537649,233,3708.977224
1159.047073,256,3709.12661
1132.834326,253,3709.271154
719.233493,207,3709.391804
1197.070128,268,3709.544031
726.898391,209,3709.664666
1043.138893,244,3709.808179
1091.05559,248,3709.952822
740.291077,211,3710.073056
940.251144,234,3710.206195
774.987602,216,3710.330568
719.321979,207,3710.449655
782.462731,217,3710.56811
1177.782112,259,3710.703775
1043.00692,242,3710.841788
1114.576741,251,3710.985476
923.908494,232,3711.117718
1179.682377,259,3711.267873
1180.345733,259,3711.415051
1047.168508,244,3711.546423
732.121111,210,3711.653288
972.446329,237,3711.774492
767.902219,216,3711.88559
1169.495473,257,3712.021493
1190.082802,266,3712.156325
836.116132,222,3712.270589
721.323196,208,3712.377578
827.950109,221,3712.488587
738.631404,211,3712.595963
1020.836002,242,3712.723613
1123.82352,251,3712.858302
735.452631,210,3712.967219
1159.514234,256,3713.098567
1207.359723,265,3713.232691
1041.287806,244,3713.356393
1089.436265,248,3713.48494
951.749949,235,3713.606268
727.698675,208,3714.499399
652.522024,175,3714.630751
847.569356,220,3714.795638
1332.933893,251,3714.98335
785.50148,223,3715.155634
1196.307542,268,3715.364394
989.267194,271,3715.576404
973.752353,237,3715.761692
1232.665875,304,3716.078811
1038.721495,283,3716.221022
1041.350294,279,3716.363089
1040.67802,279,3716.512788
1051.647547,283,3716.663113
1025.194767,288,3716.815323
1029.842379,282,3716.961684
1043.213764,280,3717.109284
1041.753468,280,3717.257479
1042.358533,282,3717.406161
1046.185094,283,3717.55532
1202.39359,299,3717.712974
1138.422595,291,3717.8652
1182.996986,297,3718.014898
1030.047319,288,3718.160141
1044.664111,281,3718.301795
1036.529919,283,3718.445379
1043.854119,280,3718.586992
1043.570294,280,3718.727609
1141.136293,289,3718.873806
1044.077982,281,3719.016747
1042.555866,281,3719.161597
1025.221526,289,3719.31052
1026.214927,289,3719.459367
1013.293,287,3719.607421
1040.660662,279,3719.747944
1043.020798,280,3719.888895
1051.268728,281,3720.030149
1050.54593,281,3720.172613
1266.747714,309,3720.329158
1051.480242,282,3720.471291
1294.774443,313,3720.628932
1049.674983,280,3720.769276
1044.379329,280,3720.911856
1051.822004,281,3721.053363
1051.258818,280,3721.196956
1038.577538,283,3721.342981
1020.636843,284,3721.488873
1059.952494,297,3721.638154
1248.78279,321,3721.800379
1048.941533,280,3721.941772
1273.390454,309,3722.127112
1044.476704,281,3722.294407
1019.81878,284,3722.44742
1053.348812,281,3722.612518
1028.789048,284,3722.769396
1043.237833,280,3722.910863
1023.72518,286,3723.058351
1043.293476,280,3723.207652
1061.999448,301,3723.366267
1194.987703,306,3724.301407
1138.182933,281,3724.550862
1114.710402,240,3724.739371
1354.648167,293,3724.957423
751.483218,187,3725.097173
619.142356,178,3725.230056
986.89789,255,3725.420258
979.471947,268,3725.62085
1396.666559,278,3725.804728
1064.059009,258,3725.938121
1377.487324,280,3726.082342
1399.265875,278,3726.225334
1416.076096,275,3726.363147
1264.161997,273,3726.501564
1190.950978,269,3726.637026
1393.716078,279,3726.784111
1375.452223,282,3726.933135
1401.690634,278,3727.08004
1422.297014,277,3727.226362
1318.776642,279,3727.371757
1421.478021,277,3727.511899
1396.344016,279,3727.652201
1396.588831,278,3727.800102
1385.113972,277,3727.942195
1410.713761,277,3728.08954
1391.129926,283,3728.239055
1297.325821,276,3728.380489
1296.990168,278,3728.529285
1375.53489,282,3728.695306
1076.762204,259,3728.847839
997.340065,252,3728.978961
1404.154291,278,3729.119357
1430.822729,273,3729.259291
1384.735959,279,3729.398923
1404.438331,277,3729.551937
1419.859796,277,3729.709811
1069.040189,258,3729.842535
1384.400462,280,3729.983448
1286.443496,276,3730.122096
1392.974545,279,3730.261748
1405.279265,277,3730.403149
1397.284289,283,3730.545775
1382.001661,281,3730.686301
1422.576258,277,3730.825264
1401.505929,279,3730.965314
1386.8768,280,3731.107883
1383.413585,279,3731.248219
1384.923287,280,3731.409669
1329.877043,278,3731.559789
1395.551339,279,3731.701389
1108.002421,261,3731.844408
1406.391769,276,3732.003747
1337.908285,279,3732.165046
1244.105453,273,3732.321772
1421.098837,274,3732.479114
1413.774955,276,3732.649163
1391.766235,277,3732.809332
1420.583782,275,3732.968467
1115.92717,254,3733.961036
1125.471166,290,3734.209777
1456.494471,283,3734.460674
786.544305,232,3734.6569
1006.194696,251,3734.85516
1151.329816,256,3735.078929
1347.716028,271,3735.362191
571.779592,169,3735.648721
583.624717,171,3735.745243
633.173924,185,3735.848536
626.42566,183,3735.950692
587.440476,172,3736.048123
587.384118,172,3736.16054
662.630353,191,3736.283684
650.712626,187,3736.404478
583.988529,171,3736.507779
597.108313,174,3736.604061
569.233875,168,3736.692916
598.215751,175,3736.78329
649.072421,192,3736.883944
632.248741,184,3736.980683
655.508504,195,3737.092026
535.725107,162,3737.179659
564.198218,167,3737.273566
643.294209,190,3737.379075
615.405848,181,3737.483226
606.580487,178,3737.586635
582.535561,171,3737.678571
613.981392,180,3737.774201
528.584202,160,3737.862108
643.930521,189,3737.968411
590.144766,173,3738.086167
643.972725,190,3738.221635
618.547752,180,3738.345916
558.003205,166,3738.459822
643.375509,191,3738.597874
599.754869,175,3738.709691
574.079602,169,3738.809094
616.491222,180,3738.915195
583.073619,171,3739.008315
622.858912,183,3739.10078
574.305826,169,3739.185686
552.71409,165,3739.268124
584.826909,171,3739.354016
588.491276,172,3739.446016
631.345006,185,3739.551062
588.832894,172,3739.670861
629.683984,185,3739.804862
602.483268,176,3739.924427
623.90926,183,3740.034168
605.955917,178,3740.136711
587.666209,172,3740.235874
639.789917,188,3740.343204
567.286756,168,3740.438451
584.643616,171,3740.535445
646.160775,192,3740.643963
614.372878,180,3740.745509
447.156251,146,3741.580989
1283.967355,291,3741.798234
1046.056451,251,3741.98769
1291.531792,294,3742.211012
907.264114,235,3742.395757
981.567605,240,3742.608266
1002.913359,237,3742.811661
1505.949218,290,3743.066388
746.420601,211,3743.238601
959.918794,234,3743.359671
1012.713429,240,3743.485788
986.60923,241,3743.609043
735.061364,210,3743.714844
973.047597,236,3743.833982
1014.24466,248,3743.959215
841.830428,224,3744.073264
1023.264784,248,3744.198057
1012.626638,244,3744.321473
986.639893,238,3744.443027
834.229532,221,3744.567298
1016.876303,245,3744.714055
1004.404273,243,3744.851994
1006.556146,241,3744.988212
992.476738,248,3745.128176
880.128363,227,3745.257297
984.171782,245,3745.396651
911.103971,231,3745.527618
829.296814,221,3745.652812
1025.472665,244,3745.791228
809.893857,223,3745.918396
980.963328,236,3746.051804
1014.286826,247,3746.192724
1033.256883,247,3746.329266
970.09881,236,3746.452664
981.82946,237,3746.571936
970.122995,235,3746.689619
1006.543934,248,3746.814164
1024.268174,245,3746.936722
1023.050305,246,3747.06167
808.575757,220,3747.171729
868.207674,225,3747.28391
971.654347,236,3747.401673
982.334588,246,3747.524574
949.447525,234,3747.642428
949.339207,234,3747.759658
1014.698826,244,3747.881766
926.66694,231,3747.997303
979.168242,237,3748.115795
1018.291624,244,3748.242988
970.723921,236,3748.380298
990.949582,246,3748.522262
962.103517,236,3748.657806
821.042522,226,3748.788074
953.148788,236,3748.923805
839.686028,224,3749.051572
1024.277019,248,3749.19353
968.745217,235,3749.33064
780.460264,221,3749.461096
611.051849,182,3750.384342
1020.777267,266,3750.606822
1069.260108,252,3750.821256
1147.401382,244,3751.025229
641.410598,185,3751.179237
789.142855,209,3751.353839
1073.724238,251,3751.564177
1350.722028,283,3751.808729
940.693323,210,3752.093756
682.702296,185,3752.203327
656.314422,181,3752.307495
976.586103,219,3752.432102
1120.217737,239,3752.568481
958.159721,213,3752.689549
681.910079,186,3752.795682
652.532327,180,3752.897816
691.396798,184,3753.001957
896.88139,200,3753.116735
1137.597513,263,3753.263371
786.614752,198,3753.366721
721.324341,194,3753.46524
1145.805012,259,3753.596029
741.522355,188,3753.702166
1154.783537,263,3753.858785
661.945851,179,3753.964824
1029.432193,226,3754.088773
1155.103001,242,3754.210439
850.943523,200,3754.311952
813.397067,194,3754.409587
907.221018,205,3754.513214
1150.05804,262,3754.64749
921.086192,206,3754.75149
641.86464,177,3754.840289
680.014027,184,3754.933061
657.489005,181,3755.023876
926.711677,207,3755.128343
736.687723,190,3755.226141
833.923509,198,3755.326791
828.534161,196,3755.425581
995.199032,223,3755.53878
687.144462,179,3755.628626
663.508661,182,3755.719866
911.907324,210,3755.833515
1153.245146,265,3755.990986
820.426107,202,3756.110642
682.76879,186,3756.215595
652.315279,180,3756.306034
979.43522,220,3756.417728
765.65049,196,3756.516236
736.462703,192,3756.612844
653.834115,179,3756.703161
690.137833,187,3756.804467
1147.637669,265,3756.946188
647.192687,180,3757.038372
964.510787,218,3757.148031
634.22985,174,3757.235295
680.32955,180,3757.329184
898.980377,202,3757.435165
607.355487,172,3758.281695
1023.976396,239,3758.460485
1031.664219,265,3758.658008
227.509717,101,3758.734065
1316.588753,280,3758.944044
826.135446,221,3759.109168
660.42966,196,3759.256305
931.61281,244,3759.440347
575.860003,167,3759.565279
440.991165,150,3759.677298
1222.003568,256,3759.828171
1291.781442,261,3759.960212
1162.46603,254,3760.089519
1174.186819,253,3760.217221
1201.713638,256,3760.347632
1164.38063,252,3760.474955
1178.408017,257,3760.607974
1275.612988,261,3760.739764
1197.909122,258,3760.869492
1378.42179,277,3761.008421
1183.242985,258,3761.138618
1163.985947,256,3761.268896
1191.693014,257,3761.398879
1181.382426,255,3761.530001
1301.282891,269,3761.668373
1273.74355,269,3761.823052
1236.297783,257,3761.969803
1290.952959,269,3762.128701
1276.373992,261,3762.279819
1171.327777,257,3762.43198
1285.840439,266,3762.591899
1162.237012,252,3762.738498
1293.484306,265,3762.89633
1271.861348,269,3763.056811
1168.957288,255,3763.208033
1150.372639,251,3763.354097
1265.992833,268,3763.523169
1282.538675,261,3763.696686
1204.896335,256,3763.865791
1282.816726,269,3764.017776
1203.955589,258,3764.1597
1142.707867,249,3764.288474
1176.133336,252,3764.415144
1264.583615,265,3764.547552
1271.128773,268,3764.702206
1176.832189,254,3764.849995
1245.615817,259,3764.996264
1140.969855,249,3765.120469
1161.567864,254,3765.248034
1126.966086,253,3765.374038
1214.658391,260,3765.503645
1164.09374,254,3765.631062
1161.13895,254,3765.758056
1162.491124,253,3765.88467
1290.945872,268,3766.021779
1236.50718,260,3766.154674
1169.196015,251,3766.281764
1167.001817,252,3766.407541
1153.622568,254,3766.535061
1268.709183,269,3766.669277
1234.39073,263,3767.58041
1118.578921,271,3767.781511
1047.399748,230,3767.951344
1097.292695,270,3768.151928
959.571079,236,3768.326384
2086.87151,373,3768.601659
1049.154745,229,3768.770682
969.498792,218,3769.022737
976.417939,217,3769.131025
978.898752,218,3769.241026
1017.616719,228,3769.354563
973.552726,219,3769.463437
965.080242,216,3769.571026
1015.248347,228,3769.684797
1009.089164,230,3769.800409
996.070988,225,3769.912472
1007.961875,228,3770.025943
988.542423,220,3770.136324
1019.96156,228,3770.250808
974.941613,217,3770.361306
1025.495956,230,3770.477041
978.174819,218,3770.585353
1009.297607,229,3770.699291
964.994696,217,3770.807608
1017.749171,230,3770.922173
980.235067,218,3771.03178
967.995193,216,3771.139282
968.876518,222,3771.24989
996.320633,225,3771.362833
974.733474,220,3771.472579
1015.232928,229,3771.587749
997.042946,226,3771.700107
985.186651,221,3771.811072
966.218099,216,3771.919407
979.161688,218,3772.030569
974.002636,217,3772.140668
964.111154,216,3772.249609
1003.534851,229,3772.363293
1031.369552,231,3772.478055
1019.898732,228,3772.592148
977.881388,218,3772.700369
976.896275,220,3772.810504
1004.183725,229,3772.924244
976.69623,218,3773.032505
953.035045,215,3773.139377
1010.831086,230,3773.254012
965.934477,222,3773.364662
999.115058,222,3773.476003
1024.865257,231,3773.591067
980.923933,219,3773.700987
963.394402,219,3773.810683
1005.536208,227,3773.938951
983.457462,219,3774.056651
1008.610875,228,3774.170152
841.720879,204,3774.271848
981.81063,220,3774.386329
1011.775702,228,3774.506327
827.949231,206,3775.372186
2031.870632,367,3775.657914
651.431015,185,3775.794049
1538.878271,286,3776.010175
877.106721,234,3776.187236
742.765915,184,3776.322911
1075.47937,278,3776.532094
1052.951162,235,3776.711758
891.350444,241,3776.909969
890.624014,240,3777.034074
928.371264,244,3777.156949
882.710171,237,3777.27547
967.277775,259,3777.404281
954.006122,253,3777.531986
952.514516,249,3777.656473
949.039996,255,3777.783916
922.874145,248,3777.908091
1108.534977,287,3778.055557
955.616636,253,3778.188643
959.952096,246,3778.311718
908.410124,242,3778.432725
969.077271,269,3778.569762
1233.443783,302,3778.729038
960.58316,249,3778.861672
755.269257,228,3778.982617
976.916979,250,3779.114456
956.790516,262,3779.246337
973.119073,262,3779.377696
967.106521,250,3779.5116
1199.629678,300,3779.684166
920.953355,249,3779.829263
930.955551,255,3779.964842
965.096542,266,3780.121587
849.385418,239,3780.261994
963.008115,254,3780.403596
919.656061,245,3780.542793
1242.497955,305,3780.700681
974.95738,264,3780.83398
975.182184,265,3780.968691
1038.22097,281,3781.108791
970.910741,257,3781.236615
949.338652,250,3781.36515
951.004165,253,3781.507215
950.694173,251,3781.654756
1056.338412,269,3781.814339
947.218406,252,3781.941895
910.237149,242,3782.06559
934.140794,255,3782.203102
954.702758,252,3782.348765
950.507894,257,3782.499916
966.940858,250,3782.643378
967.687857,247,3782.787694
963.946662,256,3782.937951
949.837784,259,3783.088018
953.070279,254,3783.240443
899.385925,241,3783.386374
958.981117,255,3783.534175
1063.650016,270,3783.685812
672.441769,202,3784.60278
842.785367,202,3784.753423
1105.533224,257,3784.943467
1130.237133,262,3785.169599
1115.577814,272,3785.406674
1090.478988,255,3785.596724
1271.538758,266,3785.792526
1203.663503,262,3785.985254
1127.965566,275,3786.219417
1138.806404,273,3786.37554
1272.228956,279,3786.544534
1135.994642,274,3786.700953
1131.708815,274,3786.865518
1181.535434,265,3787.018428
1258.925939,271,3787.176004
1375.93512,276,3787.333027
1331.448261,272,3787.492147
1139.94409,276,3787.662908
1167.59119,274,3787.849304
1140.930464,272,3788.03629
1279.41045,273,3788.22824
1154.227759,275,3788.410776
1129.164926,275,3788.589753
1136.602503,274,3788.769071
1139.411723,275,3788.925768
1138.922236,273,3789.070026
1026.519113,252,3789.19704
1105.283254,258,3789.328302
1132.203587,276,3789.491581
1240.650521,277,3789.652465
1194.668667,267,3789.808072
1301.017762,281,3789.951298
1360.449004,276,3790.090821
1210.13421,274,3790.228603
1147.630351,273,3790.368175
1324.889918,269,3790.523052
956.121606,246,3790.665153
1135.634348,274,3790.826966
1136.634221,275,3790.987077
1189.194937,275,3791.13113
1157.478006,275,3791.273662
1131.324374,274,3791.415718
1232.909871,278,3791.55553
1327.776215,276,3791.694238
1256.704704,262,3791.832047
1315.120441,269,3791.970523
1151.091092,273,3792.118514
888.153727,238,3792.255128
1131.236373,275,3792.415419
1383.657504,277,3792.576174
1139.41726,273,3792.732326
1377.39803,276,3792.891384
1172.149099,264,3793.046859
1335.274515,277,3793.201278
1176.391965,277,3793.342349
1338.689019,277,3793.485063
1315.59489,283,3793.631564
1242.86974,270,3793.767205
1337.257209,266,3794.67306
1356.265276,305,3794.901325
1026.050382,268,3795.100813
624.843421,169,3795.226577
853.575711,249,3795.41327
1003.491011,248,3795.597723
969.756457,234,3795.801239
1062.26982,267,3796.040682
1075.68734,270,3796.223211
1053.384749,268,3796.358263
1096.609268,271,3796.494533
863.698002,226,3796.608494
1053.354067,270,3796.748694
953.456428,237,3796.87632
1073.289661,268,3797.037189
997.921298,243,3797.179247
959.829492,237,3797.314407
908.765729,232,3797.448465
1302.801078,286,3797.609914
1044.403322,267,3797.760941
1234.854443,277,3797.909342
903.022429,230,3798.027516
930.919858,234,3798.146697
994.145103,242,3798.270101
1043.24328,266,3798.405395
940.156392,235,3798.527528
1238.852761,277,3798.671415
1214.70974,271,3798.814316
903.093173,231,3798.932633
953.132831,237,3799.054124
1021.39736,246,3799.198854
961.88097,238,3799.337548
1061.988954,267,3799.491601
1058.411547,267,3799.643087
982.293806,240,3799.780506
951.799063,237,3799.916971
943.526476,236,3800.058264
1089.087501,271,3800.219587
1009.868478,245,3800.36216
881.442715,228,3800.493
1082.039516,268,3800.645452
925.351641,233,3800.77949
941.525367,236,3800.916838
1032.580327,265,3801.066963
852.221743,225,3801.19032
976.097598,240,3801.313879
930.949183,235,3801.433487
1027.216664,264,3801.566451
1012.444871,266,3801.714983
1022.977782,247,3801.861846
1030.182635,266,3802.01694
944.488061,236,3802.137315
928.352169,234,3802.255017
1040.879371,268,3802.389469
891.868794,230,3802.504917
953.241984,237,3802.62516
866.147094,226,3802.739053
908.027224,231,3802.855959
941.94402,235,3803.717078
1239.503015,265,3803.914929
604.591137,175,3804.044309
1057.391071,282,3804.253561
785.824558,225,3804.423413
920.804699,231,3804.603742
1324.072184,295,3804.825137
960.172382,240,3805.004891
1055.521821,271,3805.231783
1032.085448,272,3805.371887
1035.623131,272,3805.510786
1251.613651,280,3805.652108
1254.901813,279,3805.793738
1034.108941,271,3805.932913
1210.029954,277,3806.073423
1273.150486,280,3806.214561
1487.507834,295,3806.363164
1055.440822,266,3806.497041
1030.26634,265,3806.631561
1090.848648,271,3806.768651
1034.12914,272,3806.914225
1223.431183,278,3807.058136
1049.216565,271,3807.204317
1257.047493,279,3807.351193
1499.616283,297,3807.511518
1058.198123,268,3807.656964
1047.050851,270,3807.803719
1109.992801,270,3807.948603
1032.625895,269,3808.095531
1067.651074,267,3808.247751
1039.75493,275,3808.403464
1208.157973,276,3808.560436
1065.169377,271,3808.713673
1031.309869,273,3808.867958
1417.986671,291,3809.032033
1039.754434,269,3809.184277
1032.251921,268,3809.336328
1032.041116,273,3809.491708
1495.28557,296,3809.658656
1254.81917,279,3809.821011
1039.184623,273,3809.974578
1271.302308,280,3810.123602
1197.682383,276,3810.279572
1032.400496,269,3810.433995
1052.057964,269,3810.587517
1281.128032,280,3810.748922
1039.207256,273,3810.908206
1090.769358,268,3811.060782
1039.244981,279,3811.219495
1194.064544,276,3811.376752
1161.946355,273,3811.534266
1047.363597,267,3811.688127
1460.978449,293,3811.85968
1255.273793,278,3812.017558
1441.852665,292,3812.184721
1254.007774,280,3812.343792
1246.822373,280,3812.50472
1032.316145,272,3812.663145
1028.144621,268,3813.683607
1383.083094,266,3813.908974
1003.913028,261,3814.141863
947.374053,229,3814.34125
1038.299827,254,3814.559018
2137.557006,391,3814.887282
1022.019913,233,3815.087585
1564.245317,283,3815.38776
732.395347,186,3815.494824
967.280144,222,3815.626969
1053.707225,236,3815.764809
768.163593,197,3815.87944
743.89072,189,3815.988351
2763.135665,419,3816.231845
1126.907832,240,3816.37633
762.781331,191,3816.48662
1039.48575,236,3816.62978
1094.578201,295,3816.804051
1553.256918,306,3816.982115
811.690179,199,3817.094048
1107.692415,236,3817.226484
806.679267,195,3817.339826
825.436928,203,3817.45412
1078.617672,380,3817.675052
823.891765,199,3817.787823
1333.904608,272,3817.944023
1410.563145,276,3818.104429
770.031794,197,3818.215714
1442.991895,316,3818.398251
804.581833,192,3818.503359
1048.462703,235,3818.627569
830.869543,198,3818.726755
835.085798,202,3818.82768
1006.151562,230,3818.947382
1139.82745,242,3819.071736
1004.607592,226,3819.185443
804.125791,202,3819.286219
1099.64132,241,3819.406548
1179.341127,298,3819.564395
1309.252439,268,3819.70552
1707.703375,327,3819.879006
774.485258,199,3819.983733
1012.296662,231,3820.105386
765.056701,195,3820.208581
1078.270197,234,3820.331071
732.496935,184,3820.428802
2149.859168,367,3820.622553
1502.072981,319,3820.790997
1100.267129,235,3820.915185
1123.196618,239,3821.043469
1068.05389,231,3821.167273
991.017283,273,3821.314425
732.82243,186,3821.415352
2038.977734,359,3821.60637
792.383414,197,3821.710223
736.573761,185,3821.807874
1692.700659,297,3821.96429
1187.591969,239,3822.906135
1225.430675,267,3823.128337
809.196403,208,3823.302992
877.434964,211,3823.47881
771.250618,204,3823.654108
1671.739683,339,3823.942759
1035.386062,235,3824.138624
633.554873,191,3824.296932
1159.262621,244,3824.556817
1056.120867,228,3824.671091
1161.100021,244,3824.793798
1081.966984,240,3824.914258
1161.6844,239,3825.034972
1153.773514,241,3825.157504
1186.483766,242,3825.27917
1142.720899,235,3825.403443
1082.136171,228,3825.536251
1104.295829,244,3825.680372
1166.294175,245,3825.819977
1120.390395,244,3825.958583
1037.636442,226,3826.082015
1161.480448,246,3826.211205
1172.276359,245,3826.335802
1201.074749,243,3826.458189
1052.882883,230,3826.574019
1119.466031,233,3826.691488
1172.867168,246,3826.819486
1164.273913,237,3826.942141
1147.213432,235,3827.060897
1161.424144,245,3827.184667
1032.659327,226,3827.300617
1141.948858,240,3827.427989
1170.446806,244,3827.557972
1042.449667,226,3827.678447
1176.058088,240,3827.802711
1187.234174,242,3827.927454
1023.196839,223,3828.045738
1028.957101,227,3828.16401
1176.821711,241,3828.289419
1164.846419,238,3828.410046
1192.42536,245,3828.53427
1090.369861,229,3828.651743
1182.988284,243,3828.780114
1166.969,245,3828.910136
1154.693346,241,3829.037779
1048.560482,229,3829.154405
1077.341339,240,3829.283713
1092.13377,232,3829.414759
1042.670824,231,3829.545329
1026.864582,228,3829.67627
1145.291171,236,3829.81315
1111.253765,231,3829.94571
1166.675065,238,3830.080282
1071.7362,238,3830.214269
1096.975253,230,3830.345231
1131.176816,234,3830.479553
1109.934979,232,3830.611102
1063.442974,229,3830.740994
1037.603065,235,3831.722293
1112.34471,261,3831.940585
914.391096,223,3832.126765
1058.13705,221,3832.3126
991.875231,247,3832.51893
1108.654403,277,3832.739257
1433.477221,333,3833.010799
651.071422,176,3833.141122
957.493011,269,3833.345013
961.128312,269,3833.481763
984.122104,271,3833.618245
963.297582,270,3833.754422
958.645995,269,3833.889023
982.274431,271,3834.025159
941.454351,274,3834.164074
967.934584,274,3834.301739
951.604458,273,3834.440058
932.315386,265,3834.576841
964.533666,269,3834.71563
943.647474,265,3834.849811
936.543757,260,3834.981142
964.888152,273,3835.119067
966.812548,270,3835.255765
960.079971,269,3835.392824
951.757779,267,3835.527975
958.565203,269,3835.664062
970.241278,271,3835.80126
946.92839,260,3835.943679
945.621265,258,3836.090239
969.824983,272,3836.245074
949.600459,267,3836.398765
937.374868,266,3836.550892
939.749623,264,3836.699611
948.979598,262,3836.858103
950.715977,262,3837.007146
940.678501,262,3837.160717
962.808604,272,3837.344922
952.807542,268,3837.525452
935.260367,271,3837.709031
970.844349,274,3837.868488
991.628384,273,3838.059422
976.987746,273,3838.246556
963.363952,269,3838.410121
947.292639,267,3838.570299
942.165942,265,3838.737417
952.244082,268,3838.904888
947.688906,272,3839.082191
959.272922,269,3839.253248
943.176651,266,3839.419307
943.355925,264,3839.581347
984.313515,271,3839.74658
979.884901,273,3839.924292
960.706592,276,3840.106679
970.677718,271,3840.297122
942.472035,266,3840.478024
940.48132,264,3840.654421
980.848723,271,3840.812135
973.276986,271,3840.960272
796.616357,210,3841.883431
661.592374,200,3842.049071
795.780106,207,3842.236338
919.257378,237,3842.442834
735.157076,197,3842.590411
1083.551609,238,3842.77572
899.783191,219,3842.96709
799.766992,212,3843.14824
776.446499,192,3843.308861
627.691008,192,3843.559198
619.169662,187,3843.65549
623.690339,191,3843.753482
629.203716,194,3843.851714
885.702235,268,3843.989968
622.741213,192,3844.102279
1014.882767,286,3844.256841
623.282751,193,3844.372992
620.904836,200,3844.490801
612.974551,185,3844.599892
731.145747,203,3844.718955
619.685693,199,3844.835569
731.499899,202,3844.953604
621.16081,193,3845.066098
1291.251512,339,3845.243637
624.262811,195,3845.341874
624.388698,195,3845.439943
1325.952775,323,3845.60334
624.345398,197,3845.707431
621.456107,192,3845.820768
766.359528,230,3845.936748
699.72863,198,3846.035949
745.189616,204,3846.139988
905.381213,255,3846.267829
623.618784,194,3846.364965
726.968685,203,3846.466901
1120.394165,299,3846.621233
622.048001,197,3846.736291
1578.908131,352,3846.915185
619.082585,196,3847.013355
625.709,194,3847.115498
714.775108,200,3847.233434
621.539491,190,3847.344922
716.916623,219,3847.472669
860.9445,245,3847.599866
616.817706,186,3847.707333
626.412048,194,3847.80778
618.909852,186,3847.903135
625.31374,193,3847.999832
626.300144,194,3848.097152
624.620733,190,3848.192355
823.432471,239,3848.312717
872.426628,248,3848.437496
774.827749,207,3848.543172
622.55898,195,3848.641193
621.74716,196,3848.739286
624.521438,194,3848.836337
623.451858,191,3848.932019
672.466302,209,3849.037033
760.197861,206,3849.147371
1563.595015,347,3850.132786
669.568377,194,3850.278533
1086.86472,275,3850.483524
1047.753171,253,3850.672503
1345.124256,345,3850.93243
1063.475886,231,3851.123532
709.537451,204,3851.298421
1306.447937,258,3851.672694
960.53905,219,3851.812116
935.279651,217,3851.940825
995.790718,224,3852.070912
958.290305,220,3852.199618
952.362767,218,3852.322777
1063.552922,232,3852.447674
1341.053592,261,3852.579567
1075.710354,233,3852.696175
947.144504,218,3852.805552
981.833978,222,3852.916894
1315.731497,259,3853.046741
991.13705,223,3853.158532
1063.03972,232,3853.275866
940.105058,217,3853.384562
992.723571,224,3853.496658
1322.193453,259,3853.626103
1250.935088,251,3853.753933
1083.561789,234,3853.887928
1003.50903,225,3854.024054
965.733819,221,3854.144255
1351.41525,264,3854.281708
950.168086,218,3854.392544
1333.54314,261,3854.526201
972.499661,221,3854.637685
986.345303,222,3854.754357
988.564904,223,3854.883284
1323.45161,259,3855.013205
952.316738,218,3855.12613
1324.504572,259,3855.25592
973.794897,221,3855.368719
970.592401,221,3855.482126
1077.540529,234,3855.600978
980.530827,222,3855.712144
1072.893311,233,3855.828966
960.298757,219,3855.939179
966.171191,220,3856.052138
1001.278692,225,3856.165582
966.528045,220,3856.276084
1004.106954,224,3856.390592
950.443909,218,3856.512925
980.308623,222,3856.627161
1222.937435,249,3856.764437
982.438485,222,3856.880194
957.659524,219,3856.991499
990.628132,223,3857.10742
993.576288,223,3857.219557
1108.745465,237,3857.339549
992.280476,224,3857.466738
1317.803155,259,3857.598528
1034.960062,234,3858.47599
1307.517112,294,3858.693
1132.339657,263,3858.886647
1144.162842,278,3859.092037
1032.160069,264,3859.287153
932.510862,228,3859.467882
1206.844047,262,3859.701508
1320.831747,250,3860.047577
1321.381835,253,3860.18304
1070.841511,223,3860.297945
822.553781,200,3860.410152
1314.252892,247,3860.546128
1012.556252,220,3860.665245
1310.077173,248,3860.795543
1278.056674,263,3860.931068
763.788396,190,3861.027571
803.044615,197,3861.135563
1307.954255,247,3861.27176
1223.721683,262,3861.434722
1286.419915,254,3861.577334
1316.242503,255,3861.738276
1277.102442,256,3861.881338
1257.807035,261,3862.048631
1330.684381,252,3862.215058
1317.6055,249,3862.362708
736.459211,185,3862.471543
1313.660866,249,3862.623312
1257.120757,254,3862.756102
1008.713563,241,3862.878482
1319.919158,250,3863.004353
965.348163,214,3863.111792
771.114305,191,3863.207816
1242.394219,239,3863.327851
1304.45958,246,3863.481053
1323.02649,249,3863.643602
1218.475735,237,3863.810538
990.807309,217,3863.95366
1313.448977,254,3864.113576
788.591146,195,3864.232078
991.290581,217,3864.357661
1304.15544,246,3864.526198
1309.539609,252,3864.706426
1236.707407,254,3864.88044
1312.338655,253,3865.051867
1302.671476,255,3865.216222
1198.539345,234,3865.36392
1320.430766,249,3865.526845
1295.959602,253,3865.705764
988.040442,239,3865.855961
1027.926806,221,3865.992005
1333.068646,252,3866.159863
766.786724,191,3866.304658
1286.38344,256,3866.476284
1123.716367,248,3866.62134
1326.237763,252,3866.779525
1332.213573,252,3866.931106
1319.420338,252,3867.074398
694.391847,179,3868.000499
588.312691,171,3868.138256
1018.039874,241,3868.317686
727.90705,187,3868.45632
848.003175,226,3868.624306
675.726771,190,3868.769963
1159.471313,267,3868.985949
1265.46322,284,3869.208582
870.318277,200,3869.365172
1239.315854,292,3869.608256
1222.670791,293,3869.764095
1250.210551,291,3869.933276
1216.442373,279,3870.096
1131.649732,264,3870.249482
1239.278341,285,3870.415373
1274.772825,291,3870.569052
1271.770887,289,3870.735222
1238.429079,292,3870.917069
1273.114941,290,3871.078706
1168.96254,270,3871.214447
1252.682345,289,3871.365943
1161.111523,268,3871.503815
1159.532838,267,3871.660139
1096.479641,260,3871.813283
1130.798394,264,3871.966755
1237.424101,284,3872.120513
1282.367584,292,3872.266453
1230.756428,282,3872.407399
1230.305868,283,3872.568426
1310.094918,295,3872.724772
1181.755739,271,3872.861014
1147.521411,267,3872.999747
1248.028042,290,3873.16827
1232.164209,281,3873.333976
1168.955438,270,3873.493005
1281.502855,291,3873.650993
1225.973266,279,3873.790436
1234.130974,288,3873.934423
1159.176316,268,3874.074084
1197.824587,275,3874.223273
1213.422188,279,3874.366885
1012.527934,251,3874.492507
1168.38879,269,3874.629807
1028.897577,253,3874.759361
1229.717136,283,3874.90258
1150.695721,267,3875.053318
1187.622771,272,3875.218281
1290.373522,293,3875.389381
1170.814831,270,3875.525725
1259.156288,289,3875.681124
1262.917169,293,3875.852395
1151.563779,267,3875.996557
1264.997825,289,3876.146525
1205.878613,276,3876.286433
1251.10566,293,3876.444995
1139.650095,265,3876.597856
978.360867,248,3876.744712
1149.836541,266,3876.900161
1270.949838,291,3877.056335
829.143904,234,3877.95016
729.423988,208,3878.105669
1006.867864,236,3878.288576
2352.133232,394,3878.602991
1040.837511,266,3878.827096
1003.281986,227,3879.027014
1222.722614,269,3879.274689
1034.770019,265,3879.621564
1047.456863,269,3879.762722
1026.908949,278,3879.929308
1066.847968,268,3880.087945
1031.076942,277,3880.241175
1028.025754,274,3880.385173
1036.411463,271,3880.522315
1030.796579,278,3880.66513
1032.164637,270,3880.80238
1040.636658,268,3880.937309
1019.851439,278,3881.079007
1022.656582,275,3881.220594
1023.415412,276,3881.362182
1039.600039,268,3881.497081
1022.665424,274,3881.634671
1029.04636,271,3881.771782
1037.681183,269,3881.910285
1051.696206,267,3882.044956
1044.321461,270,3882.18122
1042.532871,269,3882.316892
1035.012351,271,3882.455479
1044.335222,267,3882.590223
1029.989167,278,3882.731042
1019.207232,272,3882.871534
1075.297727,268,3883.01124
1026.371836,278,3883.153898
1045.41329,268,3883.288996
1022.023762,273,3883.426495
1041.561652,266,3883.56107
1026.33734,273,3883.699858
1027.571999,278,3883.841344
1024.193779,273,3883.979645
1038.962491,268,3884.115204
1025.365846,275,3884.255972
1024.876431,266,3884.39063
1049.985408,268,3884.545362
1022.061515,272,3884.704043
1021.76618,274,3884.856467
1039.287367,268,3884.991504
1021.817169,272,3885.128202
1024.682233,274,3885.265778
1026.810109,272,3885.403305
1017.030283,277,3885.543487
1035.47566,268,3885.678387
1036.234508,269,3885.814485
1017.970812,277,3885.954281
1042.65071,268,3886.092347
1035.432844,270,3886.232027
1028.546636,277,3886.375143
1048.201832,266,3886.511778
998.483851,269,3887.411158
3106.774282,500,3887.83554
1333.980363,297,3888.058657
1055.149888,287,3888.275333
1325.433083,284,3888.487287
973.219453,250,3888.67256
431.950415,140,3888.874511
559.759774,168,3888.958559
352.286779,122,3889.019625
361.021738,124,3889.085186
575.570423,171,3889.171154
591.264527,172,3889.257614
537.119785,165,3889.340806
380.034543,129,3889.405863
582.600806,172,3889.492599
587.596827,173,3889.579974
598.726387,175,3889.669043
532.287524,163,3889.75153
405.654087,134,3889.81878
562.315101,168,3889.902939
588.476537,173,3889.988972
592.315204,174,3890.075566
462.123103,147,3890.148958
587.432721,173,3890.235985
568.382209,170,3890.322184
594.999006,176,3890.410691
389.42824,132,3890.476753
580.938544,171,3890.562261
588.792833,173,3890.648824
578.127272,171,3890.734448
509.365762,159,3890.813901
388.797991,131,3890.880562
523.843225,162,3890.961318
366.207939,126,3891.024345
382.413996,129,3891.089513
388.253968,131,3891.156697
419.78707,138,3891.22575
512.117383,159,3891.305049
428.234952,140,3891.37507
365.43796,126,3891.438951
590.350969,173,3891.52748
375.581477,128,3891.591805
414.372381,137,3891.660606
564.135934,169,3891.746091
482.670238,152,3891.822259
595.103558,174,3891.909537
425.452532,139,3891.97983
475.301286,150,3892.057063
568.968655,169,3892.141571
425.648102,139,3892.211208
367.025399,126,3892.274208
376.276772,128,3892.338064
373.020171,127,3892.401738
387.66606,131,3892.467331
568.390694,170,3892.552284
416.94727,137,3892.621005
605.312798,177,3893.447896
1561.814319,280,3893.655661
1050.69902,266,3893.854911
1833.504402,357,3894.120087
1216.686373,281,3894.328575
550.719294,162,3894.456328
1051.448732,259,3894.648331
864.24574,225,3894.81762
680.081817,192,3894.959101
592.36102,175,3895.049738
618.187202,179,3895.139113
634.472335,183,3895.23676
618.912982,179,3895.328496
725.447836,196,3895.428808
738.805797,199,3895.531328
613.894253,178,3895.623163
737.553144,198,3895.725167
670.116906,190,3895.824815
1024.701461,233,3895.941756
736.165727,198,3896.040585
668.272638,190,3896.135473
627.793617,181,3896.228722
785.192441,208,3896.333999
635.765529,183,3896.426442
598.086247,175,3896.51425
668.245535,190,3896.609344
728.846736,199,3896.709202
619.578459,179,3896.799548
544.528517,167,3896.885868
764.029803,206,3896.989218
514.299234,162,3897.070575
592.470391,174,3897.159332
740.69536,199,3897.261427
670.686247,190,3897.358618
758.96632,203,3897.463254
620.21005,180,3897.553678
652.575511,187,3897.648133
612.010103,178,3897.740377
699.800627,198,3897.841618
611.922917,178,3897.935835
721.320219,197,3898.039606
739.126817,199,3898.144748
657.012425,188,3898.241872
1016.719873,231,3898.3617
556.713429,168,3898.44753
630.266169,182,3898.539392
697.375898,197,3898.63765
634.871318,183,3898.72865
731.726183,199,3898.829073
736.36591,197,3898.927571
657.938243,188,3899.021275
986.799241,229,3899.137358
753.118893,203,3899.239832
531.342432,164,3899.323652
738.518467,198,3899.424533
648.132942,186,3899.519164
714.205561,195,3899.61863
699.576881,194,3899.717166
449.215504,150,3900.542935
1041.723127,281,3900.78903
745.177143,194,3900.941887
1203.719264,254,3901.142851
656.363135,185,3901.289306
1129.654322,256,3901.493762
1246.622713,248,3901.68943
750.568838,192,3901.858752
627.557373,177,3902.022137
1432.909279,276,3902.286573
1222.345962,263,3902.434715
1442.638455,278,3902.592673
1047.120485,247,3902.732163
1212.42446,261,3902.879379
1438.900273,276,3903.040369
1522.129925,277,3903.206599
1541.025161,279,3903.36872
1417.315155,275,3903.525602
1319.739865,269,3903.678906
1355.80752,266,3903.832317
1474.449903,270,3903.986236
1477.396058,271,3904.140975
1177.678379,259,3904.28794
1085.061389,253,3904.433524
1313.285074,268,3904.596865
1417.6111,277,3904.761882
1438.66301,276,3904.919464
1341.771861,267,3905.071298
1441.498686,278,3905.231563
1420.502506,275,3905.387241
1258.048583,265,3905.540298
1480.59075,273,3905.697059
1398.747405,266,3905.850547
1365.299977,264,3905.999496
1380.441334,264,3906.139544
1367.856087,265,3906.27915
1448.112123,277,3906.418034
1436.121621,277,3906.557244
1150.530229,257,3906.687851
1550.954202,280,3906.830096
1396.986974,265,3906.967593
1567.354664,280,3907.108366
1420.080779,275,3907.249942
1419.853945,266,3907.386544
1265.329126,274,3907.527725
1486.314814,271,3907.667167
1374.682611,262,3907.810208
1422.13548,279,3907.973699
1438.443866,278,3908.13833
1430.596452,275,3908.282345
1643.696797,291,3908.436301
1540.097677,275,3908.588963
1428.048434,279,3908.731399
1433.008895,275,3908.86945
1414.283046,276,3909.008005
1364.619301,265,3909.142269
1501.897051,274,3909.279901
1125.788929,257,3909.412078
1386.200876,273,3909.554272
1443.033825,279,3910.477058
536.265256,158,3910.598935
1037.461876,234,3910.775687
1006.991379,241,3910.955514
825.762081,248,3911.146211
1234.09491,246,3911.334662
1350.194581,266,3911.533764
1019.169655,241,3911.712918
896.120472,197,3911.965276
866.688475,196,3912.071639
894.088817,197,3912.171579
1509.764638,261,3912.303859
1603.56875,273,3912.453255
786.880424,185,3912.556566
827.396752,190,3912.663901
1347.201336,242,3912.799121
1721.488687,295,3912.966759
1676.578077,284,3913.125648
1443.356232,253,3913.267215
1490.5921,259,3913.415188
1262.75224,232,3913.547489
866.236362,194,3913.656
1705.117524,291,3913.818695
1373.202454,245,3913.95537
1439.114748,252,3914.08959
1424.718182,251,3914.214808
917.320807,200,3914.313988
1000.797805,209,3914.417571
999.471616,209,3914.52117
1072.416282,217,3914.628912
939.855266,203,3914.731544
1725.651687,295,3914.877802
932.314133,201,3914.977525
866.906119,196,3915.07458
854.764022,193,3915.17075
929.377023,201,3915.27163
944.211194,202,3915.37202
920.013401,200,3915.471403
1589.727378,273,3915.606539
1695.602408,290,3915.750517
1031.354572,211,3915.856218
850.746958,194,3915.953725
1261.473901,234,3916.07009
1739.232752,299,3916.220685
1404.163355,248,3916.346853
1276.079108,235,3916.466854
1511.577277,261,3916.596255
1509.305834,261,3916.726296
1704.819621,289,3916.869883
1503.59226,260,3916.998937
935.306583,202,3917.10036
1707.771402,292,3917.246078
1302.67617,236,3917.363519
888.479648,198,3917.46173
1704.562147,289,3917.605121
1054.517189,214,3917.712512
901.078015,197,3917.81076
1201.061727,227,3917.923756
1205.60945,231,3918.804392
1456.566348,289,3919.018919
818.381165,232,3919.190143
1384.383165,282,3919.397826
671.83969,188,3919.536763
1023.34793,234,3919.710153
1349.196272,285,3919.946479
948.925495,269,3920.173389
759.637842,207,3920.337678
762.800449,207,3920.456385
808.50131,215,3920.579301
1196.337785,252,3920.724752
915.351152,225,3920.854554
817.390414,215,3920.977036
816.079017,215,3921.098931
816.293207,215,3921.219763
1008.588575,245,3921.359264
906.691353,224,3921.486228
818.194471,214,3921.607364
1055.26062,247,3921.748321
818.219477,215,3921.870318
896.144555,223,3921.99595
1134.189987,246,3922.135166
1221.269044,256,3922.27209
818.47596,215,3922.380562
789.698236,212,3922.487449
802.35154,213,3922.594018
1081.173584,241,3922.714935
1124.143259,252,3922.842781
986.083257,231,3922.961236
851.294025,219,3923.073474
769.111902,208,3923.177636
793.91764,212,3923.284403
1147.710355,247,3923.408278
806.468572,213,3923.51496
767.246686,207,3923.618244
1048.147513,237,3923.737974
798.641281,211,3923.843555
837.78167,217,3923.952401
881.110864,221,3924.063066
855.132467,219,3924.172636
839.230602,218,3924.282514
816.659628,215,3924.390209
769.517893,208,3924.494667
960.981958,229,3924.611177
1180.217964,250,3924.73938
806.931052,213,3924.849189
1144.565371,254,3924.977038
1189.300125,252,3925.103395
788.450267,212,3925.209372
817.522411,214,3925.31653
842.190872,217,3925.424988
1195.426435,252,3925.552007
809.389652,212,3925.658207
1094.932789,250,3925.784142
849.639618,219,3925.893862
1143.640024,251,3926.020126
1116.286848,250,3926.146354
883.197664,220,3927.082692
1228.1016,272,3927.311938
1275.307735,248,3927.519751
1100.800016,259,3927.737104
990.288587,258,3927.955103
1320.687102,257,3928.172047
1166.329143,274,3928.406813
741.410716,197,3928.558886
1038.310791,222,3928.729375
1038.948735,222,3928.849737
1076.100243,226,3928.977097
1019.644618,221,3929.102819
1319.80111,251,3929.24513
1016.411787,220,3929.370983
1037.53009,222,3929.498331
1153.765641,234,3929.631906
1020.353471,221,3929.758067
1346.836489,253,3929.901365
1037.544565,222,3930.02934
1038.481614,222,3930.163363
1049.711043,223,3930.31012
1023.759915,221,3930.455117
1071.418978,225,3930.592281
1022.837172,221,3930.718998
1058.002966,224,3930.84723
1328.725984,251,3930.990564
1019.975689,221,3931.115839
1035.979437,222,3931.241998
1024.997453,221,3931.367647
1340.418731,253,3931.513077
1082.370513,226,3931.641547
1333.965651,252,3931.78169
1110.079974,229,3931.900701
1370.042945,256,3932.028673
1162.217522,234,3932.14766
1304.686697,249,3932.271944
1048.067095,223,3932.383258
1328.953394,251,3932.508892
1275.833928,246,3932.63219
1107.276796,229,3932.749738
1032.855257,222,3932.861235
1050.376457,223,3932.972975
1173.192993,235,3933.091926
1070.506554,225,3933.20701
1339.363369,252,3933.335796
1334.641505,251,3933.461529
1038.748143,222,3933.572523
1049.070987,223,3933.684212
1055.031799,224,3933.79625
1120.801995,230,3933.912407
1279.17335,246,3934.036747
1358.897247,255,3934.16499
1325.432998,250,3934.290353
1015.494361,220,3934.400698
1081.412371,227,3934.515859
1359.22373,254,3934.643408
1088.294204,227,3934.758243
1314.814887,249,3934.886735
1250.566969,250,3935.783539
1302.971861,245,3935.998137
1238.904017,267,3936.215242
1020.718005,274,3936.446819
833.443427,214,3936.626932
848.170493,211,3936.827404
1290.371993,268,3937.09428
827.254263,206,3937.266556
1410.733663,341,3937.568905
1259.75998,314,3937.749098
1065.941249,298,3937.919183
987.687781,281,3938.082901
998.47947,284,3938.244508
1080.651959,292,3938.41382
1264.273587,325,3938.60106
877.511975,268,3938.758142
1027.511468,292,3938.930029
1015.339589,285,3939.0959
1004.920944,284,3939.259006
1006.933161,284,3939.421194
1004.813276,284,3939.583857
1005.068141,284,3939.745754
1170.752374,300,3939.929274
1289.26596,343,3940.150779
1171.006509,303,3940.334895
1005.601094,284,3940.499696
1008.115736,285,3940.662967
1459.783126,346,3940.85454
1017.355326,286,3941.003116
1004.499608,285,3941.149867
986.657163,281,3941.294095
1064.582796,293,3941.44504
1042.587308,287,3941.592602
1014.431372,286,3941.740359
976.871988,281,3941.883994
1241.899785,322,3942.051669
1269.692503,316,3942.214668
878.915447,263,3942.347442
1267.115552,321,3942.508731
1005.753676,284,3942.651132
1155.467323,303,3942.804608
983.507169,282,3942.948241
1014.042984,285,3943.093766
887.792197,265,3943.227807
1166.889467,305,3943.381729
982.061745,281,3943.524576
1014.316905,285,3943.667968
997.553165,283,3943.810838
1093.394776,293,3943.96096
992.080769,283,3944.108904
881.357624,266,3944.247382
998.894955,284,3944.391193
1295.615166,318,3944.552741
1053.198093,292,3944.700153
1506.345748,351,3944.879117
1121.323811,296,3945.031277
1171.772196,303,3945.184489
1105.320635,295,3945.334187
1092.28773,293,3946.37405
1863.045909,358,3946.665237
972.887424,274,3946.884389
1246.027702,248,3947.090897
900.780609,244,3947.310832
1197.901933,276,3947.583892
1359.768615,317,3947.870956
1818.466288,331,3948.101691
1796.635718,322,3948.264946
1942.477096,336,3948.434382
1906.704046,334,3948.60034
1235.514632,279,3948.73915
1619.417064,306,3948.890741
1903.086996,334,3949.066725
1840.755468,333,3949.242886
1225.810138,278,3949.38481
1337.919049,290,3949.533136
1864.378216,330,3949.699252
1341.824752,287,3949.84343
1526.235932,310,3949.999278
1285.914518,284,3950.143946
1231.463359,279,3950.283813
1263.710229,281,3950.425464
1956.447696,339,3950.595417
1876.046312,332,3950.763807
2088.980078,351,3950.939352
1868.505121,329,3951.107173
1587.086059,314,3951.269621
1389.292835,292,3951.417823
1650.685105,309,3951.572673
1509.804681,309,3951.72916
1521.167698,308,3951.898589
1273.692675,283,3952.06187
2316.431511,387,3952.272499
2132.348714,355,3952.449454
1792.745227,323,3952.640341
1235.115477,279,3952.806361
1900.861013,332,3952.982275
1333.657338,289,3953.132849
1851.295763,330,3953.296688
2770.531821,422,3953.507117
1249.250135,281,3953.653737
2981.13411,441,3953.88133
1980.021218,339,3954.054195
1897.917941,334,3954.226501
1287.383147,283,3954.371974
1295.967137,286,3954.517701
1621.236732,306,3954.673605
1210.040889,277,3954.815488
1378.41924,291,3954.96633
1799.167233,322,3955.12911
1239.764504,279,3955.274304
1359.17534,292,3955.419894
1284.188807,283,3955.562677
1620.491487,317,3955.723695
1210.43233,277,3955.867275
1666.457934,325,3956.029807
1826.60778,326,3956.968054
1229.21323,249,3957.15195
619.026164,176,3957.282116
666.460429,195,3957.428882
1148.825261,258,3957.61965
1534.679495,281,3957.831239
1130.017182,243,3958.016271
985.785038,258,3958.207657
1486.361184,266,3958.398384
847.620514,197,3958.496675
1609.003407,284,3958.640138
830.479458,194,3958.738604
1288.230903,237,3958.857919
697.118746,176,3958.947093
1618.306778,288,3959.091106
1551.042501,274,3959.234996
722.612643,179,3959.330572
866.644457,197,3959.43563
806.761828,190,3959.532423
737.323911,181,3959.62464
735.921276,180,3959.716482
1483.255516,264,3959.848079
1223.646075,232,3959.965769
1216.376927,231,3960.081529
1369.460217,247,3960.206734
779.871752,186,3960.299924
1530.599803,271,3960.438614
1118.286219,223,3960.55486
1455.335057,259,3960.685857
1371.296706,248,3960.811752
1357.662779,246,3960.934542
1491.36482,266,3961.067175
904.138459,201,3961.169338
1415.498544,253,3961.298619
827.094739,192,3961.395931
1475.37368,261,3961.52691
1285.46547,238,3961.646549
699.850017,177,3961.736328
1491.403684,266,3961.868793
964.432072,208,3961.975066
1640.747675,300,3962.124842
780.614597,186,3962.217404
1383.748858,250,3962.34207
994.349402,211,3962.44756
1610.019067,281,3962.588769
1635.967802,294,3962.738866
1613.485623,287,3962.885012
927.448549,205,3962.990124
1363.823438,247,3963.118601
781.213036,185,3963.215139
800.088962,189,3963.309423
1364.406297,247,3963.432438
1096.9423,219,3963.541432
793.742699,188,3963.635293
673.332788,172,3963.723703
836.98165,194,3963.82042
807.513728,189,3963.914937
1551.389874,273,3964.051309
662.807729,169,3964.893744
1298.966889,260,3965.088613
1138.704342,270,3965.300199
1047.19717,247,3965.487681
1313.497046,269,3965.701805
1298.462074,288,3965.915033
1275.24549,281,3966.125165
589.186999,170,3966.252634
727.976059,192,3966.431352
1111.67479,258,3966.56133
1015.817145,241,3966.683689
741.12119,194,3966.785668
884.767087,212,3966.908938
1026.125525,239,3967.046806
846.222116,208,3967.167791
944.05038,221,3967.287996
801.572144,203,3967.392705
919.947802,217,3967.506434
731.302003,191,3967.603476
1017.932411,236,3967.722355
1085.260794,266,3967.858491
1016.58127,240,3967.983007
740.393015,196,3968.082372
1054.784308,257,3968.21365
752.097764,197,3968.312394
991.452205,229,3968.427419
1021.378738,236,3968.5482
965.180362,224,3968.662324
729.103977,192,3968.759955
733.73633,192,3968.858139
725.376604,190,3968.953545
1017.112244,235,3969.073944
741.138001,195,3969.171406
1024.315123,236,3969.29035
1026.535212,247,3969.414727
781.825046,201,3969.518963
1020.072679,235,3969.652666
1028.360393,240,3969.795393
759.095001,197,3969.910949
958.342488,223,3970.032667
1014.668098,243,3970.156179
731.854395,192,3970.2556
733.652703,191,3970.353417
1033.329178,243,3970.480132
1022.54899,234,3970.597783
741.274967,194,3970.694957
1022.959809,237,3970.815614
1016.172868,239,3970.941607
1007.359113,240,3971.066629
1053.501369,273,3971.207011
1012.797529,236,3971.329404
1096.819852,261,3971.464094
725.698982,191,3971.562816
1037.497822,241,3971.702901
1017.297883,241,3971.841403
1018.435748,237,3971.977864
1021.889607,236,3972.101351
996.948223,230,3972.217597
1015.671107,233,3973.134899
1070.469163,277,3973.347921
1328.605729,281,3973.558307
921.053605,228,3973.729388
606.157744,175,3973.860637
601.10475,172,3973.994813
999.238426,247,3974.188659
837.316963,215,3974.349331
1007.65476,269,3974.674245
1571.501351,344,3974.859493
1077.039608,253,3975.008971
1079.91365,282,3975.174136
968.682441,254,3975.304515
1484.322859,337,3975.473778
1230.529121,310,3975.629386
1596.366618,346,3975.803571
1478.070307,336,3975.972484
1589.214587,345,3976.145323
1192.58462,296,3976.309899
1256.042012,311,3976.493305
1298.0992,310,3976.666254
1126.469288,296,3976.816314
1025.163842,272,3976.954815
1569.726886,344,3977.128237
1425.113505,330,3977.294422
984.697512,260,3977.424989
1573.907402,343,3977.598698
1453.247962,352,3977.777914
1231.97421,307,3977.936676
1356.748985,339,3978.112321
989.847798,268,3978.246975
1298.903939,316,3978.406148
1427.80489,332,3978.573306
1444.403361,333,3978.743537
998.589451,264,3978.875788
969.416927,260,3979.006487
1255.959456,311,3979.16237
1429.207381,332,3979.333346
1013.516861,263,3979.466844
1591.128689,346,3979.64293
1292.100244,321,3979.8069
1386.832998,348,3979.986916
1464.159469,335,3980.159223
969.952663,248,3980.285353
993.986364,255,3980.412994
1008.755275,275,3980.552519
975.354862,253,3980.6792
1495.153084,338,3980.848293
1481.244647,343,3981.019985
999.651085,273,3981.158247
1256.879997,310,3981.33215
1468.206505,335,3981.527143
1093.815032,290,3981.696685
1037.85024,269,3981.856116
1642.135545,348,3982.051887
1527.726187,340,3982.244175
1533.924097,342,3982.445718
968.319672,251,3982.588133
1113.166002,256,3983.609133
1706.590977,296,3983.858476
483.900444,158,3983.994697
879.184163,254,3984.207876
1221.400087,285,3984.450306
1327.437902,281,3984.688355
748.686553,190,3984.847539
1016.48998,275,3985.084137
1462.067831,322,3985.337396
1064.183131,266,3985.493858
1281.007898,306,3985.669101
1180.396084,292,3985.830183
1312.367314,311,3985.993534
1289.976073,307,3986.175998
1349.191638,314,3986.355428
1003.650576,260,3986.504521
1359.575687,315,3986.686612
987.228534,268,3986.842144
984.125521,257,3986.990258
1004.066784,268,3987.148314
1036.170551,292,3987.327547
1119.192897,281,3987.494491
1244.71427,298,3987.663283
1164.679238,281,3987.827795
1208.831363,296,3988.009327
1150.430592,286,3988.174305
1422.175541,320,3988.360701
1456.880991,324,3988.544285
1109.567626,297,3988.713898
989.764059,274,3988.869241
1108.744342,273,3989.011033
1093.909139,284,3989.152799
1462.603271,324,3989.316619
1350.412559,322,3989.478285
1116.616646,277,3989.618439
1463.449891,324,3989.796005
1139.276894,296,3989.949906
1443.427891,323,3990.115586
1006.29161,269,3990.250957
1024.450408,292,3990.39784
1411.80771,319,3990.563061
1169.657173,282,3990.703779
1272.582278,304,3990.854983
1350.117278,313,3991.010574
1404.834405,319,3991.171352
1436.587396,322,3991.33188
981.717966,269,3991.466111
1233.284397,300,3991.61551
1104.583439,274,3991.757714
1466.33853,325,3991.922207
1206.947175,296,3992.069971
1444.562483,323,3992.231027
1156.105254,282,3992.37359
1310.59261,319,3992.533005
1019.442573,257,3992.660964
1315.054992,311,3992.816133
1430.232187,322,3992.979402
1331.920911,312,3993.135222
976.24682,272,3994.102417
1179.609951,245,3994.310377
1053.498495,262,3994.530524
955.676741,220,3994.717901
655.934396,191,3994.878585
805.597935,201,3995.048139
1758.074064,342,3995.340649
1156.062028,233,3995.526021
2136.17757,369,3995.795323
1412.505024,302,3995.966203
2276.920329,391,3996.186814
2124.117479,367,3996.398137
1373.997633,297,3996.589535
2160.167903,392,3996.836646
2461.003057,396,3997.05834
1349.200886,297,3997.224672
1361.658618,297,3997.408773
1373.816745,298,3997.588984
1378.233281,299,3997.752366
2216.5793,394,3997.948681
1433.137398,304,3998.102155
1402.25391,301,3998.252076
1366.526847,297,3998.399892
1395.084644,300,3998.552583
1714.476608,328,3998.718723
2139.443064,368,3998.904776
1371.580626,299,3999.054781
2113.377868,364,3999.23698
1397.940838,300,3999.393374
2174.626467,396,3999.602401
2282.796688,381,3999.814335
1832.299077,337,4000.011077
2203.284538,379,4000.230665
2277.865826,391,4000.449297
1400.185135,301,4000.601226
2000.89802,346,4000.77405
1372.312566,297,4000.924999
1398.667385,300,4001.082699
2214.103499,376,4001.269344
2038.377199,356,4001.447236
1407.739569,301,4001.597921
2161.662082,372,4001.785533
2177.886216,378,4001.981764
2136.903753,368,4002.168914
1937.046164,348,4002.346443
1902.366583,343,4002.518074
1913.121565,337,4002.687206
1773.359886,333,4002.853438
2003.359627,348,4003.02957
2220.5456,376,4003.216903
1995.78147,345,4003.389288
1369.229546,299,4003.54162
1778.544973,324,4003.704554
2008.776153,355,4003.884917
1346.858257,295,4004.034852
2209.75056,379,4004.225883
1874.533122,334,4004.392201
2278.512719,392,4004.595018
1002.18742,217,4005.536435
1321.829572,286,4005.777149
1224.629269,294,4006.022978
997.567454,234,4006.223429
650.553041,172,4006.375271
1138.89085,278,4006.657398
698.475489,188,4006.843447
559.533367,160,4007.005979
921.295256,219,4007.225439
1233.556613,307,4007.430935
991.679404,262,4007.581151
1057.901088,284,4007.743806
1038.541971,278,4007.902925
1225.965047,307,4008.080242
1214.928227,305,4008.254607
1181.974469,301,4008.445182
1223.222321,306,4008.644184
1033.989413,280,4008.817212
1049.778993,273,4008.972553
1050.860328,276,4009.130656
1068.754195,273,4009.289666
1233.363119,307,4009.464839
1187.714239,302,4009.637207
1180.586775,300,4009.809307
1007.886716,265,4009.960883
1217.258401,305,4010.151983
1206.483878,304,4010.351491
1194.789186,302,4010.53031
926.847783,255,4010.660607
1050.058015,277,4010.803064
1208.066981,304,4010.958005
1049.392995,276,4011.099125
1166.271449,299,4011.25493
1225.494036,307,4011.435486
1133.530323,294,4011.609191
1051.632152,274,4011.752132
1050.417028,281,4011.894094
1035.645762,279,4012.035269
1051.638263,277,4012.174948
1155.968026,298,4012.326621
1223.845952,306,4012.482522
1218.76061,304,4012.635998
1163.958895,297,4012.786646
1194.810426,302,4012.940562
1214.782083,305,4013.095057
1045.517291,277,4013.234649
1027.179894,281,4013.376593
1197.240581,302,4013.532922
1042.467577,273,4013.674757
1224.011165,306,4013.842634
1176.008627,300,4014.018427
849.599417,246,4014.15802
1235.170058,308,4014.333282
1212.18108,304,4014.510944
1188.62059,302,4014.682738
1077.040739,274,4014.837441
1239.294537,307,4015.011511
1225.648801,306,4015.184131
1205.552402,304,4015.357109
1114.593955,299,4016.379368
1749.257189,312,4016.64306
1141.787166,240,4016.846133
1449.74341,276,4017.078405
1110.925282,278,4017.348849
1190.232725,272,4017.584642
1139.706629,267,4017.786605
1171.488971,282,4018.020697
1158.155966,281,4018.16402
1179.927,289,4018.31001
1140.707605,280,4018.451588
1131.312296,275,4018.590486
1112.285623,280,4018.73334
1120.816007,284,4018.880898
1168.775445,283,4019.035666
1157.558041,281,4019.191338
1153.623893,281,4019.364745
1123.306712,284,4019.532877
1164.207088,284,4019.697792
1146.429672,279,4019.83918
1137.199924,283,4019.98305
1138.50899,282,4020.126542
1157.298738,280,4020.271608
1166.996451,286,4020.419654
1156.968978,280,4020.560454
1125.167111,283,4020.703892
1153.185928,279,4020.84405
1152.108417,278,4020.983175
1137.087689,285,4021.126581
1119.375296,280,4021.269344
1165.761271,280,4021.412657
1088.251046,279,4021.552963
1150.384846,278,4021.69466
1141.921311,286,4021.838959
1175.840642,282,4021.985192
1177.70313,282,4022.127642
1156.3017,279,4022.26875
1136.125882,284,4022.428349
1144.29781,286,4022.599941
1121.601069,283,4022.761397
1150.031215,287,4022.928943
1141.632905,283,4023.100121
1136.855807,277,4023.2635
1149.044879,282,4023.431051
1178.077303,289,4023.600378
1122.753466,284,4023.771358
1137.05114,283,4023.935005
1167.462028,283,4024.099657
1179.628996,282,4024.255125
1145.505311,287,4024.402671
1120.491121,283,4024.545957
1170.193711,288,4024.692308
1102.386949,281,4024.841396
1134.176875,282,4025.002085
1152.592467,280,4025.163162
1171.684642,281,4025.325179
1157.356845,279,4025.483002
1045.381837,273,4026.491322
1178.946896,269,4026.714306
1313.182083,306,4026.968434
1144.438931,254,4027.179167
1067.989746,270,4027.398618
899.559562,229,4027.603905
1278.40093,276,4027.823501
987.648999,225,4028.07348
898.748265,213,4028.179529
985.342149,224,4028.293984
865.533511,209,4028.402421
1031.948059,232,4028.518647
866.973919,209,4028.623106
869.635108,209,4028.727449
1013.11583,230,4028.843004
887.124796,211,4028.949299
867.896243,209,4029.053407
862.893758,209,4029.158413
1040.176092,233,4029.27457
1020.727564,230,4029.391432
886.23082,211,4029.49911
881.321879,214,4029.614544
1021.613526,230,4029.747206
871.652661,212,4029.870942
856.74495,211,4029.991805
869.225572,210,4030.097539
860.810198,210,4030.202957
860.55242,209,4030.307292
895.877895,212,4030.413368
932.323519,216,4030.520898
993.068251,225,4030.633172
867.574785,208,4030.737841
967.412096,222,4030.848244
1023.360165,230,4030.962871
889.456082,213,4031.070344
1031.388167,232,4031.189017
1039.61666,235,4031.314278
863.851228,209,4031.422037
1041.931298,233,4031.538573
1005.351171,227,4031.651926
1014.136386,229,4031.769846
995.613434,226,4031.892092
867.691505,210,4031.996825
900.88209,212,4032.102644
891.087296,211,4032.207908
900.626142,213,4032.313873
866.164847,211,4032.420556
869.94562,210,4032.527368
909.197535,214,4032.638108
1002.749042,227,4032.754504
877.991047,210,4032.860855
1052.230485,235,4032.97944
1115.369933,241,4033.100077
861.143214,209,4033.206956
1041.65606,233,4033.323913
974.543356,222,4033.438276
861.71729,208,4033.542602
769.603766,195,4034.425821
1698.865163,319,4034.69494
1393.29435,261,4034.926144
702.41508,192,4035.089548
1205.759458,240,4035.298161
1114.715232,279,4035.539862
972.16882,243,4035.767778
1022.340443,275,4036.028968
680.729418,190,4036.171913
606.834161,177,4036.25987
681.852487,191,4036.355979
646.287316,184,4036.448953
654.150801,185,4036.541341
627.160323,180,4036.633864
599.896388,173,4036.72006
588.021573,173,4036.818126
631.259011,182,4036.920532
662.217855,187,4037.026381
602.382796,174,4037.125206
656.059234,186,4037.233189
570.163688,169,4037.332267
569.318788,168,4037.427318
598.172743,177,4037.527411
664.594758,188,4037.639115
581.507787,169,4037.75016
659.579123,187,4037.872391
604.700475,176,4037.991786
590.371492,171,4038.109103
574.615013,169,4038.215443
611.737362,175,4038.317946
565.666157,167,4038.401912
590.847015,171,4038.489652
562.758163,165,4038.573509
599.134312,173,4038.660301
555.971329,165,4038.743029
585.711611,172,4038.828999
560.03262,165,4038.911883
595.095854,174,4038.999098
688.10264,192,4039.09728
654.61081,185,4039.19198
676.250962,192,4039.291611
586.275144,173,4039.380527
596.165365,174,4039.469973
638.394606,183,4039.564199
564.217481,167,4039.661997
568.499489,166,4039.759568
576.952829,170,4039.8576
612.161964,178,4039.953938
604.791216,177,4040.047286
606.214417,176,4040.140225
602.170599,176,4040.231828
667.267792,189,4040.328337
649.495026,185,4040.427837
572.126038,168,4040.52665
630.794604,182,4040.62327
571.659769,169,4040.710061
571.321889,168,4040.806415
638.0135,182,4040.933029
689.397451,185,4041.949764
1022.479018,277,4042.205429
936.122022,229,4042.397752
851.227813,221,4042.58008
889.963282,213,4042.747498
963.653624,239,4042.924746
1295.475109,285,4043.136553
1244.291776,292,4043.354833
423.850766,138,4043.514961
550.20259,163,4043.596226
391.659956,130,4043.661088
352.65541,122,4043.722051
555.018799,164,4043.805175
380.712318,128,4043.870271
479.981266,152,4043.948274
350.330228,121,4044.01033
423.822226,138,4044.079145
425.487399,138,4044.148723
352.037322,122,4044.21118
358.186303,123,4044.273597
572.904464,167,4044.363405
441.811766,142,4044.443881
400.910878,133,4044.519826
417.66932,136,4044.598315
415.356631,135,4044.675983
523.333198,159,4044.767472
415.833105,136,4044.839291
428.469688,138,4044.911976
476.37864,150,4044.990929
380.837156,128,4045.058334
489.263024,153,4045.139023
561.078877,164,4045.226556
420.96037,137,4045.305153
372.641468,127,4045.379759
473.160551,149,4045.46539
413.417121,135,4045.545133
384.103469,129,4045.621188
411.893782,135,4045.691589
566.006369,166,4045.776026
380.557049,128,4045.840724
533.564748,161,4045.920934
365.736466,124,4045.982817
465.349141,147,4046.055921
413.343854,135,4046.123194
549.748877,163,4046.204419
367.378488,125,4046.266784
366.310554,125,4046.329193
385.569336,129,4046.395073
423.840284,137,4046.463405
418.488486,136,4046.531646
567.068966,166,4046.617018
357.183533,123,4046.679067
449.915509,144,4046.751486
446.135135,143,4046.826173
413.338627,135,4046.89758
427.420159,139,4046.971081
350.594307,121,4047.036293
439.819691,142,4047.111192
349.761966,120,4047.911103
808.946215,223,4048.085598
664.392767,190,4048.233562
685.915883,197,4048.379554
622.547316,174,4048.507031
972.618394,239,4048.683965
1284.323514,294,4048.899878
1049.35167,257,4049.090929
1073.562273,254,4049.284722
1118.24606,285,4049.520595
1069.503906,269,4049.666283
1514.64012,341,4049.861277
1208.069958,289,4050.02572
1043.739519,267,4050.178176
1494.766668,340,4050.37284
1463.674347,336,4050.564758
1522.424976,343,4050.771028
1404.149849,323,4050.985596
1244.142717,292,4051.175742
1430.167938,333,4051.393022
1396.017815,322,4051.60743
1030.743316,270,4051.78693
1108.454446,272,4051.962011
1242.185572,316,4052.164778
1199.48702,288,4052.355269
1557.235905,344,4052.584897
1637.584188,353,4052.813516
1116.986785,277,4052.992391
1479.506964,336,4053.207694
1443.24008,335,4053.405188
1076.675945,279,4053.567016
1077.955368,279,4053.727002
1079.255169,297,4053.89639
1052.69315,275,4054.058838
1784.250462,370,4054.277178
1305.49292,344,4054.479353
1068.549267,300,4054.651378
1052.743693,272,4054.829905
1571.153221,346,4055.058279
1362.611429,317,4055.24942
1076.916397,267,4055.413048
1055.925894,271,4055.578854
1392.875847,321,4055.763101
1421.889811,325,4055.975236
1230.234777,300,4056.138878
1090.453331,284,4056.282029
1459.716817,336,4056.451953
1517.636896,342,4056.624121
1039.335274,271,4056.763035
1056.916041,273,4056.90401
1413.539723,330,4057.077116
1417.816501,331,4057.270255
1076.278393,279,4057.422661
1532.64704,329,4057.61252
1043.964333,273,4057.750122
1063.490148,274,4057.910927
1660.668571,354,4058.159087
1078.652214,270,4058.318495
1614.421768,349,4058.495708
1083.660642,273,4059.557379
1563.380596,285,4059.801023
1182.537378,254,4060.019158
1302.537052,255,4060.22952
994.002284,272,4060.43977
1217.131991,285,4060.656393
1035.749555,242,4060.899621
543.542484,163,4061.074715
1584.058658,291,4061.271219
1424.289043,258,4061.430144
1623.284459,292,4061.620517
1586.301189,289,4061.806311
886.562652,202,4061.920033
1313.445326,244,4062.059592
1616.548821,287,4062.222375
1558.649273,275,4062.377941
1483.26601,277,4062.540946
1610.64817,293,4062.714789
1548.229648,273,4062.867265
1995.145838,336,4063.037179
1645.619225,296,4063.188764
1594.791417,280,4063.351576
1627.699144,286,4063.519422
2081.499442,342,4063.717916
1111.047309,224,4063.845816
1395.690046,267,4063.99953
1334.473319,262,4064.14485
1598.369228,287,4064.310704
1528.172663,293,4064.47992
1690.331559,304,4064.655178
1714.495161,309,4064.834152
1564.70127,275,4064.979385
1476.277766,265,4065.115983
1485.930866,266,4065.248734
1558.494396,275,4065.388032
1293.22988,258,4065.517182
1026.467672,216,4065.627809
1457.212908,282,4065.770109
1291.39692,242,4065.891301
1322.941983,246,4066.014122
1341.150569,247,4066.138661
1563.973426,291,4066.289604
1367.40273,265,4066.42573
1535.445641,284,4066.569055
1330.850673,247,4066.695691
1415.741847,270,4066.839111
1547.129309,274,4066.979945
1493.74581,267,4067.113497
1613.317804,283,4067.254974
1324.464098,246,4067.377737
1612.493976,293,4067.52502
1562.802103,290,4067.671098
970.923639,211,4067.777153
2100.218554,343,4067.977499
972.860972,211,4068.103334
1314.397788,259,4068.255239
1615.860187,292,4068.426839
1369.010068,265,4068.58335
1297.250236,242,4069.548775
1167.007812,276,4069.788884
1677.228992,301,4070.050475
1176.225779,271,4070.280049
680.738176,198,4070.429439
1030.136836,237,4070.612849
1185.031585,280,4070.855854
1046.9818,244,4071.190032
1010.969009,255,4071.319246
821.089893,213,4071.426834
898.341449,224,4071.539512
1599.341528,311,4071.695865
994.224966,266,4071.833183
1004.795275,266,4071.978579
1001.493062,268,4072.140844
812.279123,211,4072.263871
845.647767,215,4072.385009
1432.122603,298,4072.534391
775.212109,201,4072.638027
721.684278,192,4072.751201
1714.06986,332,4072.933482
1074.89231,288,4073.099313
2052.422465,367,4073.313879
1155.915988,269,4073.475284
1022.664526,239,4073.606802
712.491076,189,4073.701763
835.684082,211,4073.807719
1353.796914,292,4073.954245
780.840571,201,4074.055148
1258.404787,273,4074.192431
736.627401,192,4074.289312
1432.22644,299,4074.448702
1644.977789,296,4074.61258
1277.508977,290,4074.762372
1250.674461,287,4074.933273
995.822606,268,4075.093783
1006.915771,270,4075.243304
947.437369,267,4075.37793
1255.598195,287,4075.546176
1251.126106,286,4075.719891
1077.396306,246,4075.867421
743.409258,195,4075.971364
949.049824,266,4076.117733
838.569705,214,4076.247031
1187.90382,272,4076.409381
1030.13013,268,4076.56452
2221.639705,374,4076.752791
699.573673,187,4076.846838
1339.927677,290,4076.993893
1391.581799,293,4077.148114
991.359566,290,4077.302897
1002.02949,270,4077.452063
1677.987939,299,4077.601551
1362.286656,311,4077.757926
1515.780982,304,4077.920944
1211.956991,284,4078.07556
1428.924462,298,4078.225004
701.954399,181,4079.128062
1222.443625,293,4079.374387
1207.856955,244,4079.567338
643.957313,169,4079.693104
1028.227752,262,4079.924719
1418.684922,273,4080.150416
1128.442971,258,4080.390234
583.975527,171,4080.532273
769.067718,182,4080.834112
649.571524,172,4080.931508
680.733152,180,4081.035126
818.16774,187,4081.141204
646.886545,170,4081.237356
785.13928,185,4081.357813
631.507694,169,4081.456098
684.92937,173,4081.553179
712.260874,174,4081.657248
646.922555,170,4081.766006
754.585179,179,4081.866482
665.433226,170,4081.961605
721.254536,176,4082.060046
675.952338,171,4082.155836
671.845047,178,4082.271985
658.466761,171,4082.371106
657.083305,172,4082.473419
654.510436,171,4082.582548
705.425752,175,4082.682569
653.106761,169,4082.79227
619.078347,167,4082.886203
671.436396,174,4082.983418
687.877664,175,4083.089003
603.522913,165,4083.176351
772.978825,182,4083.266495
677.539178,174,4083.362404
744.424755,179,4083.463374
642.546307,173,4083.549831
680.073711,179,4083.638936
650.434111,173,4083.732717
683.254947,172,4083.840066
679.366985,171,4083.928865
646.710159,170,4084.013273
805.262669,185,4084.105065
638.898493,172,4084.213737
653.696937,171,4084.323088
632.812113,173,4084.421746
715.571182,175,4084.520606
641.535939,172,4084.617834
803.371166,185,4084.722518
722.81286,175,4084.821828
660.32759,173,4084.919513
639.986595,171,4085.015985
674.489009,171,4085.115001
665.196995,172,4085.211722
754.074467,180,4085.317929
768.524109,181,4085.438817
742.229693,178,4085.555695
755.475129,179,4085.674924
754.39428,180,4085.77632
345.15088,116,4086.558442
1064.301792,259,4086.751988
1254.977734,276,4086.95667
1065.190332,278,4087.163656
562.752631,170,4087.290847
568.539283,167,4087.420138
729.769327,206,4087.579263
1166.058563,284,4087.799397
1062.748016,258,4087.999563
931.247915,222,4088.154101
1211.059566,249,4088.282967
977.173124,228,4088.40082
1116.088573,247,4088.528469
1113.719678,247,4088.656141
943.664864,237,4088.77844
1147.94171,248,4088.906175
1145.174698,247,4089.033296
1099.175388,242,4089.157972
1007.553941,231,4089.277397
986.193851,229,4089.395742
1058.911076,246,4089.522588
1032.66159,243,4089.648022
1229.152954,257,4089.78056
932.988061,222,4089.895059
1055.575943,237,4090.017586
1006.701877,231,4090.136968
1160.085244,249,4090.265359
1205.115926,254,4090.39619
992.590068,231,4090.51544
1137.331425,245,4090.641771
1097.004492,242,4090.76698
1002.389029,243,4090.892777
1063.141419,239,4091.016086
1080.078609,248,4091.143934
964.234847,226,4091.260386
1085.984476,241,4091.384603
1054.846737,237,4091.507035
974.396564,227,4091.624116
1074.016079,246,4091.75204
1049.274382,236,4091.870285
1059.999328,244,4091.992455
1007.44538,232,4092.10864
1021.222454,233,4092.225638
1126.963051,245,4092.348511
1248.065836,259,4092.477905
1066.31927,239,4092.598772
958.654094,226,4092.712291
1216.664008,255,4092.840383
1073.598355,247,4092.964542
1041.951506,234,4093.081889
1235.205017,257,4093.210871
1185.82013,248,4093.335283
1169.474548,250,4093.460601
1267.398785,261,4093.591475
927.240255,221,4093.702299
986.558685,228,4093.816746
1086.61774,245,4093.939683
927.600492,234,4094.058944
1070.017316,240,4094.181964
1247.435283,252,4095.074154
1015.390462,241,4095.252669
801.527121,202,4095.402597
1474.907289,293,4095.620356
1035.26325,266,4095.817976
1030.749327,246,4096.001611
1597.42003,305,4096.229318
1804.90861,360,4096.603061
1466.541419,331,4096.770986
1303.906077,345,4096.94684
1623.255561,351,4097.128022
1756.622997,344,4097.305309
1382.374981,380,4097.502178
1325.407562,366,4097.691428
1474.551116,331,4097.862359
1582.113889,361,4098.048124
1733.602388,350,4098.22839
1312.238103,344,4098.405636
1756.226898,345,4098.583339
1734.037447,318,4098.746899
1688.744226,347,4098.925677
1480.280402,332,4099.097136
1641.496691,341,4099.301704
1802.77269,327,4099.492102
1748.616353,351,4099.73336
1749.411458,343,4099.924857
3585.777404,486,4100.169066
1398.590449,334,4100.337816
1747.051471,342,4100.5283
1280.212159,317,4100.714589
1945.939741,358,4100.920339
1289.051581,348,4101.095858
1670.280075,342,4101.268039
1767.025061,354,4101.446101
1556.559731,344,4101.61925
1422.346539,383,4101.814145
1542.702016,358,4101.993848
1849.550544,334,4102.161182
1919.450555,340,4102.331404
1950.380214,369,4102.516388
1396.052438,287,4102.663952
1737.444538,345,4102.861759
1786.277177,360,4103.073969
1818.01482,361,4103.26135
1778.359331,358,4103.441526
1794.251885,355,4103.654819
1764.923255,355,4103.835931
1703.828389,343,4104.01244
1742.220026,344,4104.21313
1933.350057,364,4104.426829
1611.864073,339,4104.603826
1692.322908,343,4104.777379
1857.443847,356,4104.98453
1285.856531,348,4105.194298
1764.481229,356,4105.415659
1815.941946,350,4105.615699
1421.35933,372,4105.836783
1730.142568,352,4106.994848
621.268795,176,4107.148265
1109.752623,259,4107.372344
1170.505514,267,4107.583885
1096.493709,265,4107.779121
1223.357704,246,4107.963517
932.632786,243,4108.143042
1023.487786,229,4108.312014
1399.964928,258,4108.460874
1316.548083,249,4108.585653
1404.978519,258,4108.718132
1247.80363,242,4108.84583
1246.97339,242,4108.96724
1313.747806,248,4109.095426
1208.37558,239,4109.215301
1171.723807,236,4109.340836
1215.159127,239,4109.463364
1494.152215,269,4109.602319
1167.940612,236,4109.726965
1113.805141,230,4109.85638
1141.926349,233,4109.986368
1123.649914,231,4110.120848
1448.332221,263,4110.273152
1215.055839,239,4110.411806
1403.556175,258,4110.541875
1558.691481,277,4110.691176
1188.079708,237,4110.817835
1163.470921,235,4110.948318
1168.588605,237,4111.072492
1238.309704,242,4111.21701
1404.898874,258,4111.379149
1478.378136,267,4111.539942
1355.840209,252,4111.682094
1298.023262,249,4111.841638
1438.356903,262,4112.01334
1223.900059,240,4112.168832
1348.060581,252,4112.336897
1208.68271,240,4112.480395
1231.377682,241,4112.623069
1473.834462,266,4112.777509
1290.656896,246,4112.911056
1275.618359,245,4113.05271
1174.12253,237,4113.191136
1154.725786,234,4113.337715
1208.564901,239,4113.463564
1126.346898,231,4113.580121
1176.780591,236,4113.700561
1235.164107,241,4113.822967
1182.110284,237,4113.945702
1194.804448,238,4114.086843
1140.549154,233,4114.224564
1151.725014,234,4114.359472
1162.245719,235,4114.477573
1212.551016,239,4114.598727
1179.841111,236,4114.717273
1173.256866,235,4114.838128
1238.321399,243,4114.980103
1242.410987,244,4115.123082
1039.083171,223,4116.013795
636.945821,179,4116.150546
1627.014378,294,4116.372074
1664.350967,346,4116.631332
678.778079,192,4116.778447
1215.229397,286,4117.001507
906.71104,209,4117.159015
1505.479868,312,4117.416032
1063.995911,262,4117.589003
1074.666132,260,4117.736835
1180.021298,259,4117.88504
1147.99098,257,4118.035185
1139.273121,257,4118.180669
933.680809,242,4118.318387
1076.896719,260,4118.467232
1218.342958,260,4118.615148
1054.976612,259,4118.762799
1059.449707,257,4118.909729
1071.991426,253,4119.052625
1029.207298,250,4119.186074
1028.117692,253,4119.313801
1130.462567,256,4119.445995
1244.544073,262,4119.582619
1204.736865,261,4119.717401
1152.635966,257,4119.846648
1093.865231,254,4119.975797
1215.763047,260,4120.107219
1217.360469,261,4120.238256
1235.631869,260,4120.369421
944.265585,243,4120.492909
1155.931974,258,4120.623429
988.522773,248,4120.74806
998.002002,247,4120.873833
1256.857253,263,4121.006407
991.135282,247,4121.133816
1198.323473,260,4121.26501
1185.522633,259,4121.394885
1227.250046,260,4121.524807
1021.580279,253,4121.652671
1219.764916,260,4121.784648
986.709401,247,4121.908453
1142.298549,258,4122.03754
1146.751817,257,4122.165897
989.455509,249,4122.290545
974.739031,246,4122.415258
1137.221745,257,4122.546439
1203.082718,259,4122.679079
1030.671513,254,4122.808032
977.198385,247,4122.933271
1239.784626,261,4123.063837
980.386778,248,4123.18922
1071.583536,261,4123.320107
1066.367228,258,4123.44965
1011.138103,252,4123.577109
1091.144774,254,4123.7045
1159.745506,258,4123.834548
955.635013,242,4123.956641
1080.181556,254,4124.084311
1152.134577,258,4124.966989
1094.302197,253,4125.155314
587.984798,173,4125.282394
1398.131011,282,4125.492219
1073.432599,293,4125.70911
1565.142732,275,4125.911944
842.009368,225,4126.080926
825.252424,208,4126.235152
964.338396,222,4126.418798
848.23297,208,4126.522
859.184672,213,4126.627873
1017.090148,228,4126.74165
976.717045,224,4126.85332
857.890187,211,4126.958267
827.204235,202,4127.05937
859.8752,214,4127.168332
1079.718971,237,4127.286775
1088.168405,238,4127.405737
1063.8629,234,4127.523335
841.508125,210,4127.627795
842.145577,210,4127.735748
849.507776,208,4127.839387
901.0201,218,4127.948487
925.820951,218,4128.058638
889.801808,216,4128.167998
1046.672321,232,4128.283725
900.328652,218,4128.393138
840.441428,207,4128.495993
865.295024,214,4128.602741
835.984509,204,4128.706973
867.288573,215,4128.814627
817.200681,208,4128.917509
887.844075,216,4129.025778
938.668852,220,4129.134978
840.311197,206,4129.237286
851.879595,211,4129.343116
843.38527,211,4129.447986
1037.935928,231,4129.564169
892.970435,217,4129.671712
863.036458,213,4129.778151
845.297027,211,4129.883782
1006.097495,227,4129.997499
840.485435,210,4130.102661
858.493908,212,4130.207967
856.073593,209,4130.313303
832.733957,209,4130.418685
865.984775,213,4130.524642
1087.144579,238,4130.644803
835.74901,210,4130.750147
857.044511,213,4130.856235
837.056198,204,4130.95893
858.459866,210,4131.063354
1069.578082,236,4131.182671
890.505024,216,4131.290143
845.414919,211,4131.394959
840.571909,205,4131.498007
984.404807,224,4131.610404
866.940208,214,4131.718399
795.607701,203,4132.55269
1131.107401,280,4132.759415
974.278075,233,4132.931249
1484.561051,289,4133.144638
1633.480815,293,4133.362514
1339.472496,268,4133.562019
1207.365347,258,4133.754141
1546.671686,293,4134.078767
1411.177601,278,4134.219792
1411.074532,278,4134.359813
1412.465894,278,4134.501256
1404.625143,279,4134.641616
1414.005249,283,4134.782672
1421.15379,287,4134.925955
1407.272473,281,4135.066953
1390.214589,278,4135.205698
1530.694135,290,4135.351253
1422.060345,282,4135.492615
1415.578229,285,4135.636772
1410.856165,278,4135.776435
1402.286653,284,4135.918958
1404.409957,281,4136.05957
1417.065307,279,4136.199516
1476.367092,285,4136.342204
1404.794975,275,4136.479764
1413.724102,283,4136.6219
1399.002073,275,4136.760893
1462.202747,283,4136.904546
1411.660797,283,4137.046456
1417.418912,278,4137.187106
1445.301969,281,4137.3278
1405.613633,283,4137.468601
1410.460517,285,4137.610037
1416.298331,286,4137.753125
1412.454081,286,4137.896681
1414.900689,282,4138.037661
1426.295807,284,4138.199841
1409.564874,277,4138.359795
1415.477993,283,4138.515657
1408.481355,278,4138.660857
1367.438913,273,4138.814816
1395.833142,283,4138.970608
1450.024518,282,4139.113587
1421.893416,286,4139.256197
1423.413881,284,4139.398521
1401.381744,285,4139.542781
1411.39878,279,4139.690019
1416.022302,281,4139.834758
1425.674488,288,4139.984374
1482.656389,285,4140.131618
1416.657562,286,4140.288807
1402.93264,278,4140.438106
1409.614733,279,4140.586647
1411.028356,287,4140.737065
1393.160996,273,4140.878
1412.320041,279,4141.030436
1414.335096,279,4141.189823
720.083936,183,4142.061055
813.990232,198,4142.217472
1115.823443,272,4142.424259
1045.354427,269,4142.631761
1061.638105,238,4142.814083
1176.77843,285,4143.055674
979.828644,245,4143.248542
1067.22686,227,4143.458992
941.252017,225,4143.690234
647.240311,180,4143.782565
691.515271,190,4143.882069
657.447607,182,4143.977024
646.42256,180,4144.070106
655.543529,183,4144.170658
670.942026,185,4144.266154
886.196922,218,4144.381151
833.458126,210,4144.492824
1030.344329,243,4144.618421
1041.294199,242,4144.741933
715.814814,195,4144.842247
839.027214,211,4144.950289
674.162406,187,4145.046358
682.557784,188,4145.145803
667.738119,183,4145.242414
696.944571,190,4145.350857
714.491658,194,4145.45295
890.873242,218,4145.57136
670.399769,185,4145.670934
768.899059,204,4145.776625
657.170866,182,4145.874821
645.68785,179,4145.977408
677.800864,186,4146.081194
828.497235,209,4146.190767
709.157372,193,4146.296115
738.69076,200,4146.399275
646.008087,179,4146.492759
662.042861,184,4146.58949
708.29659,193,4146.688759
920.048948,223,4146.806436
688.578027,189,4146.903084
814.693695,208,4147.010856
657.27506,182,4147.106521
929.53621,223,4147.231001
647.523595,181,4147.333815
679.935704,188,4147.440727
648.889075,181,4147.544211
781.38763,205,4147.655201
650.170067,182,4147.74772
989.633923,231,4147.874795
679.893167,186,4147.968117
1075.73466,253,4148.103141
1022.627035,239,4148.231248
937.705446,226,4148.344234
1081.807756,252,4148.470581
797.773136,206,4148.573184
642.895638,182,4148.663468
1024.887327,240,4148.785135
704.550595,192,4148.88085
450.853886,148,4149.778014
1162.615605,302,4150.062114
972.310275,231,4150.286272
1114.73295,271,4150.555038
666.581151,185,4150.714269
1479.478776,266,4150.946793
424.95911,140,4151.050253
1211.061602,280,4151.264865
611.178243,175,4151.402166
975.676362,252,4151.581419
770.619251,230,4151.708688
707.888694,194,4151.80637
708.466658,195,4151.903301
1046.557258,279,4152.042991
709.693367,196,4152.140552
982.169173,240,4152.261712
714.213257,196,4152.358752
895.726069,224,4152.471148
984.47101,244,4152.593086
1013.773408,263,4152.735301
935.843264,271,4152.89378
695.448798,188,4153.003086
983.037956,253,4153.152279
787.126542,207,4153.274006
711.931352,196,4153.388706
957.125057,271,4153.548797
981.345998,251,4153.696343
756.86459,203,4153.816849
1036.379991,259,4153.970867
789.272707,208,4154.094725
714.83356,196,4154.21099
910.956152,246,4154.357445
679.893967,184,4154.465075
716.520285,199,4154.582939
1245.734195,289,4154.754933
1095.383931,271,4154.914273
726.766289,200,4155.031255
977.293646,262,4155.18517
1035.963681,258,4155.335205
716.429624,196,4155.450878
1035.932208,290,4155.621492
709.607444,194,4155.734171
680.946715,184,4155.842528
1044.529741,259,4155.99478
786.437044,207,4156.116967
679.155346,186,4156.23523
793.093394,208,4156.369058
717.386083,196,4156.497184
995.01351,246,4156.654257
720.159995,198,4156.770395
709.15065,193,4156.890429
1008.864565,260,4157.046432
1008.095764,259,4157.193778
967.972499,274,4157.355456
1037.851024,259,4157.522686
1044.942678,260,4157.672956
712.119458,196,4157.784707
1103.09229,274,4157.938901
701.124112,191,4158.051172
946.97147,267,4158.990096
1100.89949,250,4159.176551
1106.341271,273,4159.3805
1083.119069,245,4159.5655
1064.072207,241,4159.75828
1410.917442,280,4159.974198
1057.696685,266,4160.190758
849.870974,220,4160.371363
695.94079,193,4160.485153
693.752994,198,4160.588697
818.653951,220,4160.714614
708.410111,194,4160.826335
755.967757,214,4160.957377
734.126044,209,4161.11254
681.270734,194,4161.250671
620.983254,177,4161.357958
666.352562,187,4161.464329
658.177119,184,4161.563732
688.499341,196,4161.667399
687.438888,196,4161.769345
935.690054,233,4161.887352
676.692667,192,4161.991338
698.392131,201,4162.108814
673.714528,187,4162.236872
688.665964,190,4162.357965
671.671993,191,4162.464838
753.903562,214,4162.584574
783.376911,217,4162.710413
739.689808,199,4162.822784
699.86912,200,4162.93541
674.695301,191,4163.042959
699.736326,194,4163.152455
680.497607,189,4163.262118
697.816637,193,4163.370452
681.024221,188,4163.475683
664.505598,186,4163.58431
704.473784,204,4163.698868
672.594947,187,4163.804672
607.957118,173,4163.904806
685.118935,195,4164.014396
670.427472,187,4164.119009
663.376218,187,4164.223652
670.334118,190,4164.328638
615.098289,175,4164.423698
675.835717,192,4164.520169
692.629826,197,4164.618882
669.616834,188,4164.712332
669.03479,187,4164.806872
699.16581,201,4164.909113
808.921935,219,4165.031618
708.493421,204,4165.149894
717.174462,196,4165.264412
619.250371,176,4165.368453
621.031983,177,4165.471132
686.592693,196,4165.605002
698.705236,193,4165.739197
673.957262,188,4165.85305
608.258453,173,4165.965633
622.818783,178,4167.090433
1318.731011,275,4167.367612
673.962796,185,4167.539482
1471.30794,277,4167.760393
921.693145,237,4167.983643
1316.222266,284,4168.26285
1208.990737,253,4168.536229
1121.482657,270,4168.779971
658.913252,175,4168.957297
915.13831,210,4169.062738
665.851123,170,4169.147067
674.035872,169,4169.232621
653.242424,171,4169.317682
638.671416,169,4169.401785
654.539512,169,4169.485807
757.823567,190,4169.580371
628.665645,165,4169.662675
658.434835,169,4169.746687
630.186532,167,4169.831661
620.744341,167,4169.914706
654.542838,174,4170.000946
705.110131,181,4170.091697
612.54638,167,4170.17785
664.615618,169,4170.263708
620.61244,168,4170.34901
648.506883,172,4170.437281
930.58358,212,4170.542748
663.16754,173,4170.628422
655.684359,174,4170.719161
665.332894,173,4170.80956
621.242194,167,4170.897358
610.657381,165,4170.983881
635.21183,169,4171.070895
629.634395,167,4171.153852
654.716747,170,4171.238127
654.541095,173,4171.323636
644.515718,170,4171.407806
679.064742,170,4171.491836
695.346933,170,4171.576087
662.585326,168,4171.666977
646.909321,169,4171.765196
623.229644,168,4171.871076
645.276721,170,4171.972658
656.19938,174,4172.075273
755.426275,189,4172.174074
638.626941,169,4172.260833
648.115078,172,4172.346149
769.214513,192,4172.441622
638.366035,168,4172.52531
636.997595,167,4172.608778
685.586835,170,4172.6938
686.588643,171,4172.793136
647.597435,172,4172.891658
633.807592,169,4172.988881
657.479906,171,4173.086121
669.055111,172,4173.173451
872.630239,204,4173.274892
620.307546,168,4173.358318
584.330745,163,4174.288972
707.934254,204,4174.440852
1041.84373,294,4174.664467
1241.122929,282,4174.913623
1098.92658,252,4175.130314
1226.23964,289,4175.352964
1524.034866,290,4175.580592
890.50373,220,4175.753448
924.679501,226,4175.921627
988.608051,237,4176.039326
1009.146747,238,4176.160127
1000.459887,238,4176.280922
820.761939,215,4176.393754
728.358058,205,4176.503199
903.961431,224,4176.621139
705.787106,202,4176.727838
819.765347,215,4176.844023
716.26677,203,4176.961232
980.609917,236,4177.098957
798.200769,212,4177.21961
822.110738,217,4177.344288
738.148068,206,4177.464181
957.241134,233,4177.599319
708.601895,203,4177.714864
810.703114,215,4177.837549
713.609593,204,4177.953872
747.024001,207,4178.071722
940.712752,229,4178.203487
736.706876,206,4178.321543
989.073144,237,4178.456801
818.737741,216,4178.579531
801.962068,214,4178.696623
786.916345,211,4178.80393
711.761729,202,4178.905339
810.276468,213,4179.012714
960.889713,231,4179.129167
737.162122,206,4179.233722
726.72547,205,4179.33825
989.911261,235,4179.456731
1034.555054,242,4179.579784
704.391418,202,4179.681231
868.026405,219,4179.792188
985.401552,233,4179.91068
982.07314,236,4180.033755
725.90782,205,4180.153244
1011.468402,240,4180.294653
705.365808,201,4180.408353
737.645154,206,4180.525374
700.359008,201,4180.639373
703.769472,202,4180.755725
1019.283212,239,4180.89051
712.952681,203,4181.004643
754.243919,208,4181.121979
758.26702,208,4181.239113
952.035554,231,4181.378674
982.831255,236,4181.511726
726.707963,205,4181.627952
755.966341,208,4181.748593
1036.3645,242,4182.734082
1188.253293,243,4182.940871
1134.878371,272,4183.186878
1048.915977,234,4183.396606
682.854049,197,4183.568708
992.876205,221,4183.758266
993.25708,231,4183.950822
868.507841,213,4184.131001
1004.55277,271,4184.434934
1004.645129,267,4184.569345
1046.579396,266,4184.705303
1465.676758,312,4184.861929
1056.899413,281,4185.003261
1017.638204,276,4185.142038
1004.294879,271,4185.292728
1031.344853,266,4185.450283
1048.930446,278,4185.612087
1202.162902,292,4185.762702
1002.367843,270,4185.917315
1507.610267,316,4186.095778
1023.58325,265,4186.24602
1263.37352,298,4186.415918
1013.578719,265,4186.576958
989.394699,269,4186.753982
1058.768382,268,4186.928566
1012.667335,271,4187.086138
1015.169566,265,4187.23953
1098.388968,285,4187.404878
999.923311,274,4187.564521
1559.051566,324,4187.749884
1561.742904,324,4187.933174
987.788547,265,4188.083283
1016.426125,275,4188.239349
989.446179,268,4188.383813
1539.306044,319,4188.552116
1036.379676,280,4188.700588
1009.262016,271,4188.844868
1012.038406,265,4188.985246
1029.575684,265,4189.124992
1017.053171,267,4189.266113
997.396728,265,4189.408538
1021.627398,267,4189.549964
1021.429646,265,4189.690194
1036.811867,266,4189.834105
1560.18565,325,4190.000013
1030.89125,265,4190.132388
1046.734962,278,4190.271264
997.179705,270,4190.406317
995.663973,268,4190.541067
999.69079,265,4190.675156
1015.302696,269,4190.809698
996.343872,272,4190.945823
980.21677,267,4191.079035
1043.126633,266,4191.212846
992.073344,265,4191.347173
999.375975,270,4191.485257
1034.857964,266,4191.621069
1029.130521,277,4191.76447
1100.528952,273,4192.744791
1281.243582,286,4192.985973
600.926059,170,4193.122506
952.183761,228,4193.294474
879.859586,214,4193.454333
1037.447257,294,4193.704022
1053.394547,230,4193.911146
1091.764731,282,4194.149378
665.809037,174,4194.321273
667.754769,172,4194.418276
674.087865,174,4194.51602
678.4361,176,4194.616043
682.768975,174,4194.714255
731.992218,185,4194.819791
683.165697,177,4194.919993
1440.952905,275,4195.075538
707.909316,182,4195.179866
675.012212,176,4195.282361
709.155173,181,4195.380245
685.572326,176,4195.470633
688.365534,177,4195.563024
677.652687,173,4195.656034
1427.696111,275,4195.796862
687.150626,176,4195.886214
747.667442,189,4195.983815
651.646347,172,4196.070388
1089.760091,229,4196.197331
672.82743,177,4196.303636
1435.944421,274,4196.477793
681.597964,178,4196.591953
675.983064,174,4196.693728
662.970303,172,4196.788409
1547.266363,292,4196.939446
768.165966,191,4197.037356
692.05913,177,4197.132387
907.73646,208,4197.271008
685.508904,178,4197.390289
678.092863,178,4197.501911
1541.857967,284,4197.67031
1808.476907,311,4197.846777
652.514601,169,4197.942805
686.699757,175,4198.040974
726.442175,185,4198.145807
799.984544,196,4198.266959
658.895767,172,4198.378843
1556.538079,287,4198.564308
672.527917,174,4198.667085
674.53681,175,4198.764607
1103.687404,230,4198.88901
651.925083,169,4198.975655
764.68834,191,4199.082831
847.808123,204,4199.200542
1542.00506,290,4199.367583
642.920858,169,4199.456833
692.337302,179,4199.546737
879.627555,209,4199.651628
679.204895,173,4199.738016
856.684021,204,4199.840878
507.55047,152,4200.691417
1212.308964,290,4200.936328
1050.521493,266,4201.161643
1230.636404,257,4201.380933
828.317069,199,4201.550314
592.422305,188,4201.707204
1263.17827,254,4201.922517
777.211507,211,4202.09818
762.753283,205,4202.445671
1256.854346,305,4202.634012
679.356486,193,4202.739916
829.329064,231,4202.870564
788.382989,220,4202.990819
649.845762,193,4203.086813
712.522011,211,4203.19855
1020.649901,275,4203.343158
734.101865,216,4203.457866
796.919839,227,4203.576774
705.977459,208,4203.68459
651.293858,195,4203.786038
762.037401,203,4203.897304
1044.447046,275,4204.038742
645.692788,192,4204.136763
663.574376,191,4204.23661
682.053094,202,4204.354952
1040.456264,271,4204.500033
750.429267,218,4204.611183
686.256928,203,4204.712301
781.168391,205,4204.81831
1184.473826,294,4204.982945
645.546517,194,4205.083579
652.619458,196,4205.184138
641.194352,189,4205.291326
651.873009,198,4205.392785
708.324143,210,4205.511337
670.504723,201,4205.626161
690.729019,195,4205.735612
689.327261,205,4205.846739
656.794289,190,4205.949779
1029.691166,275,4206.097355
642.383215,191,4206.197955
820.03895,209,4206.307714
903.798004,241,4206.433677
639.42998,190,4206.530922
735.608586,214,4206.641264
697.111498,207,4206.758623
775.952909,205,4206.864909
764.04813,205,4206.972104
747.2497,217,4207.088065
650.975079,195,4207.190537
652.942834,198,4207.294331
654.943318,197,4207.397868
645.39663,193,4207.509257
645.382585,190,4207.60724
633.147834,181,4207.699954
780.82722,225,4207.815865
664.760616,197,4207.917967
683.61033,205,4208.022563
701.453999,205,4208.890731
1136.614212,264,4209.093724
1192.444843,282,4209.313182
1199.04829,308,4209.556631
1058.437607,266,4209.77669
1230.978075,268,4209.97871
1119.931324,260,4210.183325
653.420674,194,4210.32858
1122.220928,295,4210.495015
1113.188733,295,4210.651299
1264.864454,322,4210.819037
969.259688,279,4210.96295
1153.812005,307,4211.125276
1249.445442,322,4211.294559
1236.643195,317,4211.459866
959.384506,284,4211.608841
1017.381451,291,4211.762602
1257.283002,324,4211.927917
1247.049413,322,4212.089314
1114.856432,298,4212.23875
1027.067944,293,4212.385096
1123.084822,299,4212.535595
982.663321,280,4212.675658
962.242889,283,4212.817996
1122.914268,298,4212.975991
1332.8144,335,4213.166157
960.492199,279,4213.318739
995.90021,286,4213.46522
1239.761156,320,4213.629753
1119.083957,296,4213.780268
1120.578162,297,4213.929688
1260.470595,318,4214.089672
1121.589931,298,4214.239595
1008.643515,290,4214.389895
1111.567696,296,4214.54037
1245.659481,322,4214.701928
998.390458,289,4214.846691
965.647698,284,4214.990853
1243.04918,321,4215.15527
955.49548,284,4215.308146
1228.059207,318,4215.49233
1031.01396,294,4215.666771
1127.321929,300,4215.838505
1111.33172,297,4216.015028
1234.12342,320,4216.186691
975.393651,280,4216.335254
978.168785,285,4216.48244
1247.387267,321,4216.664214
1113.26419,297,4216.826067
1222.80265,315,4216.996768
1110.85182,297,4217.169612
1233.97122,317,4217.32997
1291.21347,341,4217.501716
1111.615471,297,4217.652043
963.19522,279,4217.834747
988.820897,286,4218.02863
1248.494474,322,4218.243428
1226.988003,318,4218.43416
1268.221519,323,4219.512792
1143.482064,258,4219.730811
1231.054126,270,4219.963186
1014.208643,234,4220.146283
1242.34563,251,4220.344192
1177.637881,256,4220.569816
1074.939272,241,4220.761783
567.971823,163,4221.033376
563.999737,162,4221.119558
564.640897,163,4221.201823
473.933829,146,4221.276166
556.448468,163,4221.358143
565.976702,162,4221.439534
572.275295,163,4221.52145
559.248677,160,4221.601774
477.536063,147,4221.675571
480.472654,148,4221.750419
454.775221,143,4221.822194
509.399042,154,4221.899644
565.086445,163,4221.981662
501.530056,152,4222.058056
491.862105,150,4222.13326
558.763494,161,4222.214118
479.926893,148,4222.295134
469.173621,145,4222.379961
566.910771,162,4222.475942
530.978848,157,4222.569258
556.298976,162,4222.665037
553.958878,160,4222.758487
499.316415,152,4222.847784
466.75731,145,4222.934332
563.798023,164,4223.031223
496.879125,152,4223.117079
566.376143,162,4223.198558
570.335363,162,4223.280077
571.565471,163,4223.3622
568.373353,163,4223.444185
557.428857,163,4223.526275
536.92377,160,4223.606714
552.787357,162,4223.688349
565.744938,162,4223.769892
554.499115,161,4223.851012
480.275376,148,4223.936898
562.970462,162,4224.033077
546.001475,161,4224.127945
556.305405,161,4224.222234
563.321255,161,4224.309802
546.596315,160,4224.391741
568.964269,163,4224.47518
572.763281,163,4224.558449
554.901029,163,4224.641983
557.783422,161,4224.724266
564.623448,162,4224.807013
531.285545,157,4224.887198
489.92003,150,4224.963907
544.186285,160,4225.045837
532.470262,160,4225.127778
375.951189,127,4225.91117
867.997219,213,4226.070525
1289.253172,245,4226.290763
1360.120001,262,4226.518384
692.674406,195,4226.664872
1340.848732,275,4226.872149
1756.440371,351,4227.140311
785.789768,194,4227.285024
1113.936228,291,4227.583132
988.505173,278,4227.724026
972.034271,278,4227.881934
846.353174,248,4228.028622
767.180523,232,4228.16552
773.438313,236,4228.285955
1152.085145,293,4228.434876
784.84331,239,4228.556068
1173.654909,303,4228.72496
979.836729,277,4228.906106
1116.403108,291,4229.097008
1170.886715,307,4229.271808
924.668306,270,4229.4246
949.519162,275,4229.580234
824.163599,245,4229.71894
854.333766,249,4229.860485
1171.856103,306,4230.033902
805.030267,242,4230.171012
1009.098579,267,4230.323997
825.87618,244,4230.464584
773.121773,235,4230.599816
1124.415352,293,4230.768858
873.494701,251,4230.908891
857.764801,250,4231.039259
825.176072,245,4231.162191
1039.79643,277,4231.300525
984.842995,277,4231.438982
787.735227,240,4231.559226
1167.610722,303,4231.71141
798.143069,235,4231.836359
922.384732,257,4231.97183
985.293785,279,4232.133135
777.49244,237,4232.272804
1078.883391,289,4232.441638
966.360939,278,4232.601273
996.659246,266,4232.734072
1140.21663,298,4232.883222
1174.769885,301,4233.03417
785.100073,239,4233.153598
896.526949,254,4233.280283
770.732308,234,4233.397346
1017.273771,280,4233.537615
983.2757,279,4233.677104
980.88719,278,4233.817181
937.804736,278,4233.958923
1077.206367,275,4234.099382
964.341581,277,4234.243724
772.0506,235,4234.38123
863.340679,250,4234.526565
1183.459867,299,4234.700496
1098.764742,286,4235.661316
893.241597,223,4235.830542
1037.841101,270,4236.041022
1308.349094,268,4236.241077
1164.028195,239,4236.424408
1325.89713,310,4236.7073
990.146822,266,4236.967863
652.225414,183,4237.140138
1673.35767,345,4237.359935
1517.084881,329,4237.540017
1574.530252,336,4237.736197
1646.105844,343,4237.93435
1614.620108,340,4238.13177
1651.910306,343,4238.316262
1292.339854,321,4238.481576
1343.240148,315,4238.639092
2100.507324,404,4238.840585
1478.924199,326,4239.003613
1493.647449,327,4239.166844
1503.996969,328,4239.330029
1319.672919,300,4239.485134
1579.040854,337,4239.661938
1589.464961,340,4239.84443
1535.151652,331,4240.031306
1583.12197,339,4240.222178
1629.005998,341,4240.411821
1556.383459,335,4240.613567
1684.816186,346,4240.824158
1716.954087,349,4241.027873
1506.116119,329,4241.221127
1664.008252,343,4241.418166
1574.108707,337,4241.61713
1600.543129,340,4241.811427
1586.194663,339,4242.011163
1585.129532,338,4242.219245
1491.060412,327,4242.414794
1597.642222,339,4242.611101
1674.873546,346,4242.80782
1417.157907,321,4243.019667
1706.758021,370,4243.267358
1611.347024,339,4243.461364
1629.0851,341,4243.65348
1760.40339,354,4243.873348
1557.530672,334,4244.088822
1604.150837,341,4244.278021
1568.371342,339,4244.451134
1488.520148,318,4244.609728
1634.189571,341,4244.786101
2357.049311,432,4245.001343
1241.163905,291,4245.146436
1572.400843,337,4245.313998
1565.185577,337,4245.48178
1682.193347,346,4245.656747
1656.880816,343,4245.869238
1567.926679,335,4246.093709
1601.821275,339,4246.29911
1417.059723,321,4246.505101
1560.287249,352,4246.721085
1413.123317,326,4247.773634
1321.544047,293,4248.019011
1133.399505,270,4248.256241
1362.125356,287,4248.576965
1221.091077,294,4248.886205
989.446587,216,4249.064787
1019.192112,261,4249.268134
981.870582,232,4249.522085
797.112928,212,4249.651058
1014.679499,241,4249.782247
1044.574161,246,4249.908932
766.731736,209,4250.013943
643.331497,190,4250.110221
662.186659,197,4250.214194
1014.176976,239,4250.342312
762.481004,208,4250.455034
721.348186,204,4250.566169
697.088988,204,4250.677232
1059.868878,247,4250.801327
1052.9572,252,4250.929532
691.527514,200,4251.032036
987.041423,235,4251.153981
1052.778346,248,4251.288577
976.253933,235,4251.415002
663.657698,197,4251.526837
1069.359368,250,4251.661231
956.595444,233,4251.783386
670.283829,198,4251.888174
979.992305,237,4252.02064
829.000469,215,4252.133049
1054.852508,249,4252.270073
900.611354,223,4252.38647
744.324284,206,4252.496436
774.808704,209,4252.609577
655.787337,193,4252.714115
966.078705,233,4252.838865
978.859721,235,4252.959266
663.289276,197,4253.064347
655.893066,194,4253.165495
996.313307,237,4253.284479
716.254685,204,4253.387915
1033.679945,243,4253.511059
947.319175,227,4253.629283
1059.320236,250,4253.76448
646.340349,191,4253.866474
1042.008711,245,4253.997392
656.589759,194,4254.103535
1067.022397,250,4254.236724
663.597202,197,4254.342342
752.233176,207,4254.446016
686.687291,200,4254.554188
731.89331,205,4254.670292
1062.608371,249,4254.815926
744.777572,206,4254.936599
920.405125,226,4255.066446
1055.55231,248,4255.207139
853.107365,218,4255.330024
685.457676,199,4256.277784
1173.613463,275,4256.507347
1156.109039,277,4256.727223
698.986492,195,4256.878237
717.610434,185,4257.017736
1052.012961,245,4257.202597
1410.411925,295,4257.428759
1064.894318,243,4257.610857
911.635585,228,4257.841238
1033.874546,242,4257.964682
930.266433,232,4258.083058
1058.474355,248,4258.209515
1024.254636,241,4258.332275
927.450546,230,4258.449615
1030.858886,243,4258.576002
1094.348624,253,4258.711923
987.378995,237,4258.836838
987.473409,238,4258.961864
937.513491,233,4259.084242
1047.382617,247,4259.21426
947.767484,234,4259.331098
1044.118621,247,4259.457328
918.957288,229,4259.572406
1021.570588,243,4259.693197
904.90824,227,4259.806513
939.430506,232,4259.927202
1008.168961,241,4260.054688
925.895513,230,4260.173803
966.818681,236,4260.292758
905.211072,227,4260.410075
1028.836835,245,4260.537824
1019.493762,242,4260.667374
1076.08037,250,4260.800211
917.590343,230,4260.921029
1019.736325,246,4261.050348
947.310073,232,4261.172407
1044.639647,246,4261.302763
1023.266423,242,4261.425937
1038.195457,244,4261.553922
1020.865048,243,4261.679654
1051.618965,246,4261.808918
1018.674408,243,4261.932505
1017.421266,245,4262.056507
1021.514638,241,4262.179565
1045.486726,247,4262.308076
1045.566498,246,4262.430871
1022.787719,243,4262.553154
929.901063,231,4262.672593
1041.644096,246,4262.798787
906.189125,227,4262.914756
1072.809946,250,4263.050588
927.945902,230,4263.175209
1029.12844,245,4263.30043
914.776192,228,4263.417007
913.208536,228,4263.536609
907.756863,228,4263.651751
1065.786999,249,4263.77622
1047.245986,247,4263.906845
1115.500373,267,4264.808905
1040.094991,249,4265.004585
952.85793,223,4265.179859
1457.719432,280,4265.399236
1072.937022,278,4265.62025
1176.636932,280,4265.831114
962.978078,222,4266.003694
996.549585,269,4266.336408
1871.915552,335,4266.50241
871.361771,263,4266.633314
1607.22253,310,4266.792292
1851.045663,334,4266.960893
908.224366,258,4267.089731
1129.384996,279,4267.235925
1201.332959,283,4267.386267
1789.019573,327,4267.553736
969.426043,268,4267.687918
1592.704153,310,4267.844377
1109.846051,277,4267.984964
1027.016544,274,4268.124027
1019.004113,271,4268.264097
971.790959,266,4268.398965
1798.930291,327,4268.569835
922.905266,261,4268.709349
1722.418538,323,4268.873828
949.264264,264,4269.01416
981.884722,265,4269.153997
919.801861,261,4269.29193
1029.186287,271,4269.436216
926.500684,263,4269.57808
1890.738852,337,4269.754496
1739.068482,324,4269.919871
1818.73511,332,4270.099333
1878.05261,335,4270.274092
1744.154754,324,4270.466272
1566.675946,309,4270.627728
907.649883,258,4270.777256
920.419623,262,4270.926549
1691.885412,318,4271.096229
1882.115322,335,4271.27381
913.72163,260,4271.411196
1737.709468,322,4271.581374
916.894207,260,4271.71423
915.99511,260,4271.844313
1159.580287,280,4271.983937
934.758921,265,4272.116595
1274.35178,286,4272.327924
1671.224021,315,4272.504595
1838.497744,335,4272.685192
982.874622,266,4272.833539
1300.303236,287,4272.998219
1038.014521,271,4273.154069
1648.844232,316,4273.340097
928.156107,263,4273.506344
1603.732402,311,4273.699278
1632.598748,313,4273.871767
1724.780613,322,4274.046386
1165.1152,229,4274.987572
997.059807,244,4275.16849
476.721211,155,4275.282285
1068.009211,259,4275.473061
2103.021317,379,4275.842052
1190.134131,270,4276.078631
1159.016917,258,4276.295538
692.247399,201,4276.46371
1141.516895,296,4276.725393
1289.220251,312,4276.928776
1114.922178,255,4277.092328
693.398383,184,4277.210423
925.951365,218,4277.348346
823.704277,202,4277.464049
1169.547072,305,4277.636594
974.252441,267,4277.777377
710.033749,192,4277.87475
715.223532,188,4277.968903
809.063019,204,4278.07183
1302.34091,285,4278.218586
999.006242,280,4278.360226
1165.118949,306,4278.514238
1475.986474,308,4278.668838
721.880735,196,4278.76662
991.064881,280,4278.918475
718.155514,194,4279.034892
936.887218,244,4279.178826
717.664973,191,4279.289645
709.2275,191,4279.385226
1012.055452,271,4279.521395
847.466574,208,4279.625283
974.691363,268,4279.770051
1013.97166,272,4279.912909
1212.899338,275,4280.062807
708.421568,190,4280.159431
1087.822701,298,4280.314868
1001.1143,273,4280.497658
3058.328864,439,4280.796202
1160.16928,300,4280.989959
1064.425814,279,4281.164758
1140.142483,303,4281.336214
796.887908,201,4281.448469
921.558764,217,4281.578872
913.742135,217,4281.705891
716.071172,191,4281.815224
1038.517147,274,4281.970801
1511.207377,311,4282.147056
1156.62071,325,4282.335281
1096.528398,246,4282.477038
998.761072,281,4282.638924
1008.982489,277,4282.792089
1504.190538,307,4282.9491
724.162816,192,4283.044638
1033.790468,273,4283.183488
1205.988877,272,4283.320264
801.121814,202,4283.421349
1145.869073,308,4283.576358
1007.996303,270,4283.711883
1020.882224,229,4284.635684
1159.345682,310,4284.892169
683.107455,191,4285.050133
1066.926306,261,4285.267666
1081.903304,278,4285.498558
654.142895,196,4285.660217
888.16587,212,4285.836068
673.859156,186,4285.992096
1211.181648,267,4286.315822
1292.173548,272,4286.463432
1747.672291,304,4286.649446
1276.174289,270,4286.799133
1328.810562,273,4286.944928
1140.955364,256,4287.084896
1314.026632,278,4287.253241
1216.464021,260,4287.409185
934.075817,216,4287.532335
1352.304938,275,4287.674739
1127.29555,234,4287.803448
831.971344,248,4287.972926
1266.828695,266,4288.131979
1067.921876,242,4288.290092
1249.873643,263,4288.457286
1303.836476,275,4288.609302
1129.087229,255,4288.749199
859.43207,248,4288.893107
1626.144702,295,4289.062921
1749.650659,303,4289.215017
1276.860326,270,4289.349629
996.039293,232,4289.465719
1295.433593,272,4289.61489
1052.243819,230,4289.737099
808.76409,245,4289.866762
1314.717989,272,4290.013361
1051.275384,235,4290.144328
1035.701833,229,4290.300502
1024.412002,230,4290.454862
1233.50462,262,4290.61253
1296.422243,275,4290.772892
1287.334666,268,4290.92636
1199.673373,257,4291.078228
1006.021537,235,4291.219028
1237.694748,263,4291.37111
1239.179798,262,4291.523664
1215.885371,258,4291.673571
1284.204813,268,4291.831004
1278.025966,270,4291.975527
826.409246,247,4292.111345
1290.577978,272,4292.250849
1312.234753,274,4292.399058
1022.841838,233,4292.520908
1299.970633,277,4292.660541
1307.590424,272,4292.797446
949.283059,228,4292.914986
1051.340771,226,4293.032145
1334.902902,277,4293.17398
1281.762594,274,4293.313383
1255.695736,270,4293.450641
722.490757,181,4294.283638
1214.289542,280,4294.52584
1182.420171,279,4294.768723
603.702983,176,4294.91422
896.288765,227,4295.103937
1369.577657,276,4295.33358
1075.257045,262,4295.551466
988.635544,263,4295.771207
1050.706205,285,4296.031881
892.613575,252,4296.170602
850.858738,244,4296.297223
789.924009,236,4296.418415
848.937193,245,4296.542938
822.706771,241,4296.666286
912.657255,256,4296.794269
798.969584,237,4296.912486
764.465173,229,4297.027843
842.245777,244,4297.1494
787.759586,235,4297.266804
800.854671,239,4297.387746
891.113199,250,4297.512773
1077.241487,289,4297.657038
828.370333,241,4297.787742
825.786499,244,4297.933222
778.740763,233,4298.066304
798.685873,237,4298.203489
1198.069995,306,4298.381794
1078.496736,276,4298.544919
778.512089,233,4298.680077
782.727755,234,4298.815669
813.091343,240,4298.959293
782.671793,235,4299.095866
1023.353459,271,4299.252827
925.307847,258,4299.400037
902.889983,255,4299.547451
1075.29714,289,4299.703451
808.223922,238,4299.824367
1089.939335,274,4299.980877
792.749264,237,4300.122427
850.448979,244,4300.265053
850.484883,244,4300.395912
790.627712,236,4300.516297
1156.94813,299,4300.672358
781.620746,235,4300.793181
1050.26453,284,4300.940233
1058.198579,269,4301.075995
1023.260742,272,4301.21394
785.490071,235,4301.344536
801.565214,238,4301.480972
1107.103727,274,4301.630939
803.900619,239,4301.763005
1046.125972,277,4301.904158
1056.833146,277,4302.047936
811.824517,239,4302.169702
809.982762,239,4302.300181
1092.751647,274,4302.448778
882.120006,251,4302.587413
1071.675266,276,4302.730611
890.31496,247,4303.763769
1369.360975,263,4304.008288
1396.981148,303,4304.262921
1310.249386,285,4304.500233
1160.164525,248,4304.716487
722.449827,196,4304.891491
1031.874203,236,4305.101101
704.139937,187,4305.26102
886.24462,240,4305.48433
791.706983,228,4305.613652
796.791984,228,4305.742935
799.827794,229,4305.872348
1035.383059,259,4306.019515
946.829827,248,4306.159075
947.499524,247,4306.298088
1016.762826,274,4306.452964
780.473634,226,4306.589906
984.82429,254,4306.731338
848.70699,234,4306.859777
989.468704,254,4306.986541
1009.141257,255,4307.128424
801.123622,229,4307.249256
819.212441,230,4307.380215
887.539095,239,4307.543616
841.149762,234,4307.673647
866.556451,237,4307.808151
847.059579,235,4307.936339
866.353329,237,4308.05556
1205.899131,293,4308.204953
920.845222,244,4308.32818
849.131433,234,4308.463031
809.417637,230,4308.598238
927.411278,245,4308.739302
853.269765,236,4308.868176
841.96433,235,4309.000694
907.152523,242,4309.123157
868.807616,238,4309.242309
969.101113,250,4309.366978
838.804571,234,4309.483796
936.739794,246,4309.615159
851.659351,235,4309.750319
799.833783,229,4309.865586
1038.594544,259,4310.009663
1037.624865,263,4310.163342
904.568289,242,4310.293521
1167.99769,293,4310.446709
837.766156,233,4310.566617
839.908857,233,4310.689776
806.016908,228,4310.811454
898.396347,242,4310.939464
909.708378,243,4311.067666
1001.012148,255,4311.202554
848.272699,236,4311.327224
850.184641,235,4311.451647
969.366776,252,4311.580842
920.664385,245,4311.716096
829.626052,232,4311.848593
827.213911,231,4311.98052
1081.540689,278,4312.937068
1039.922018,293,4313.1532
1137.972211,270,4313.352504
1039.492715,248,4313.535732
628.881136,181,4313.668496
1208.314565,281,4313.875432
1580.389103,333,4314.147707
857.946197,210,4314.391044
711.615421,185,4314.48471
681.42439,179,4314.580998
730.027769,189,4314.680086
672.614075,177,4314.769837
901.292518,215,4314.889905
676.622735,178,4314.988183
681.250431,179,4315.089055
664.377373,176,4315.188331
847.589168,207,4315.293388
665.811327,177,4315.392727
674.082307,175,4315.493216
780.151772,199,4315.607934
750.952497,192,4315.726007
1243.64297,251,4315.866964
678.514713,178,4315.96927
703.15504,184,4316.060455
1093.677451,232,4316.185336
670.677728,177,4316.285755
675.435944,179,4316.374492
884.878235,212,4316.505164
689.058918,181,4316.605834
942.591443,218,4316.73371
869.779487,211,4316.867728
696.668563,183,4316.992877
738.418562,189,4317.1256
727.980239,188,4317.247602
678.589584,177,4317.353648
724.914366,188,4317.476525
655.28363,175,4317.597216
666.555122,177,4317.714585
1303.646478,254,4317.880605
1098.96886,247,4318.01442
730.981899,188,4318.125001
675.273112,178,4318.231252
675.19651,178,4318.33551
665.757865,176,4318.450888
666.054227,175,4318.557242
676.110789,178,4318.657363
661.950677,174,4318.75554
681.629029,178,4318.856072
759.461856,194,4318.96596
1202.432766,245,4319.107451
797.835802,202,4319.235229
678.854586,176,4319.34873
663.189895,175,4319.458426
702.043284,183,4319.573395
684.21191,179,4319.684716
773.33089,197,4319.800146
663.056758,174,4319.887931
749.94189,191,4320.746681
693.277085,199,4320.893982
1270.953051,265,4321.090718
1028.780915,243,4321.273104
1445.913464,351,4321.534401
1070.998423,272,4321.737426
2238.99572,375,4322.068384
1730.845369,343,4322.414848
1836.70098,360,4322.624118
688.420095,196,4322.737387
1275.897464,302,4322.913312
672.365504,194,4323.025533
649.73439,189,4323.134107
1224.66715,276,4323.296446
935.139786,226,4323.446646
1643.330652,334,4323.658727
1634.891155,335,4323.861574
1131.078744,262,4324.019164
990.543197,233,4324.157721
1395.198645,336,4324.342183
1326.247519,308,4324.501042
1275.76759,303,4324.653069
1594.944231,323,4324.816149
672.291055,194,4324.913158
1540.024869,320,4325.074022
1335.545839,292,4325.222628
1574.280713,336,4325.421165
1353.759694,311,4325.607496
1492.80536,332,4325.80261
1525.526517,314,4325.987463
1113.772072,258,4326.138753
1640.723839,336,4326.320114
1234.728917,279,4326.460958
1800.165339,353,4326.645136
1752.153219,359,4326.835082
763.893425,209,4326.941185
1522.61553,324,4327.127232
1500.683229,334,4327.303249
1576.0451,350,4327.48094
1266.435172,301,4327.635181
1222.382309,297,4327.804834
992.588354,235,4327.944345
1804.426533,350,4328.1389
1266.081932,284,4328.308883
1504.747255,341,4328.512711
1331.13604,308,4328.66933
1481.819317,312,4328.825498
1428.671265,302,4328.977661
1833.107702,356,4329.167673
1587.150697,330,4329.360509
1621.766571,326,4329.5473
1288.502511,303,4329.701521
1234.530017,278,4329.841548
1814.743749,352,4330.019246
766.309424,209,4330.127579
648.617988,190,4330.224709
1590.344175,341,4330.403523
1155.572065,269,4331.445863
1052.173907,230,4331.637408
714.611607,197,4331.800592
1066.159765,257,4332.014846
1029.635911,264,4332.231993
935.867534,230,4332.408205
757.515569,210,4332.562514
1091.510307,269,4332.762655
1155.73644,262,4333.000629
1239.960267,270,4333.135329
1189.828182,266,4333.26992
1519.677118,295,4333.418553
1083.537016,258,4333.549321
932.57497,242,4333.672007
1136.384356,263,4333.80607
1070.458738,257,4333.936098
1655.533074,307,4334.092275
1109.085186,258,4334.222064
991.873009,248,4334.346031
1486.602933,293,4334.494877
1631.837043,304,4334.648663
932.990141,240,4334.777358
1593.829572,302,4334.949841
920.530071,241,4335.086837
1524.97567,301,4335.260611
1065.916865,256,4335.406326
1370.872307,283,4335.590041
1020.491908,252,4335.748666
1251.158697,272,4335.920728
1177.184774,264,4336.087563
1614.958047,304,4336.280467
1452.50779,290,4336.465199
1052.381839,256,4336.627232
1525.212797,296,4336.814987
1373.143087,281,4336.980478
1092.049681,257,4337.129206
1188.978201,265,4337.282186
1288.536475,276,4337.460045
1124.61997,259,4337.613799
1012.655999,255,4337.782519
1627.554388,305,4337.98165
1566.091061,299,4338.17172
1200.001954,267,4338.323698
1257.078686,273,4338.47852
1112.17606,260,4338.62559
1013.60983,252,4338.777006
1609.938503,306,4338.964521
1204.094367,268,4339.129909
1443.813293,290,4339.287913
1632.000888,303,4339.442282
980.41616,248,4339.567245
1434.668176,286,4339.728884
1132.872268,261,4339.884003
1620.884572,309,4340.058455
1499.610255,296,4340.216064
1601.792617,302,4340.401022
990.240417,252,4340.545296
1578.500589,301,4340.728593
934.365084,236,4341.788392
1132.97977,263,4342.004307
1461.3554,267,4342.203501
1131.555692,249,4342.388203
734.659832,204,4342.540314
924.321102,242,4342.719112
871.7872,225,4342.884924
640.622659,184,4343.022528
878.67348,228,4343.284796
869.682063,226,4343.398199
861.950929,226,4343.517797
862.265251,226,4343.651668
1166.758655,263,4343.789912
881.434042,228,4343.904102
879.349805,228,4344.018381
894.164265,230,4344.139625
926.865023,234,4344.275495
1176.645575,267,4344.414626
860.253567,226,4344.52771
1164.037609,263,4344.659199
1172.530783,265,4344.793318
893.894856,229,4344.908811
905.386208,231,4345.024296
849.267458,224,4345.136219
858.829118,226,4345.249103
1170.07027,265,4345.382503
837.472954,223,4345.493889
859.602794,225,4345.606156
869.85464,227,4345.721264
1171.20925,265,4345.856085
1165.124339,263,4345.98875
860.32807,226,4346.104053
1162.778126,263,4346.240686
913.0592,232,4346.376919
1154.66863,261,4346.51577
850.468278,225,4346.646158
949.567304,236,4346.765114
1171.270215,266,4346.898067
841.58535,224,4347.009839
871.105134,227,4347.123023
1137.194635,259,4347.262853
1128.015289,257,4347.410106
858.611865,226,4347.53262
860.856142,226,4347.656612
1136.028816,259,4347.78866
893.992213,230,4347.904689
870.03712,227,4348.017897
1139.634648,259,4348.149874
1076.845549,252,4348.280898
893.692086,230,4348.402331
846.711057,224,4348.5179
1160.27482,263,4348.651831
1152.472379,263,4348.786661
1190.034513,269,4348.922852
868.079637,227,4349.036626
879.391629,228,4349.157659
947.425177,236,4349.290468
889.078452,229,4349.407199
905.539123,231,4350.38873
997.040053,264,4350.637499
629.862115,189,4350.794415
1113.956498,261,4351.015477
744.262006,210,4351.189758
658.763553,173,4351.333242
1664.720295,338,4351.597871
1241.480841,268,4351.804146
994.016534,241,4352.021764
793.030372,222,4352.13832
811.099587,223,4352.268765
781.70603,221,4352.418343
720.896286,210,4352.544906
758.430392,216,4352.653603
735.044653,211,4352.759179
789.271507,221,4352.869947
1077.008435,254,4352.998609
755.351078,216,4353.106872
926.591482,235,4353.2244
718.078667,209,4353.328899
765.129772,218,4353.438673
717.870137,209,4353.543538
874.668846,230,4353.659849
776.321242,220,4353.770219
1054.774909,250,4353.89572
765.93069,218,4354.00748
775.936386,219,4354.1196
793.394176,222,4354.232952
750.621576,215,4354.340925
748.219311,214,4354.448205
762.386175,217,4354.556936
738.802302,212,4354.663722
755.107347,216,4354.772784
789.60883,222,4354.884076
766.888724,218,4354.993397
877.530356,230,4355.108541
798.015314,222,4355.21967
721.122692,210,4355.329306
774.708912,219,4355.457577
740.841398,213,4355.582051
754.989153,216,4355.708048
1077.823822,254,4355.856988
745.415756,214,4355.987306
811.617633,224,4356.121851
770.288674,219,4356.252529
741.110492,213,4356.382242
746.909538,215,4356.508822
783.252683,221,4356.637871
981.778758,240,4356.779671
760.473549,216,4356.899432
722.656334,210,4357.005407
1017.630179,244,4357.142853
1164.948618,262,4357.297674
754.255039,215,4357.447507
731.153026,212,4357.57457
761.832675,217,4357.710434
922.25132,234,4357.855281
1063.552612,251,4358.00052
720.742838,209,4358.973378
1053.052409,238,4359.203806
1030.345076,250,4359.417869
732.435176,196,4359.583285
1039.483148,235,4359.778674
538.869071,157,4359.908149
893.29321,230,4360.124115
2662.473642,480,4360.582177
1373.873415,306,4360.816081
1485.036407,302,4360.987713
1459.04805,300,4361.157607
1289.977872,288,4361.320881
1420.867676,296,4361.490443
1355.418835,299,4361.660736
1403.206241,300,4361.84166
1358.954179,302,4362.051528
1472.634872,301,4362.23471
1465.121764,299,4362.418578
1455.919623,300,4362.606349
1438.279509,297,4362.816716
1348.15598,306,4363.006684
1314.511824,289,4363.172098
1305.783234,288,4363.350869
1241.249812,281,4363.51691
1284.986705,298,4363.685948
1381.632329,303,4363.868976
1445.784797,298,4364.053869
1364.396045,305,4364.239349
1383.102332,304,4364.420074
1459.32246,298,4364.650753
1356.721132,300,4364.86776
1400.720855,295,4365.081507
1440.134968,297,4365.265041
1399.16914,295,4365.4435
1373.360206,305,4365.620931
1343.221616,290,4365.78559
1425.876371,298,4365.952634
1438.675047,304,4366.130363
1317.766375,288,4366.293448
1437.016013,305,4366.475338
1465.447505,300,4366.661238
1360.952706,301,4366.829998
1426.969681,306,4366.999036
1234.029458,281,4367.160069
1346.574963,293,4367.326539
1413.116351,315,4367.50132
1460.803274,300,4367.667292
1427.901702,304,4367.838221
1366.240868,301,4368.004455
1374.995017,307,4368.16821
1439.022272,298,4368.319012
1374.420801,302,4368.482877
1343.423485,293,4368.629204
1318.936401,300,4368.792883
1458.186373,299,4368.942
1433.172746,297,4369.097744
1463.493414,299,4369.25335
1408.571131,305,4369.405242
1467.541951,306,4370.447239
996.71449,246,4370.653607
1071.055395,246,4370.869114
670.455556,171,4371.02186
1113.464955,268,4371.244967
729.051333,204,4371.421664
1218.690919,264,4371.649384
949.991573,227,4371.820814
1506.766927,300,4372.069653
1329.817934,282,4372.210732
1464.662048,295,4372.378848
1528.431661,308,4372.536839
1503.58854,299,4372.68571
1536.238986,305,4372.837761
1577.888142,314,4372.994437
1532.130405,306,4373.14687
1327.418033,283,4373.304342
299.730635,139,4373.384409
1549.966155,313,4373.542608
1463.401581,295,4373.689518
1455.464645,295,4373.836231
1479.014282,297,4373.986547
294.008712,137,4374.056603
1488.264022,300,4374.209142
1536.921127,312,4374.367903
1530.852462,308,4374.523026
1610.761217,320,4374.682495
1561.683452,309,4374.852528
1487.097609,301,4375.007077
1452.422115,293,4375.179339
1657.297149,313,4375.36078
297.795838,138,4375.435404
1672.485646,325,4375.597516
1538.888934,305,4375.749585
299.971723,139,4375.819027
1476.2406,296,4375.9672
1426.194541,290,4376.11504
1539.080441,310,4376.272767
1678.254713,323,4376.437138
1558.603915,302,4376.590831
1523.086981,299,4376.742795
1607.718849,319,4376.903189
296.440298,138,4376.972203
1497.704074,299,4377.131313
1750.585937,329,4377.321339
1529.217643,302,4377.493791
1688.508924,326,4377.657437
1493.481178,299,4377.806073
1625.194642,307,4377.959781
1577.589553,305,4378.122412
297.508345,138,4378.200109
1547.248679,306,4378.374666
1594.172835,308,4378.558882
1505.80653,302,4378.71329
1600.741847,316,4378.891692
1522.35976,310,4379.082844
1520.366275,306,4379.262373
1300.779256,280,4379.409365
1487.786772,301,4380.387429
617.879627,181,4380.52168
1458.280174,344,4380.811273
593.79581,179,4380.967588
839.003371,217,4381.13434
1123.711849,251,4381.353993
1304.419724,302,4381.595696
623.934362,186,4381.733409
1210.267534,284,4381.962307
1193.920786,278,4382.117033
1173.994212,275,4382.262007
756.808073,218,4382.376742
1022.37771,245,4382.50604
1218.642648,283,4382.655263
771.66208,220,4382.771507
1042.788276,250,4382.903293
1037.029042,250,4383.034989
1042.25076,249,4383.163221
1112.833814,265,4383.295117
782.825778,222,4383.411782
742.089276,217,4383.528325
1079.167228,262,4383.689839
1045.128062,251,4383.837219
820.029451,225,4383.966551
761.340784,219,4384.076073
1044.513773,270,4384.210895
1043.200376,248,4384.33875
1096.061651,261,4384.475708
746.86696,217,4384.589995
1057.780691,256,4384.720363
1008.185162,242,4384.842109
1035.546121,248,4384.966009
1028.925128,247,4385.090151
1201.889251,280,4385.234231
1034.95808,248,4385.361062
1212.981385,283,4385.505743
1052.106965,250,4385.633377
757.308487,218,4385.748419
759.942222,218,4385.865909
750.904615,218,4385.983405
812.60057,224,4386.103686
1040.011687,249,4386.228852
1394.753878,300,4386.382357
749.017681,217,4386.496611
1041.387911,249,4386.627652
1309.132964,294,4386.780423
1032.538739,246,4386.903385
1095.637146,268,4387.036772
1225.420739,286,4387.179404
768.622248,219,4387.291202
821.491895,225,4387.409804
1219.291081,287,4387.561019
750.369088,218,4387.678168
913.382777,236,4387.804261
1107.40529,262,4387.937646
1054.022732,254,4388.082272
1006.301749,242,4388.222784
1182.027407,281,4388.378925
1053.559743,272,4389.256336
835.115025,224,4389.421119
1081.421559,243,4389.604968
590.703943,172,4389.73068
1562.03754,286,4389.940626
1172.9883,251,4390.124183
1183.514429,267,4390.320238
689.539259,192,4390.461202
981.251607,238,4390.695628
1005.326026,240,4390.81566
981.198261,238,4390.934399
1072.222226,249,4391.05877
1115.477646,258,4391.187615
1102.291554,256,4391.316185
1080.005605,252,4391.444554
1046.260069,245,4391.569009
1083.375247,253,4391.697695
1028.995879,243,4391.822153
1075.009501,251,4391.949982
1070.191063,249,4392.07667
1037.110406,244,4392.2006
1083.743349,253,4392.329322
1059.446607,248,4392.455439
1084.523848,254,4392.584495
1047.542508,245,4392.709181
1010.198273,242,4392.832191
1037.437368,243,4392.95586
1075.303339,252,4393.084123
1036.084552,243,4393.207814
959.379485,236,4393.327647
1060.588977,249,4393.454676
1073.309543,252,4393.583084
1092.506876,253,4393.711766
1048.158522,247,4393.837511
1058.621894,248,4393.963674
1105.535595,257,4394.094427
1060.226964,247,4394.219725
1063.382431,250,4394.346871
1025.97435,242,4394.469855
1072.237456,251,4394.597451
1073.276324,251,4394.72512
1059.616136,246,4394.850144
1068.680784,249,4394.976954
1006.479121,240,4395.114117
1049.708689,246,4395.255449
1059.033356,247,4395.398362
1101.359391,255,4395.525499
1072.194126,251,4395.650239
1062.318884,249,4395.774301
1020.357288,242,4395.910549
1052.165299,245,4396.049283
1090.297805,255,4396.193517
1020.738942,242,4396.330277
993.589339,239,4396.465563
1081.159239,253,4396.611277
1029.541647,243,4396.752926
956.89176,238,4396.891096
1040.816777,245,4397.032807
